part_id,cont_id,cnt_age_exact,cnt_age_est_min,cnt_age_est_max,cnt_gender,cnt_home,cnt_work,cnt_school,cnt_transport,cnt_leisure,cnt_otherplace,frequency_multi,phys_contact,duration_multi
3377,337701,54.0,54.0,,M,True,False,False,False,False,False,1.0,1.0,5.0
3377,337702,17.0,17.0,,M,True,False,False,False,False,False,1.0,1.0,5.0
3377,337703,20.0,20.0,,F,True,False,False,False,False,False,1.0,1.0,5.0
3377,337704,47.0,47.0,,F,False,True,False,False,False,False,1.0,1.0,5.0
3377,337705,42.0,42.0,,F,False,True,False,False,False,False,1.0,2.0,5.0
3377,337706,47.0,45.0,50.0,F,False,True,False,False,False,False,1.0,1.0,3.0
3377,337707,47.0,45.0,50.0,F,False,True,False,False,False,False,1.0,2.0,3.0
3377,337708,39.0,39.0,,F,False,True,False,False,False,False,2.0,1.0,4.0
3377,337709,22.0,20.0,25.0,F,False,True,False,False,False,False,1.0,1.0,4.0
3377,337710,22.0,20.0,25.0,F,False,True,False,False,False,False,1.0,1.0,4.0
3377,337711,3.0,3.0,,F,False,True,False,False,False,False,1.0,1.0,4.0
3377,337712,3.0,3.0,,F,False,True,False,False,False,False,1.0,1.0,4.0
3377,337713,3.0,3.0,,F,False,True,False,False,False,False,1.0,1.0,4.0
3377,337714,3.0,3.0,,F,False,True,False,False,False,False,1.0,1.0,4.0
3377,337715,3.0,3.0,,F,False,True,False,False,False,False,1.0,1.0,4.0
3377,337716,3.0,3.0,,F,False,True,False,False,False,False,1.0,1.0,4.0
3377,337717,3.0,3.0,,M,False,True,False,False,False,False,1.0,1.0,4.0
3377,337718,3.0,3.0,,M,False,True,False,False,False,False,1.0,1.0,4.0
3377,337719,3.0,3.0,,M,False,True,False,False,False,False,1.0,1.0,4.0
3377,337720,3.0,3.0,,M,False,True,False,False,False,False,1.0,1.0,4.0
3377,337721,3.0,3.0,,M,False,True,False,False,False,False,1.0,1.0,4.0
3377,337722,3.0,3.0,,F,False,True,False,False,False,False,1.0,1.0,4.0
3377,337723,3.0,3.0,,M,False,True,False,False,False,False,1.0,1.0,4.0
3377,337724,3.0,3.0,,M,False,True,False,False,False,False,1.0,1.0,4.0
3377,337725,3.0,3.0,,M,False,True,False,False,False,False,1.0,1.0,4.0
3377,337726,2.0,2.0,,F,False,True,False,False,False,False,1.0,1.0,4.0
3377,337727,13.0,13.0,,F,False,True,False,False,False,False,2.0,2.0,3.0
3377,337728,42.0,40.0,45.0,F,False,True,False,False,False,False,2.0,1.0,4.0
3377,337729,42.0,40.0,45.0,F,False,True,False,False,False,False,2.0,1.0,4.0
3377,337730,42.0,40.0,45.0,F,False,True,False,False,False,False,2.0,1.0,4.0
3377,337731,4.0,4.0,,F,False,True,False,False,False,False,2.0,1.0,4.0
3377,337732,9.0,9.0,,F,False,True,False,False,False,False,2.0,1.0,4.0
3377,337733,9.0,9.0,,F,False,True,False,False,False,False,2.0,1.0,4.0
3377,337734,22.0,22.0,,F,False,True,False,False,False,False,2.0,2.0,
3377,337735,50.0,50.0,,M,False,False,False,False,False,True,3.0,2.0,1.0
3377,337736,30.0,30.0,,F,False,False,False,False,False,True,5.0,2.0,1.0
3377,337737,32.0,30.0,35.0,F,False,False,False,False,False,True,5.0,2.0,1.0
3377,337738,32.0,30.0,35.0,F,False,True,False,False,False,False,,,2.0
3377,337739,22.0,20.0,25.0,F,False,True,False,False,False,False,2.0,1.0,3.0
3377,337740,22.0,20.0,25.0,F,False,True,False,False,False,False,,2.0,3.0
3377,337741,22.0,20.0,25.0,F,False,True,False,False,False,False,2.0,2.0,2.0
3377,337742,22.0,20.0,25.0,F,False,True,False,False,False,False,2.0,2.0,1.0
3377,337743,45.0,40.0,50.0,F,True,False,False,False,False,False,2.0,,
3377,337744,10.0,10.0,,F,False,True,False,False,False,False,2.0,1.0,4.0
4517,451701,4.0,4.0,,M,False,False,True,False,False,False,1.0,1.0,4.0
4517,451702,40.0,40.0,,F,False,False,False,False,False,True,2.0,2.0,2.0
4517,451703,31.0,31.0,,F,True,False,False,False,False,False,1.0,1.0,5.0
4517,451704,52.0,50.0,55.0,F,False,False,False,False,False,True,2.0,2.0,2.0
4517,451705,29.0,29.0,,M,True,False,False,False,False,False,1.0,1.0,4.0
4517,451706,59.0,59.0,,M,False,False,False,False,False,True,2.0,1.0,5.0
4517,451707,57.0,57.0,,F,False,False,False,False,False,True,2.0,1.0,5.0
4517,451708,4.0,4.0,,M,False,False,True,False,False,False,1.0,1.0,4.0
4517,451709,5.0,5.0,,F,False,False,True,False,False,False,1.0,1.0,4.0
4517,451710,5.0,5.0,,F,False,False,True,False,False,False,1.0,1.0,4.0
4517,451711,52.0,50.0,55.0,F,False,False,True,False,False,False,1.0,1.0,4.0
4517,451712,7.0,7.0,,M,True,False,False,False,False,False,1.0,1.0,5.0
4517,451713,4.0,4.0,,F,False,False,True,False,False,False,1.0,1.0,4.0
4517,451714,5.0,5.0,,M,False,False,True,False,False,False,1.0,1.0,4.0
4518,451801,5.0,5.0,,F,False,False,True,False,False,False,1.0,1.0,4.0
4518,451802,27.0,25.0,30.0,F,False,False,False,False,True,False,2.0,2.0,3.0
4518,451803,5.0,5.0,,F,False,False,False,False,True,False,2.0,1.0,3.0
4518,451804,27.0,25.0,30.0,F,False,False,False,False,False,True,2.0,2.0,1.0
4518,451805,31.0,28.0,35.0,F,False,False,False,False,True,False,2.0,2.0,1.0
4518,451806,4.0,4.0,,F,False,False,True,False,False,False,1.0,1.0,4.0
4518,451807,30.0,30.0,,M,True,False,False,False,False,False,1.0,1.0,5.0
4518,451808,5.0,5.0,,F,False,False,True,False,False,False,1.0,1.0,4.0
4518,451809,1.0,1.0,,M,True,False,False,False,False,False,1.0,1.0,5.0
4518,451810,30.0,30.0,,F,True,False,False,False,False,False,1.0,1.0,5.0
4518,451811,42.0,40.0,45.0,F,False,False,True,False,False,False,1.0,1.0,4.0
4519,451901,2.0,2.0,,M,True,False,False,False,False,False,1.0,1.0,4.0
4519,451902,32.0,32.0,,F,True,False,False,False,False,False,1.0,2.0,4.0
4519,451903,7.0,7.0,,M,True,False,False,False,False,False,1.0,1.0,4.0
4519,451904,6.0,6.0,7.0,F,False,False,True,False,False,False,1.0,2.0,5.0
4519,451905,6.0,6.0,7.0,F,False,False,True,False,False,False,1.0,2.0,5.0
4519,451906,6.0,6.0,7.0,F,False,False,True,False,False,False,1.0,2.0,5.0
4519,451907,28.0,28.0,,F,True,False,False,False,False,False,1.0,1.0,5.0
4519,451908,31.0,31.0,,M,True,False,False,False,False,False,1.0,1.0,5.0
4520,452001,33.0,33.0,,F,True,False,False,False,False,False,1.0,1.0,5.0
4520,452002,18.0,18.0,,F,True,False,False,False,False,False,1.0,1.0,3.0
4520,452003,48.0,48.0,,F,True,False,False,False,False,False,1.0,1.0,3.0
4520,452004,50.0,50.0,,M,True,False,False,False,False,False,1.0,1.0,3.0
4520,452005,7.0,7.0,,M,True,False,False,False,False,False,1.0,1.0,3.0
4520,452006,20.0,20.0,,F,False,False,False,False,False,True,3.0,2.0,1.0
4521,452101,1.0,1.0,,F,True,False,False,False,False,False,1.0,1.0,5.0
4521,452102,54.0,54.0,,F,True,False,False,False,False,False,2.0,1.0,4.0
4521,452103,25.0,25.0,,F,True,False,False,False,False,False,1.0,1.0,5.0
4521,452104,55.0,55.0,,M,True,False,False,False,False,False,2.0,1.0,4.0
4521,452105,30.0,30.0,,M,True,False,False,False,False,False,1.0,1.0,5.0
4522,452201,31.0,31.0,,M,True,False,False,False,False,False,1.0,1.0,5.0
4522,452202,59.0,59.0,,F,False,False,False,False,False,True,2.0,1.0,4.0
4522,452203,39.0,39.0,,F,False,False,False,False,False,True,2.0,1.0,4.0
4522,452204,31.0,31.0,,F,False,False,False,False,False,True,1.0,1.0,5.0
4522,452205,19.0,19.0,,F,False,False,False,False,True,False,2.0,1.0,1.0
4522,452206,4.0,4.0,,M,True,False,False,False,False,False,1.0,1.0,3.0
4523,452301,31.0,31.0,,F,True,False,False,False,False,False,1.0,1.0,5.0
4523,452302,11.0,11.0,,M,False,False,False,False,False,True,3.0,1.0,4.0
4523,452303,13.0,13.0,,F,False,False,False,False,False,True,3.0,1.0,4.0
4523,452304,40.0,40.0,,F,False,False,False,False,False,True,3.0,1.0,4.0
4523,452305,35.0,35.0,,M,True,False,False,False,False,False,1.0,1.0,5.0
4523,452306,4.0,4.0,,F,True,False,False,False,False,False,1.0,1.0,5.0
4523,452307,9.0,9.0,,M,True,False,False,False,False,True,1.0,1.0,5.0
4523,452308,39.0,39.0,,M,False,False,False,False,False,True,3.0,1.0,4.0
4524,452401,62.0,62.0,,F,True,False,False,False,False,False,1.0,1.0,5.0
4524,452402,37.0,37.0,,F,True,False,False,False,False,False,1.0,1.0,5.0
4524,452403,6.0,6.0,,F,False,False,True,False,False,False,1.0,2.0,4.0
4524,452404,6.0,6.0,,F,False,False,True,False,False,False,1.0,2.0,4.0
4524,452405,67.0,67.0,,M,True,False,False,False,False,False,1.0,1.0,5.0
4524,452406,7.0,7.0,,F,False,False,True,False,False,False,1.0,1.0,4.0
4524,452407,7.0,7.0,,F,False,False,True,False,False,False,1.0,1.0,4.0
4524,452408,4.0,4.0,,F,True,False,False,False,False,False,1.0,1.0,5.0
4524,452409,40.0,40.0,,M,True,False,False,False,False,False,1.0,1.0,5.0
4524,452410,7.0,7.0,,F,False,False,True,False,False,False,1.0,1.0,4.0
4524,452411,7.0,7.0,,F,False,False,True,False,False,False,1.0,1.0,4.0
4525,452501,3.0,2.0,4.0,M,False,False,True,False,False,False,1.0,1.0,4.0
4525,452502,3.0,2.0,4.0,M,False,False,True,False,False,False,1.0,1.0,4.0
4525,452503,3.0,2.0,4.0,M,False,False,True,False,False,False,1.0,1.0,4.0
4525,452504,3.0,2.0,4.0,F,False,False,True,False,False,False,1.0,1.0,4.0
4525,452505,3.0,2.0,4.0,F,False,False,True,False,False,False,1.0,1.0,4.0
4525,452506,3.0,2.0,4.0,F,False,False,True,False,False,False,1.0,1.0,4.0
4525,452507,3.0,2.0,4.0,F,False,False,True,False,False,False,1.0,1.0,4.0
4525,452508,3.0,2.0,4.0,F,False,False,True,False,False,False,1.0,1.0,4.0
4525,452509,3.0,2.0,4.0,F,False,False,True,False,False,False,1.0,1.0,4.0
4525,452510,3.0,2.0,4.0,F,False,False,True,False,False,False,1.0,1.0,4.0
4525,452511,25.0,20.0,30.0,F,False,False,True,False,False,False,1.0,1.0,
4525,452512,33.0,33.0,,F,True,False,False,True,True,False,1.0,1.0,5.0
4525,452513,3.0,2.0,4.0,F,False,False,True,False,False,False,1.0,1.0,4.0
4525,452514,3.0,2.0,4.0,F,False,False,True,False,False,False,1.0,1.0,4.0
4525,452515,3.0,2.0,4.0,F,False,False,True,False,False,False,1.0,1.0,4.0
4525,452516,3.0,2.0,4.0,M,False,False,True,False,False,False,1.0,1.0,4.0
4525,452517,3.0,2.0,4.0,M,False,False,True,False,False,False,1.0,1.0,4.0
4525,452518,3.0,2.0,4.0,F,False,False,True,False,False,False,1.0,1.0,4.0
4525,452519,3.0,2.0,4.0,F,False,False,True,False,False,False,1.0,1.0,4.0
4525,452520,7.0,7.0,,F,True,False,False,False,True,False,1.0,1.0,5.0
4525,452521,3.0,2.0,4.0,M,False,False,True,False,False,False,1.0,1.0,4.0
4526,452601,59.0,59.0,,F,True,False,False,False,False,False,2.0,1.0,4.0
4526,452602,48.0,48.0,,M,True,False,False,False,False,False,1.0,1.0,4.0
4526,452603,46.0,46.0,,F,True,False,False,False,False,False,1.0,1.0,5.0
4526,452604,18.0,18.0,,F,True,False,False,False,False,False,1.0,1.0,5.0
4527,452701,30.0,30.0,,F,True,False,False,True,False,False,1.0,1.0,5.0
4527,452702,35.0,30.0,40.0,F,False,False,True,False,False,False,1.0,1.0,5.0
4527,452703,33.0,33.0,,M,True,False,False,False,True,False,1.0,1.0,4.0
4527,452704,3.0,2.0,4.0,,False,False,True,False,False,False,1.0,1.0,5.0
4528,452801,7.0,7.0,,M,True,False,False,False,True,False,1.0,1.0,5.0
4528,452802,30.0,30.0,,F,True,False,False,False,True,False,1.0,1.0,5.0
4528,452803,32.0,32.0,,M,True,False,False,False,True,False,1.0,1.0,5.0
4529,452901,28.0,28.0,,F,True,False,False,False,True,False,1.0,1.0,5.0
4529,452902,29.0,29.0,,M,True,False,False,False,True,False,1.0,1.0,5.0
4530,453001,26.0,26.0,,F,True,False,False,False,False,False,1.0,1.0,5.0
4530,453002,25.0,25.0,,F,True,False,False,False,False,False,2.0,1.0,4.0
4531,453101,6.0,5.0,7.0,F,False,False,False,False,True,False,2.0,2.0,3.0
4531,453102,6.0,5.0,7.0,F,False,False,False,False,True,False,2.0,2.0,3.0
4531,453103,6.0,5.0,7.0,F,False,False,False,False,True,False,2.0,1.0,3.0
4531,453104,6.0,5.0,7.0,F,False,False,False,False,True,False,2.0,2.0,3.0
4531,453105,7.0,7.0,,M,False,False,True,False,False,False,1.0,2.0,3.0
4531,453106,6.0,5.0,7.0,F,False,False,False,False,True,False,2.0,2.0,3.0
4531,453107,6.0,5.0,7.0,F,False,False,False,False,True,False,2.0,2.0,3.0
4531,453108,6.0,5.0,7.0,F,False,False,False,False,True,False,2.0,2.0,3.0
4531,453109,6.0,5.0,7.0,F,False,False,False,False,True,False,2.0,2.0,3.0
4531,453110,33.0,33.0,,F,True,False,False,False,False,False,1.0,1.0,5.0
4531,453111,41.0,41.0,,M,True,False,False,False,False,False,1.0,1.0,5.0
4531,453112,6.0,5.0,7.0,F,False,False,False,False,True,False,2.0,2.0,3.0
4531,453113,7.0,7.0,,F,False,False,True,False,False,False,1.0,1.0,4.0
4531,453114,30.0,28.0,33.0,F,False,False,True,False,False,False,2.0,2.0,5.0
4531,453115,6.0,5.0,7.0,M,False,False,False,False,True,False,2.0,1.0,3.0
4531,453116,65.0,65.0,,F,False,False,False,False,False,True,1.0,1.0,5.0
4531,453117,7.0,7.0,,F,False,False,True,False,False,False,1.0,1.0,5.0
4531,453118,6.0,6.0,7.0,M,False,False,True,False,False,False,2.0,1.0,3.0
4531,453119,6.0,6.0,,F,False,False,True,False,False,False,1.0,1.0,4.0
4531,453120,7.0,7.0,,F,False,False,True,False,False,False,1.0,1.0,4.0
4531,453121,7.0,7.0,,M,False,False,True,False,False,False,1.0,2.0,3.0
4531,453122,30.0,28.0,33.0,F,False,False,True,False,False,False,2.0,2.0,3.0
4531,453123,31.0,28.0,35.0,F,False,False,False,False,True,False,2.0,2.0,3.0
4531,453124,31.0,28.0,35.0,F,False,False,False,False,True,False,2.0,2.0,3.0
4531,453125,71.0,71.0,,M,False,False,False,False,False,True,1.0,1.0,4.0
4532,453201,18.0,18.0,,M,True,False,False,False,False,False,1.0,1.0,4.0
4532,453202,7.0,7.0,,M,False,False,True,False,False,False,1.0,1.0,5.0
4532,453203,7.0,7.0,,F,False,False,True,False,False,False,1.0,1.0,5.0
4532,453204,7.0,7.0,,F,False,False,True,False,False,False,1.0,1.0,5.0
4532,453205,7.0,7.0,,M,False,False,True,False,False,False,1.0,1.0,5.0
4532,453206,7.0,7.0,,M,False,False,True,False,False,False,1.0,1.0,5.0
4532,453207,45.0,45.0,,F,False,False,True,False,False,False,1.0,2.0,5.0
4532,453208,16.0,16.0,,M,True,False,False,False,False,False,1.0,1.0,4.0
4532,453209,51.0,51.0,,M,True,False,False,False,False,False,1.0,1.0,4.0
4532,453210,42.0,42.0,,F,True,False,False,False,False,False,1.0,1.0,5.0
4532,453211,25.0,25.0,,F,False,False,True,False,False,False,1.0,2.0,5.0
4533,453301,6.0,6.0,,F,False,False,True,False,False,False,1.0,1.0,4.0
4533,453302,7.0,7.0,,F,False,False,True,False,True,False,1.0,1.0,5.0
4533,453303,52.0,50.0,55.0,F,False,False,True,False,False,False,1.0,1.0,5.0
4533,453304,64.0,64.0,,,False,False,False,False,False,True,4.0,2.0,2.0
4533,453305,28.0,28.0,,F,False,False,False,False,True,False,1.0,1.0,3.0
4533,453306,30.0,30.0,,F,False,False,False,False,True,False,1.0,1.0,5.0
4533,453307,6.0,6.0,,M,False,False,True,False,False,False,1.0,1.0,4.0
4533,453308,6.0,6.0,,F,False,False,True,False,False,False,1.0,1.0,4.0
4533,453309,6.0,6.0,,F,False,False,True,False,False,False,1.0,1.0,4.0
4533,453310,8.0,8.0,,F,False,False,True,False,False,False,1.0,1.0,3.0
4533,453311,8.0,8.0,,M,False,False,True,False,False,False,2.0,1.0,3.0
4533,453312,28.0,28.0,,F,False,False,True,False,False,False,2.0,2.0,4.0
4533,453313,27.0,27.0,,F,True,False,False,False,True,True,1.0,1.0,5.0
4533,453314,37.0,37.0,,M,True,False,False,False,True,True,1.0,1.0,3.0
4533,453315,33.0,33.0,,M,False,False,False,False,True,False,2.0,2.0,3.0
4533,453316,6.0,6.0,,F,False,False,True,False,False,False,1.0,1.0,4.0
4534,453401,6.0,6.0,,F,False,False,True,False,False,False,2.0,2.0,1.0
4534,453402,2.0,2.0,,F,False,False,True,False,False,False,2.0,2.0,3.0
4534,453403,3.0,3.0,,M,False,False,True,False,False,False,2.0,2.0,3.0
4534,453404,3.0,3.0,,F,False,False,True,False,False,False,2.0,2.0,3.0
4534,453405,2.0,2.0,,F,False,False,True,False,False,False,2.0,2.0,3.0
4534,453406,52.0,52.0,,F,True,False,False,False,False,False,1.0,1.0,4.0
4534,453407,69.0,69.0,,M,True,False,False,False,False,False,1.0,1.0,4.0
4534,453408,2.0,2.0,,F,False,False,True,False,False,False,2.0,2.0,3.0
4534,453409,57.0,57.0,,M,True,False,False,False,False,False,4.0,2.0,3.0
4534,453410,32.0,30.0,35.0,F,False,False,True,False,False,False,2.0,1.0,3.0
4534,453411,34.0,34.0,,F,False,False,True,False,False,False,2.0,2.0,1.0
4534,453412,55.0,55.0,,F,True,False,False,False,False,False,4.0,1.0,3.0
4534,453413,6.0,6.0,,F,False,False,True,False,False,False,1.0,2.0,2.0
4534,453414,36.0,36.0,,M,True,False,False,False,False,False,1.0,1.0,4.0
4534,453415,30.0,30.0,,F,True,False,False,False,False,False,1.0,1.0,5.0
4534,453416,3.0,3.0,,F,False,False,True,False,False,False,2.0,1.0,3.0
4534,453417,28.0,28.0,,F,False,False,True,False,False,False,1.0,2.0,2.0
4534,453418,3.0,3.0,,M,False,False,True,False,False,False,2.0,1.0,3.0
4534,453419,4.0,4.0,,F,False,False,True,False,False,False,1.0,1.0,2.0
4534,453420,37.0,37.0,,F,False,False,True,False,False,False,2.0,2.0,1.0
4534,453421,27.0,25.0,30.0,F,False,False,True,False,False,False,2.0,1.0,3.0
4534,453422,27.0,25.0,30.0,F,False,False,True,False,False,False,2.0,1.0,4.0
4534,453423,32.0,30.0,35.0,F,False,False,True,False,False,False,2.0,1.0,3.0
4534,453424,3.0,3.0,,M,False,False,True,False,False,False,2.0,2.0,3.0
4534,453425,6.0,6.0,,M,True,False,False,False,False,False,1.0,1.0,4.0
4535,453501,36.0,36.0,,M,True,False,False,False,False,False,1.0,2.0,2.0
4535,453502,0.0,0.0,,M,True,False,False,False,False,False,1.0,1.0,5.0
4535,453503,63.0,63.0,,F,True,False,False,False,False,False,1.0,1.0,2.0
4535,453504,7.0,7.0,,M,True,False,False,False,False,False,1.0,1.0,5.0
4535,453505,33.0,33.0,,F,True,False,False,False,False,False,1.0,1.0,2.0
4535,453506,9.0,9.0,,M,True,False,False,False,False,False,1.0,1.0,5.0
4535,453507,35.0,35.0,,F,True,False,False,False,False,False,1.0,1.0,5.0
4535,453508,34.0,34.0,,M,True,False,False,False,False,False,1.0,1.0,5.0
4536,453601,29.0,29.0,,F,True,False,False,False,False,False,2.0,1.0,5.0
4536,453602,7.0,7.0,,M,True,False,False,False,False,False,1.0,1.0,5.0
4536,453603,39.0,39.0,,M,True,False,False,False,False,False,1.0,1.0,5.0
4536,453604,37.0,37.0,,F,True,False,False,False,False,False,1.0,1.0,5.0
4536,453605,37.0,37.0,,F,False,False,True,False,False,False,1.0,2.0,2.0
4537,453701,7.0,7.0,,F,True,False,False,False,False,False,1.0,1.0,5.0
4537,453702,40.0,40.0,,F,False,False,False,False,False,True,1.0,1.0,5.0
4537,453703,37.0,35.0,40.0,M,False,False,False,False,True,False,3.0,2.0,1.0
4537,453704,42.0,40.0,45.0,F,False,False,False,False,False,True,5.0,2.0,1.0
4537,453705,11.0,11.0,,F,True,False,False,False,False,False,2.0,1.0,4.0
4537,453706,62.0,60.0,65.0,F,False,False,False,False,False,True,1.0,1.0,4.0
4537,453707,35.0,35.0,,F,True,False,False,False,False,False,1.0,1.0,5.0
4537,453708,35.0,35.0,,M,True,False,False,False,False,False,1.0,1.0,5.0
4538,453801,57.0,55.0,60.0,F,True,False,False,False,False,True,1.0,1.0,5.0
4538,453802,2.0,2.0,,M,True,False,False,False,False,True,1.0,1.0,4.0
4538,453803,3.0,3.0,,F,True,False,False,False,False,True,1.0,1.0,4.0
4538,453804,13.0,13.0,,F,True,False,False,False,False,True,1.0,1.0,5.0
4538,453805,36.0,36.0,,M,True,False,False,False,False,False,1.0,1.0,5.0
4538,453806,29.0,29.0,,F,True,False,False,False,False,False,1.0,1.0,5.0
4538,453807,5.0,5.0,,M,True,False,False,False,False,False,1.0,1.0,5.0
4538,453808,8.0,8.0,,F,True,False,False,False,False,False,1.0,1.0,5.0
4538,453809,6.0,6.0,,M,True,False,False,False,False,False,1.0,1.0,5.0
4538,453810,32.0,30.0,35.0,F,True,False,False,False,False,True,1.0,1.0,4.0
4539,453901,31.0,31.0,,M,True,False,False,False,False,False,1.0,1.0,5.0
4539,453902,55.0,50.0,60.0,F,False,False,False,False,True,False,5.0,2.0,1.0
4539,453903,31.0,31.0,,F,True,False,False,False,False,False,1.0,1.0,5.0
4540,454001,43.0,43.0,,F,True,False,False,False,True,True,1.0,1.0,5.0
4540,454002,47.0,47.0,,M,True,False,False,False,True,True,1.0,1.0,5.0
4540,454003,25.0,20.0,30.0,M,False,False,False,False,False,True,2.0,1.0,1.0
4541,454101,7.0,7.0,,M,True,False,False,False,True,False,2.0,1.0,5.0
4541,454102,77.0,77.0,,M,True,False,False,False,False,False,2.0,1.0,4.0
4541,454103,61.0,61.0,,F,True,False,False,False,True,False,2.0,1.0,5.0
4541,454104,37.0,37.0,,F,True,False,False,False,False,False,1.0,1.0,5.0
4541,454105,35.0,35.0,,M,True,False,False,False,False,True,1.0,1.0,4.0
4541,454106,9.0,9.0,,M,True,False,False,False,True,False,2.0,1.0,5.0
4542,454201,57.0,55.0,60.0,F,False,False,False,False,False,True,5.0,2.0,1.0
4542,454202,42.0,40.0,45.0,M,False,False,False,False,False,False,,2.0,
4542,454203,7.0,7.0,,F,True,False,False,False,False,False,1.0,1.0,5.0
4542,454204,10.0,10.0,,,True,False,False,False,False,False,1.0,1.0,5.0
4542,454205,30.0,30.0,,M,True,False,False,False,False,False,1.0,1.0,5.0
4542,454206,29.0,29.0,,F,True,False,False,False,False,False,1.0,1.0,5.0
4542,454207,2.0,2.0,,F,False,False,False,False,False,True,5.0,2.0,1.0
4543,454301,33.0,33.0,,F,True,False,False,False,False,False,1.0,1.0,5.0
4543,454302,10.0,10.0,,M,True,False,False,False,False,False,1.0,1.0,5.0
4543,454303,32.0,32.0,,M,True,False,False,False,False,False,1.0,1.0,4.0
4543,454304,36.0,36.0,,M,True,False,False,False,False,False,2.0,2.0,2.0
4543,454305,57.0,57.0,,M,True,False,False,False,False,False,1.0,1.0,4.0
4544,454401,34.0,34.0,,F,True,False,False,False,False,False,1.0,1.0,5.0
4544,454402,5.0,5.0,,F,True,False,False,False,False,False,1.0,1.0,5.0
4544,454403,36.0,36.0,,M,True,False,False,False,False,False,1.0,1.0,5.0
4545,454501,27.0,27.0,,F,True,False,False,False,False,False,1.0,1.0,5.0
4545,454502,30.0,30.0,,M,True,False,False,False,False,False,1.0,1.0,4.0
4545,454503,43.0,43.0,,F,False,False,False,False,False,True,2.0,1.0,5.0
4545,454504,7.0,7.0,,F,False,False,False,False,False,True,2.0,1.0,4.0
4546,454601,10.0,10.0,,M,False,False,False,False,False,True,2.0,1.0,4.0
4546,454602,5.0,5.0,,F,False,False,False,False,False,True,2.0,1.0,4.0
4546,454603,37.0,35.0,40.0,F,False,False,True,False,False,False,2.0,1.0,4.0
4546,454604,27.0,25.0,30.0,F,False,False,True,False,False,False,2.0,1.0,4.0
4546,454605,31.0,31.0,,M,False,False,False,False,False,True,1.0,1.0,4.0
4546,454606,33.0,33.0,,F,False,False,False,False,False,True,1.0,1.0,4.0
4546,454607,23.0,23.0,,M,True,False,False,False,False,False,1.0,1.0,5.0
4546,454608,21.0,21.0,,F,True,False,False,False,False,False,1.0,1.0,5.0
4547,454701,60.0,60.0,,,True,False,False,False,False,False,1.0,1.0,5.0
4547,454702,59.0,59.0,,,True,False,False,False,False,False,1.0,1.0,5.0
4547,454703,5.0,5.0,,F,False,False,False,False,True,False,2.0,1.0,4.0
4547,454704,25.0,25.0,,,False,False,False,False,True,False,2.0,1.0,4.0
4547,454705,24.0,24.0,,F,True,False,False,False,False,False,1.0,1.0,5.0
4548,454801,5.0,5.0,,F,True,False,False,False,False,False,2.0,1.0,3.0
4548,454802,5.0,5.0,,M,True,False,False,False,False,False,2.0,1.0,3.0
4548,454803,10.0,10.0,,,False,False,False,False,True,False,4.0,2.0,3.0
4548,454804,10.0,10.0,,M,False,False,False,False,True,False,2.0,1.0,3.0
4548,454805,4.0,4.0,,F,True,False,False,False,False,False,2.0,1.0,3.0
4548,454806,33.0,33.0,,F,True,False,False,False,False,False,1.0,1.0,5.0
4548,454807,64.0,64.0,,F,True,False,False,False,False,False,2.0,1.0,2.0
4548,454808,37.0,37.0,,M,True,False,False,False,False,False,2.0,2.0,3.0
4548,454809,8.0,8.0,,M,True,False,False,False,False,False,1.0,1.0,5.0
4548,454810,14.0,14.0,,F,True,False,False,False,False,False,1.0,1.0,5.0
4548,454811,39.0,39.0,,M,True,False,False,False,False,False,1.0,1.0,4.0
4548,454812,36.0,36.0,,F,True,False,False,False,False,False,2.0,2.0,3.0
4549,454901,47.0,45.0,50.0,M,True,False,False,False,False,False,3.0,2.0,2.0
4549,454902,13.0,13.0,,F,True,False,False,False,False,False,2.0,1.0,5.0
4549,454903,32.0,32.0,,F,False,False,False,False,False,True,4.0,2.0,2.0
4549,454904,41.0,41.0,,M,True,False,False,False,False,False,1.0,1.0,5.0
4549,454905,7.0,7.0,,F,True,False,False,False,False,False,1.0,1.0,
4549,454906,13.0,13.0,,F,True,False,False,False,False,False,1.0,1.0,5.0
4549,454907,36.0,36.0,,F,True,False,False,False,False,False,1.0,1.0,5.0
4549,454908,34.0,34.0,,M,True,False,False,False,False,False,2.0,1.0,3.0
4549,454909,37.0,35.0,40.0,F,True,False,False,False,False,False,3.0,2.0,
4550,455001,35.0,35.0,,F,False,False,False,False,True,False,2.0,2.0,4.0
4550,455002,35.0,35.0,,F,False,False,False,False,True,False,1.0,1.0,4.0
4550,455003,35.0,35.0,,F,False,False,False,False,True,False,1.0,2.0,4.0
4550,455004,25.0,25.0,,F,False,False,False,False,True,False,1.0,2.0,4.0
4550,455005,25.0,25.0,,F,False,False,False,False,True,False,1.0,2.0,4.0
4550,455006,20.0,20.0,,F,False,False,False,False,True,False,3.0,2.0,2.0
4550,455007,25.0,25.0,,F,False,False,False,False,True,False,1.0,2.0,2.0
4550,455008,3.0,3.0,,F,False,False,False,False,True,False,2.0,1.0,4.0
4550,455009,38.0,38.0,,M,False,False,False,False,True,False,2.0,2.0,4.0
4550,455010,35.0,35.0,,F,False,False,False,False,True,False,2.0,1.0,4.0
4550,455011,0.0,0.0,,F,False,False,False,False,True,False,2.0,2.0,4.0
4550,455012,6.0,6.0,,M,False,False,False,False,True,False,2.0,2.0,4.0
4550,455013,40.0,40.0,,F,False,False,True,False,False,False,1.0,2.0,3.0
4550,455014,8.0,8.0,,F,True,False,True,False,False,False,1.0,1.0,4.0
4550,455015,0.0,0.0,,F,False,False,False,False,True,False,2.0,2.0,4.0
4550,455016,36.0,36.0,,M,True,False,False,False,False,False,1.0,1.0,3.0
4550,455017,3.0,3.0,,F,True,False,True,True,True,False,1.0,1.0,5.0
4550,455018,8.0,8.0,,M,False,False,True,False,False,False,1.0,2.0,3.0
4550,455019,6.0,6.0,,F,False,False,True,False,False,False,1.0,2.0,3.0
4550,455020,3.0,3.0,,M,False,False,True,False,False,False,2.0,2.0,2.0
4550,455021,1.0,1.0,,M,False,False,False,False,True,False,2.0,2.0,4.0
4550,455022,2.0,2.0,,F,False,False,False,False,True,False,2.0,2.0,4.0
4550,455023,3.0,3.0,,M,False,False,False,False,True,False,2.0,1.0,4.0
4550,455024,3.0,3.0,,F,False,False,False,False,True,False,2.0,2.0,4.0
4550,455025,2.0,2.0,,F,False,False,False,False,True,False,2.0,2.0,4.0
4550,455026,6.0,6.0,,M,True,False,True,False,False,False,1.0,1.0,4.0
4551,455101,8.0,8.0,,F,True,False,False,False,False,False,1.0,1.0,5.0
4551,455102,13.0,13.0,,M,True,False,False,False,False,False,2.0,2.0,2.0
4551,455103,62.0,60.0,65.0,F,True,False,False,False,False,False,1.0,1.0,1.0
4551,455104,5.0,5.0,,F,True,False,False,False,False,False,1.0,1.0,3.0
4551,455105,6.0,6.0,,F,True,False,False,False,False,False,1.0,1.0,3.0
4551,455106,10.0,10.0,,M,True,False,False,False,False,False,1.0,2.0,2.0
4551,455107,12.0,12.0,,F,True,False,False,False,False,False,2.0,1.0,2.0
4551,455108,37.0,37.0,,F,False,False,True,False,False,False,1.0,1.0,4.0
4551,455109,5.0,5.0,,M,False,False,True,False,False,False,1.0,1.0,2.0
4551,455110,8.0,8.0,,F,False,False,True,False,False,False,1.0,1.0,2.0
4551,455111,37.0,37.0,,F,False,False,True,False,False,False,1.0,1.0,2.0
4551,455112,11.0,11.0,,M,True,False,False,False,False,False,1.0,1.0,5.0
4551,455113,39.0,39.0,,M,True,False,False,False,False,False,1.0,1.0,5.0
4551,455114,38.0,38.0,,F,True,False,False,False,False,False,1.0,1.0,5.0
4551,455115,11.0,11.0,,F,False,False,False,False,False,False,1.0,1.0,2.0
4552,455201,52.0,50.0,55.0,F,False,False,True,False,False,False,2.0,2.0,3.0
4552,455202,6.0,6.0,,M,False,False,True,False,False,False,1.0,1.0,5.0
4552,455203,6.0,6.0,,M,False,False,True,False,False,False,1.0,1.0,5.0
4552,455204,6.0,6.0,,M,False,False,True,False,False,False,1.0,1.0,5.0
4552,455205,52.0,50.0,55.0,F,False,False,True,False,False,False,2.0,2.0,3.0
4552,455206,6.0,6.0,,M,False,False,True,False,False,False,1.0,1.0,5.0
4552,455207,27.0,25.0,29.0,M,False,False,False,False,True,False,5.0,2.0,3.0
4552,455208,6.0,6.0,,M,False,False,True,False,False,False,1.0,1.0,4.0
4552,455209,38.0,35.0,42.0,M,True,False,False,False,False,False,1.0,1.0,4.0
4552,455210,32.0,30.0,35.0,F,True,False,False,False,False,False,1.0,1.0,5.0
4552,455211,1.0,1.0,,M,True,False,False,False,False,False,1.0,1.0,5.0
4552,455212,27.0,25.0,29.0,M,False,False,True,False,False,False,5.0,2.0,3.0
4552,455213,32.0,30.0,35.0,M,False,False,True,False,False,False,1.0,1.0,5.0
4553,455301,10.0,10.0,,F,True,False,False,False,False,False,1.0,1.0,5.0
4553,455302,25.0,20.0,30.0,F,False,False,False,False,False,True,5.0,2.0,1.0
4553,455303,52.0,52.0,,F,False,False,False,False,False,True,2.0,2.0,3.0
4553,455304,32.0,32.0,,M,True,False,False,False,False,False,1.0,1.0,5.0
4553,455305,13.0,13.0,,F,True,False,False,False,False,False,1.0,1.0,5.0
4553,455306,33.0,33.0,,F,True,False,False,False,False,False,1.0,1.0,5.0
4553,455307,50.0,50.0,,F,True,False,False,False,False,False,3.0,1.0,5.0
4553,455308,56.0,56.0,,M,True,False,False,False,False,False,2.0,1.0,5.0
4554,455401,26.0,26.0,,F,True,False,False,False,False,False,1.0,1.0,5.0
4554,455402,29.0,29.0,,M,True,False,False,False,False,False,1.0,1.0,5.0
4554,455403,41.0,41.0,,F,True,False,False,False,False,False,3.0,1.0,2.0
4554,455404,38.0,38.0,,M,True,False,False,False,False,False,3.0,2.0,2.0
4554,455405,3.0,3.0,,F,True,False,False,False,False,False,1.0,1.0,5.0
4555,455501,36.0,36.0,,M,True,False,False,False,False,False,1.0,1.0,4.0
4555,455502,36.0,36.0,,F,True,False,False,False,False,False,1.0,1.0,5.0
4555,455503,0.0,0.0,,M,True,False,False,False,False,False,1.0,1.0,5.0
4556,455601,30.0,30.0,,M,True,False,False,False,False,False,1.0,1.0,5.0
4556,455602,54.0,54.0,,F,True,False,False,False,False,False,1.0,1.0,4.0
4556,455603,58.0,58.0,,M,True,False,False,False,False,False,1.0,1.0,3.0
4556,455604,10.0,10.0,,F,True,False,False,False,False,False,2.0,2.0,
4556,455605,10.0,10.0,,F,True,False,False,False,False,False,1.0,2.0,4.0
4556,455606,28.0,28.0,,F,False,False,False,False,True,False,2.0,1.0,4.0
4556,455607,8.0,8.0,,F,True,False,False,False,False,False,1.0,1.0,5.0
4556,455608,10.0,10.0,,F,True,False,False,False,False,False,1.0,1.0,5.0
4556,455609,28.0,28.0,,F,True,False,False,False,False,False,1.0,1.0,5.0
4556,455610,27.0,25.0,30.0,F,False,False,False,False,False,True,5.0,2.0,3.0
4557,455701,14.0,14.0,,,True,False,False,False,False,False,1.0,1.0,2.0
4557,455702,24.0,24.0,,M,False,False,False,False,False,True,2.0,1.0,3.0
4557,455703,47.0,47.0,,F,True,False,False,False,False,False,,1.0,4.0
4557,455704,1.0,1.0,,F,True,False,False,False,False,False,2.0,1.0,3.0
4557,455705,3.0,3.0,,F,True,False,False,False,False,False,1.0,1.0,3.0
4557,455706,3.0,3.0,,M,True,False,False,False,False,False,2.0,1.0,3.0
4557,455707,24.0,24.0,,F,True,False,False,False,False,False,1.0,1.0,5.0
4557,455708,21.0,21.0,,M,True,False,False,False,False,False,1.0,1.0,4.0
4558,455801,58.0,58.0,,M,False,False,False,False,True,False,4.0,2.0,3.0
4558,455802,27.0,25.0,30.0,M,False,False,False,False,True,False,5.0,1.0,3.0
4558,455803,20.0,20.0,,M,False,False,False,False,True,False,3.0,2.0,2.0
4558,455804,69.0,69.0,,M,False,False,False,False,True,False,2.0,2.0,2.0
4558,455805,29.0,29.0,,F,False,False,False,False,True,False,1.0,2.0,2.0
4558,455806,20.0,20.0,,M,False,False,False,True,False,False,,2.0,3.0
4558,455807,3.0,3.0,,F,True,False,False,False,False,False,1.0,1.0,4.0
4558,455808,45.0,45.0,,M,True,False,False,False,False,False,1.0,1.0,2.0
4559,455901,56.0,56.0,,F,False,False,False,False,False,True,2.0,,4.0
4559,455902,43.0,43.0,,F,False,False,False,False,False,True,4.0,1.0,1.0
4559,455903,16.0,16.0,,F,False,False,True,False,False,False,2.0,1.0,1.0
4559,455904,37.0,37.0,,F,False,False,True,False,False,False,4.0,2.0,2.0
4559,455905,37.0,37.0,,F,False,False,True,False,False,False,3.0,1.0,2.0
4559,455906,32.0,32.0,,F,False,False,True,False,False,False,2.0,1.0,2.0
4559,455907,29.0,29.0,,F,False,False,True,False,False,False,2.0,1.0,2.0
4559,455908,13.0,13.0,,F,True,False,False,False,False,False,2.0,1.0,3.0
4559,455909,5.0,5.0,,F,True,False,False,False,False,False,1.0,,5.0
4559,455910,9.0,9.0,,M,True,False,False,False,False,False,1.0,,5.0
4559,455911,12.0,12.0,,F,True,False,False,False,False,False,1.0,1.0,5.0
4559,455912,36.0,36.0,,M,True,False,False,False,False,False,1.0,1.0,5.0
4559,455913,35.0,35.0,,F,True,False,False,False,False,False,1.0,1.0,5.0
4559,455914,55.0,55.0,,M,True,False,False,False,False,False,5.0,2.0,2.0
4559,455915,70.0,70.0,,F,False,False,False,False,False,True,4.0,1.0,2.0
4559,455916,28.0,28.0,,F,False,False,False,False,False,True,4.0,2.0,1.0
4560,456001,3.0,3.0,,F,False,False,True,False,False,False,1.0,1.0,4.0
4560,456002,3.0,3.0,,F,False,False,True,False,False,False,1.0,1.0,5.0
4560,456003,6.0,6.0,,F,True,False,False,False,False,False,1.0,1.0,5.0
4560,456004,7.0,7.0,,M,True,False,False,False,False,False,1.0,1.0,5.0
4560,456005,27.0,27.0,,F,True,False,False,False,False,False,1.0,1.0,5.0
4560,456006,27.0,27.0,,M,True,False,False,False,False,False,1.0,1.0,5.0
4560,456007,7.0,7.0,,F,True,False,False,False,False,False,1.0,1.0,5.0
4560,456008,8.0,8.0,,M,True,False,False,False,False,False,1.0,1.0,5.0
4560,456009,3.0,3.0,,F,False,False,True,False,False,False,1.0,1.0,4.0
4560,456010,3.0,3.0,,F,False,False,True,False,False,False,1.0,1.0,4.0
4561,456101,7.0,7.0,,F,False,False,True,False,False,False,1.0,1.0,5.0
4561,456102,25.0,25.0,,F,True,False,True,False,False,False,1.0,1.0,4.0
4561,456103,7.0,7.0,,M,False,False,True,False,False,False,1.0,1.0,5.0
4561,456104,7.0,7.0,,M,False,False,True,False,False,False,1.0,1.0,5.0
4561,456105,7.0,7.0,,M,False,False,True,False,False,False,1.0,1.0,5.0
4561,456106,7.0,7.0,,M,False,False,True,False,False,False,1.0,1.0,5.0
4561,456107,7.0,7.0,,M,False,False,True,False,False,False,1.0,1.0,5.0
4561,456108,7.0,7.0,,M,False,False,True,False,False,False,1.0,1.0,5.0
4561,456109,11.0,11.0,,F,True,False,False,False,False,False,1.0,2.0,5.0
4561,456110,4.0,4.0,,M,True,False,False,False,False,False,1.0,1.0,5.0
4561,456111,26.0,26.0,,M,True,False,False,False,False,False,1.0,2.0,5.0
4561,456112,30.0,30.0,,F,True,False,False,False,False,False,1.0,1.0,5.0
4561,456113,7.0,7.0,,M,False,False,True,False,False,False,1.0,1.0,5.0
4562,456201,5.0,5.0,,F,False,False,True,False,False,False,1.0,1.0,4.0
4562,456202,27.0,27.0,,F,True,False,False,False,True,False,1.0,2.0,
4562,456203,29.0,29.0,,F,True,False,False,False,False,False,1.0,2.0,
4562,456204,11.0,11.0,,F,True,False,False,False,False,False,1.0,2.0,
4562,456205,60.0,60.0,,F,True,False,False,False,False,False,1.0,1.0,
4562,456206,2.0,2.0,,F,True,False,False,False,False,False,1.0,1.0,3.0
4562,456207,4.0,4.0,,M,True,False,False,False,False,False,1.0,1.0,3.0
4562,456208,32.0,32.0,,F,False,False,True,False,False,False,1.0,2.0,
4562,456209,30.0,30.0,,F,False,False,True,False,False,False,1.0,2.0,4.0
4562,456210,2.0,2.0,,M,True,False,False,False,False,False,1.0,1.0,4.0
4562,456211,5.0,5.0,,F,False,False,True,False,False,False,1.0,1.0,3.0
4562,456212,5.0,5.0,,F,False,False,False,False,False,False,1.0,1.0,3.0
4562,456213,30.0,30.0,,F,False,False,True,False,True,False,1.0,1.0,3.0
4562,456214,39.0,39.0,,M,True,False,False,False,False,False,1.0,1.0,
4564,456401,9.0,9.0,,M,True,False,False,False,False,False,1.0,1.0,4.0
4564,456402,6.0,6.0,,M,False,False,True,False,False,False,1.0,2.0,5.0
4564,456403,36.0,36.0,,F,False,False,True,False,False,False,1.0,1.0,5.0
4564,456404,12.0,12.0,,M,True,False,False,False,False,False,1.0,1.0,4.0
4564,456405,37.0,37.0,,M,True,False,False,False,False,False,1.0,1.0,5.0
4564,456406,36.0,36.0,,F,True,False,False,False,False,False,1.0,1.0,5.0
4564,456407,6.0,6.0,,M,False,False,True,False,False,False,1.0,1.0,5.0
4565,456501,7.0,5.0,10.0,M,True,False,False,False,False,False,1.0,1.0,5.0
4565,456502,35.0,30.0,40.0,F,True,False,False,False,False,False,1.0,1.0,5.0
4565,456503,45.0,40.0,50.0,M,True,False,False,False,False,False,1.0,1.0,5.0
4565,456504,75.0,70.0,80.0,F,False,False,False,False,False,True,3.0,1.0,3.0
4565,456505,55.0,50.0,60.0,,False,False,False,False,False,True,2.0,1.0,3.0
4565,456506,35.0,30.0,40.0,F,False,False,False,False,False,True,5.0,2.0,
4566,456601,2.0,0.0,5.0,F,False,False,True,False,False,False,2.0,1.0,4.0
4566,456602,2.0,0.0,5.0,F,False,False,True,False,False,False,2.0,1.0,4.0
4566,456603,1.0,0.0,3.0,M,False,False,True,False,False,False,2.0,1.0,4.0
4566,456604,25.0,20.0,30.0,F,False,False,True,False,False,False,2.0,1.0,4.0
4566,456605,2.0,0.0,5.0,M,False,False,True,False,False,False,2.0,1.0,4.0
4566,456606,21.0,18.0,25.0,F,False,False,True,False,False,False,2.0,1.0,4.0
4566,456607,1.0,0.0,3.0,F,False,False,True,False,False,False,2.0,1.0,4.0
4566,456608,1.0,0.0,3.0,F,True,False,False,False,False,False,1.0,1.0,
4566,456609,25.0,20.0,30.0,F,False,False,True,False,False,False,2.0,1.0,4.0
4566,456610,45.0,40.0,50.0,F,True,False,False,False,False,False,1.0,1.0,
4566,456611,35.0,30.0,40.0,M,True,False,False,False,False,False,1.0,1.0,
4567,456701,35.0,30.0,40.0,F,True,False,False,False,False,False,1.0,1.0,5.0
4567,456702,35.0,30.0,40.0,M,True,False,False,False,False,False,1.0,1.0,5.0
4567,456703,55.0,50.0,60.0,F,True,False,False,False,False,False,2.0,1.0,3.0
4567,456704,55.0,50.0,60.0,M,True,False,False,False,False,False,2.0,1.0,3.0
4567,456705,22.0,20.0,25.0,F,True,False,False,False,False,False,2.0,1.0,3.0
4567,456706,0.0,0.0,1.0,F,True,False,False,False,False,False,2.0,1.0,3.0
4568,456801,6.0,6.0,,M,False,False,False,False,True,False,2.0,1.0,3.0
4568,456802,57.0,55.0,60.0,F,False,False,True,False,False,False,2.0,2.0,2.0
4568,456803,6.0,6.0,,F,False,False,True,False,False,False,1.0,2.0,2.0
4568,456804,6.0,6.0,,F,False,False,True,False,False,False,1.0,2.0,2.0
4568,456805,6.0,6.0,,F,False,False,True,False,False,False,1.0,2.0,2.0
4568,456806,7.0,7.0,,F,False,False,True,False,False,False,2.0,2.0,2.0
4568,456807,7.0,7.0,,F,False,False,True,False,False,False,2.0,2.0,2.0
4568,456808,7.0,7.0,,M,False,False,True,False,False,False,2.0,2.0,2.0
4568,456809,7.0,7.0,,M,False,False,True,False,False,False,2.0,2.0,2.0
4568,456810,52.0,50.0,55.0,M,False,False,False,False,True,False,2.0,2.0,3.0
4568,456811,6.0,6.0,,M,False,False,False,False,True,False,1.0,2.0,3.0
4568,456812,7.0,7.0,,M,False,False,True,False,False,False,2.0,2.0,2.0
4568,456813,6.0,6.0,,F,False,False,True,False,False,False,1.0,2.0,5.0
4568,456814,38.0,38.0,,M,True,False,False,False,False,False,1.0,1.0,5.0
4568,456815,37.0,37.0,,F,True,False,False,False,False,False,1.0,1.0,5.0
4568,456816,4.0,4.0,,F,False,False,False,False,True,False,2.0,1.0,3.0
4568,456817,64.0,64.0,,M,False,False,False,False,False,True,1.0,1.0,3.0
4568,456818,27.0,25.0,30.0,F,False,False,True,False,False,False,1.0,2.0,5.0
4568,456819,5.0,5.0,,F,False,False,True,False,False,False,1.0,2.0,5.0
4568,456820,2.0,2.0,,M,True,False,False,False,False,False,1.0,1.0,5.0
4568,456821,6.0,6.0,,F,False,False,True,False,False,False,1.0,1.0,5.0
4568,456822,6.0,6.0,,M,False,False,True,False,False,False,1.0,1.0,5.0
4568,456823,6.0,6.0,,M,False,False,True,False,False,False,1.0,2.0,5.0
4568,456824,6.0,6.0,,F,False,False,True,False,False,False,1.0,1.0,3.0
4568,456825,6.0,6.0,,F,False,False,True,False,False,False,1.0,2.0,3.0
4568,456826,65.0,65.0,,F,False,False,False,False,False,True,1.0,1.0,3.0
4568,456827,47.0,45.0,50.0,F,False,False,True,False,False,False,1.0,2.0,5.0
4569,456901,6.0,6.0,,M,False,False,True,False,False,False,1.0,2.0,5.0
4569,456902,6.0,6.0,,F,False,False,True,False,False,False,1.0,2.0,5.0
4569,456903,6.0,6.0,,M,False,False,True,False,False,False,1.0,2.0,5.0
4569,456904,6.0,6.0,,F,False,False,True,False,False,False,1.0,2.0,5.0
4569,456905,6.0,6.0,,M,False,False,True,False,False,False,1.0,2.0,5.0
4569,456906,6.0,6.0,,F,False,False,True,False,False,False,1.0,2.0,5.0
4569,456907,68.0,68.0,,F,True,False,False,False,False,False,3.0,1.0,3.0
4569,456908,73.0,73.0,,F,True,False,False,False,False,False,2.0,1.0,3.0
4569,456909,56.0,56.0,,F,True,False,False,False,False,False,1.0,1.0,3.0
4569,456910,42.0,40.0,45.0,F,False,False,True,False,False,False,1.0,2.0,2.0
4569,456911,7.0,7.0,,F,False,False,True,False,False,False,1.0,2.0,5.0
4569,456912,6.0,6.0,,F,False,False,True,False,False,False,1.0,2.0,5.0
4569,456913,47.0,45.0,50.0,F,False,False,False,False,True,False,5.0,2.0,1.0
4569,456914,3.0,3.0,,M,True,False,False,False,False,False,1.0,1.0,5.0
4569,456915,6.0,6.0,,F,False,False,True,False,False,False,1.0,2.0,5.0
4569,456916,7.0,7.0,,F,False,False,True,False,False,False,1.0,2.0,5.0
4569,456917,33.0,33.0,,F,True,False,False,False,False,False,1.0,1.0,5.0
4569,456918,50.0,45.0,55.0,F,False,False,True,False,False,False,1.0,2.0,5.0
4569,456919,6.0,6.0,,M,False,False,True,False,False,False,1.0,2.0,5.0
4569,456920,6.0,6.0,,M,False,False,True,False,False,False,1.0,2.0,5.0
4569,456921,6.0,6.0,,F,False,False,True,False,False,False,1.0,2.0,5.0
4569,456922,7.0,7.0,,F,False,False,True,False,False,False,1.0,2.0,5.0
4569,456923,7.0,7.0,,F,False,False,True,False,False,False,1.0,2.0,5.0
4569,456924,6.0,6.0,,M,False,False,True,False,False,False,1.0,2.0,5.0
4569,456925,6.0,6.0,,M,False,False,True,False,False,False,1.0,2.0,5.0
4569,456926,7.0,7.0,,M,False,False,True,False,False,False,1.0,2.0,5.0
4569,456927,6.0,6.0,,M,False,False,True,False,False,False,1.0,2.0,5.0
4570,457001,7.0,7.0,8.0,F,False,False,True,False,False,False,1.0,1.0,4.0
4570,457002,7.0,7.0,8.0,F,False,False,True,False,False,False,1.0,1.0,4.0
4570,457003,7.0,7.0,8.0,F,False,False,True,False,False,False,1.0,1.0,4.0
4570,457004,28.0,28.0,,F,True,False,False,False,False,False,1.0,1.0,2.0
4571,457101,47.0,45.0,50.0,F,True,False,False,False,False,False,3.0,2.0,1.0
4571,457102,8.0,8.0,,F,False,False,False,False,True,False,3.0,1.0,3.0
4571,457103,6.0,6.0,,F,False,False,False,False,False,True,2.0,2.0,2.0
4571,457104,7.0,7.0,,M,False,False,False,False,True,False,3.0,1.0,3.0
4571,457105,37.0,37.0,,F,True,False,False,False,False,False,1.0,1.0,5.0
4571,457106,32.0,32.0,,F,False,False,False,False,False,True,2.0,2.0,2.0
4571,457107,9.0,9.0,,F,False,False,True,False,True,False,1.0,1.0,4.0
4571,457108,6.0,6.0,,M,False,False,True,False,True,False,1.0,1.0,4.0
4571,457109,37.0,35.0,40.0,F,False,False,True,False,False,False,1.0,2.0,4.0
4571,457110,40.0,40.0,,M,True,False,False,False,False,False,1.0,1.0,5.0
4571,457111,9.0,9.0,,M,True,False,True,False,False,False,1.0,1.0,5.0
4571,457112,2.0,2.0,,M,False,False,False,False,False,True,2.0,2.0,2.0
4571,457113,7.0,7.0,,F,False,False,True,False,True,False,1.0,1.0,5.0
4572,457201,6.0,6.0,,M,False,False,True,False,False,False,1.0,1.0,
4572,457202,6.0,6.0,,M,False,False,True,False,False,False,1.0,1.0,4.0
4572,457203,6.0,6.0,,M,False,False,True,False,False,False,1.0,1.0,4.0
4572,457204,6.0,6.0,,M,False,False,True,False,False,False,1.0,1.0,4.0
4572,457205,6.0,6.0,,M,False,False,True,False,False,False,1.0,1.0,4.0
4572,457206,6.0,6.0,,M,False,False,True,False,False,False,1.0,1.0,4.0
4572,457207,8.0,8.0,,M,False,False,False,False,True,False,2.0,1.0,3.0
4572,457208,6.0,6.0,,M,False,False,True,False,False,False,1.0,1.0,4.0
4572,457209,7.0,7.0,,M,False,False,True,False,False,False,1.0,1.0,4.0
4572,457210,6.0,6.0,,M,False,False,True,False,False,False,1.0,1.0,4.0
4572,457211,6.0,6.0,,F,False,False,True,False,False,False,1.0,1.0,4.0
4572,457212,6.0,6.0,,F,False,False,True,False,False,False,1.0,1.0,4.0
4572,457213,6.0,6.0,,M,False,False,True,False,False,False,1.0,1.0,4.0
4572,457214,6.0,6.0,,F,False,False,True,False,False,False,1.0,1.0,4.0
4572,457215,6.0,6.0,,F,False,False,True,False,False,False,1.0,1.0,4.0
4572,457216,6.0,6.0,,F,False,False,True,False,False,False,1.0,1.0,
4572,457217,61.0,61.0,,F,True,False,False,False,False,False,2.0,1.0,4.0
4572,457218,63.0,63.0,,M,True,False,False,False,False,False,2.0,1.0,4.0
4572,457219,8.0,8.0,,F,True,False,False,False,False,False,1.0,1.0,5.0
4572,457220,36.0,36.0,,F,True,False,False,False,False,False,1.0,1.0,5.0
4572,457221,38.0,38.0,,M,True,False,False,False,False,False,1.0,1.0,5.0
4573,457301,59.0,59.0,,F,True,False,False,True,True,False,1.0,1.0,5.0
4573,457302,10.0,10.0,,M,False,False,False,True,False,False,2.0,2.0,3.0
4573,457303,42.0,40.0,45.0,F,False,False,False,True,False,False,1.0,2.0,3.0
4573,457304,40.0,40.0,,F,True,False,False,True,False,False,2.0,1.0,4.0
4573,457305,6.0,6.0,7.0,M,False,False,True,False,False,False,1.0,1.0,5.0
4573,457306,57.0,55.0,60.0,F,False,False,True,False,False,False,1.0,1.0,5.0
4573,457307,30.0,30.0,,F,True,False,False,True,True,False,1.0,1.0,5.0
4573,457308,6.0,6.0,7.0,F,False,False,True,False,False,False,1.0,1.0,5.0
4574,457401,50.0,50.0,,F,False,False,False,False,True,True,2.0,2.0,3.0
4574,457402,36.0,36.0,,F,False,False,False,False,True,True,3.0,2.0,4.0
4574,457403,45.0,45.0,,F,False,False,True,False,False,False,2.0,1.0,3.0
4574,457404,5.0,5.0,,F,False,False,True,False,False,False,1.0,1.0,5.0
4574,457405,50.0,50.0,,F,False,False,True,False,False,False,1.0,1.0,4.0
4574,457406,50.0,50.0,,F,False,False,True,False,False,False,1.0,2.0,5.0
4574,457407,5.0,5.0,,F,False,False,False,False,True,True,3.0,1.0,4.0
4574,457408,8.0,8.0,,F,True,False,False,False,True,True,1.0,1.0,5.0
4574,457409,50.0,50.0,,F,False,False,True,False,False,False,1.0,1.0,5.0
4574,457410,27.0,27.0,,F,False,False,True,False,False,False,1.0,1.0,5.0
4574,457411,43.0,43.0,,F,True,False,False,False,True,True,1.0,1.0,5.0
4574,457412,46.0,46.0,,M,True,False,False,False,False,False,1.0,1.0,5.0
4574,457413,2.0,2.0,,F,False,False,False,False,True,True,3.0,1.0,4.0
4575,457501,34.0,34.0,,F,True,False,False,False,False,False,1.0,1.0,5.0
4575,457502,4.0,4.0,,F,False,False,True,False,False,False,1.0,1.0,5.0
4575,457503,4.0,4.0,,F,False,False,True,False,False,False,1.0,1.0,5.0
4575,457504,14.0,14.0,,F,True,False,False,False,False,False,1.0,1.0,1.0
4575,457505,41.0,41.0,,M,True,False,False,False,False,False,1.0,1.0,2.0
4576,457601,33.0,33.0,,F,True,False,False,False,False,False,1.0,1.0,3.0
4576,457602,9.0,9.0,,F,True,False,False,False,False,False,1.0,1.0,2.0
4576,457603,4.0,4.0,,F,True,False,False,False,False,False,1.0,1.0,2.0
4576,457604,6.0,6.0,,F,False,False,False,False,True,False,1.0,1.0,2.0
4576,457605,6.0,6.0,,M,False,False,False,False,True,False,1.0,1.0,2.0
4576,457606,50.0,50.0,,F,True,False,False,False,False,False,1.0,1.0,5.0
4576,457607,62.0,62.0,,M,True,False,False,False,False,False,1.0,1.0,5.0
4577,457701,24.0,24.0,,F,True,False,False,False,False,False,1.0,1.0,5.0
4577,457702,30.0,30.0,,M,True,False,False,False,False,False,1.0,1.0,5.0
4578,457801,56.0,56.0,,M,True,False,False,False,False,True,2.0,1.0,4.0
4578,457802,27.0,27.0,,M,True,False,False,False,False,False,1.0,1.0,5.0
4578,457803,25.0,25.0,,F,True,False,False,False,False,False,1.0,1.0,5.0
4578,457804,6.0,6.0,,M,True,False,False,False,False,False,1.0,1.0,5.0
4578,457805,55.0,55.0,,F,True,False,False,False,False,True,2.0,1.0,4.0
4579,457901,6.0,6.0,,F,True,False,False,False,False,False,1.0,1.0,5.0
4579,457902,3.0,3.0,,M,True,False,False,False,False,False,1.0,1.0,5.0
4579,457903,24.0,24.0,,F,True,False,False,False,False,False,1.0,1.0,5.0
4579,457904,25.0,25.0,,F,True,False,False,False,False,False,1.0,1.0,2.0
4579,457905,16.0,16.0,,F,True,False,False,False,False,False,2.0,1.0,2.0
4579,457906,55.0,55.0,,F,True,False,False,False,False,False,2.0,1.0,2.0
4580,458001,51.0,51.0,,M,True,False,False,False,False,False,2.0,1.0,4.0
4580,458002,26.0,26.0,,F,True,False,False,False,False,True,2.0,1.0,3.0
4580,458003,51.0,51.0,,M,True,False,False,False,False,True,1.0,1.0,5.0
4580,458004,23.0,23.0,,M,True,False,False,False,False,True,1.0,1.0,5.0
4580,458005,23.0,23.0,,F,True,False,False,False,False,True,1.0,1.0,5.0
4580,458006,3.0,3.0,,F,True,False,True,False,False,True,1.0,1.0,5.0
4580,458007,21.0,21.0,,F,False,False,False,False,False,True,1.0,,2.0
4580,458008,4.0,4.0,,F,True,False,True,False,False,True,1.0,,5.0
4580,458009,46.0,46.0,,F,True,False,False,False,False,True,1.0,1.0,5.0
4581,458101,52.0,52.0,,F,True,False,False,False,False,True,1.0,1.0,2.0
4581,458102,54.0,54.0,,M,False,False,False,False,False,True,2.0,1.0,1.0
4581,458103,30.0,30.0,,F,True,False,False,True,True,False,1.0,1.0,5.0
4581,458104,30.0,30.0,,M,True,False,False,True,True,False,1.0,1.0,4.0
4582,458201,37.0,35.0,40.0,F,False,False,False,False,False,True,2.0,2.0,1.0
4582,458202,3.0,3.0,,M,False,False,False,False,False,True,1.0,2.0,1.0
4582,458203,35.0,35.0,,F,True,False,False,False,False,False,1.0,1.0,5.0
4582,458204,5.0,5.0,,M,False,False,False,False,False,True,1.0,2.0,1.0
4582,458205,9.0,9.0,,M,False,False,False,False,False,True,1.0,2.0,2.0
4582,458206,36.0,36.0,,M,True,False,False,False,False,False,1.0,1.0,5.0
4582,458207,38.0,38.0,,F,False,False,False,False,False,True,1.0,1.0,2.0
4582,458208,33.0,33.0,,F,False,False,False,False,False,True,1.0,2.0,3.0
4582,458209,9.0,9.0,,M,True,False,False,False,False,False,1.0,1.0,5.0
4582,458210,3.0,3.0,,M,True,False,False,False,False,False,1.0,1.0,5.0
4582,458211,5.0,5.0,,F,True,False,False,False,False,False,1.0,2.0,5.0
4582,458212,35.0,35.0,,F,False,False,False,False,False,True,2.0,2.0,1.0
4582,458213,12.0,12.0,,F,True,False,False,False,False,False,1.0,1.0,5.0
4583,458301,6.0,5.0,8.0,F,False,False,True,False,False,False,1.0,1.0,5.0
4583,458302,11.0,11.0,,F,True,False,False,False,False,False,1.0,2.0,1.0
4583,458303,38.0,38.0,,F,False,False,False,False,True,False,1.0,1.0,2.0
4583,458304,7.0,7.0,,F,False,False,True,False,False,False,1.0,2.0,1.0
4583,458305,8.0,8.0,,M,False,False,True,False,False,False,1.0,1.0,2.0
4583,458306,11.0,11.0,,M,False,False,False,False,True,False,1.0,2.0,2.0
4583,458307,5.0,5.0,,M,False,False,False,False,True,False,1.0,2.0,2.0
4583,458308,8.0,8.0,,F,False,False,True,False,False,False,1.0,2.0,2.0
4583,458309,25.0,25.0,,M,False,False,False,False,True,False,2.0,2.0,2.0
4583,458310,60.0,60.0,,M,True,False,False,False,False,False,3.0,2.0,1.0
4583,458311,7.0,7.0,8.0,F,False,False,True,False,False,False,1.0,1.0,1.0
4583,458312,7.0,7.0,8.0,M,False,False,True,False,False,False,1.0,2.0,4.0
4583,458313,7.0,7.0,8.0,M,False,False,True,False,False,False,,2.0,3.0
4583,458314,7.0,7.0,8.0,M,False,False,True,False,False,False,1.0,2.0,2.0
4583,458315,6.0,5.0,8.0,M,False,False,True,False,False,False,1.0,1.0,4.0
4583,458316,42.0,40.0,45.0,F,True,False,False,False,False,False,1.0,1.0,3.0
4583,458317,35.0,30.0,40.0,F,False,False,True,False,False,False,2.0,2.0,2.0
4583,458318,5.0,5.0,,F,False,False,False,False,True,False,2.0,1.0,4.0
4583,458319,10.0,8.0,12.0,F,True,False,False,False,False,False,1.0,1.0,5.0
4583,458320,27.0,24.0,30.0,F,False,False,True,False,False,False,2.0,2.0,3.0
4583,458321,42.0,42.0,,M,True,False,False,False,False,False,1.0,1.0,4.0
4584,458401,8.0,8.0,,M,True,False,False,False,False,False,2.0,2.0,4.0
4584,458402,22.0,22.0,,F,True,False,False,False,False,False,1.0,1.0,4.0
4584,458403,6.0,6.0,,F,False,False,True,False,False,False,1.0,1.0,4.0
4584,458404,6.0,6.0,,F,False,False,True,False,False,False,1.0,1.0,4.0
4584,458405,6.0,6.0,,F,False,False,True,False,False,False,1.0,1.0,4.0
4584,458406,30.0,30.0,,F,True,False,False,False,False,False,1.0,1.0,3.0
4584,458407,6.0,6.0,,F,False,False,True,False,False,False,1.0,2.0,4.0
4584,458408,39.0,39.0,,M,True,False,False,False,False,False,1.0,1.0,3.0
4584,458409,6.0,6.0,,F,False,False,True,False,False,False,1.0,1.0,4.0
4585,458501,6.0,6.0,,F,True,False,False,False,False,False,1.0,1.0,5.0
4585,458502,27.0,27.0,,F,True,False,False,False,False,False,1.0,1.0,5.0
4585,458503,36.0,36.0,,M,True,False,False,False,False,False,1.0,1.0,5.0
4585,458504,0.0,0.0,,M,True,False,False,False,False,False,1.0,1.0,5.0
4587,458701,7.0,7.0,,F,True,False,False,False,False,False,1.0,1.0,5.0
4587,458702,4.0,4.0,,F,False,False,True,False,False,False,1.0,1.0,
4587,458703,4.0,4.0,,F,False,False,True,False,False,False,1.0,1.0,3.0
4587,458704,3.0,3.0,,M,False,False,True,False,False,False,1.0,1.0,3.0
4587,458705,3.0,3.0,,M,False,False,True,False,False,False,1.0,1.0,3.0
4587,458706,3.0,3.0,,M,False,False,True,False,False,False,1.0,1.0,3.0
4587,458707,34.0,34.0,,F,False,False,False,False,False,True,1.0,,3.0
4587,458708,9.0,9.0,,M,True,False,False,False,False,False,1.0,1.0,5.0
4587,458709,60.0,60.0,,F,False,False,False,False,False,True,1.0,1.0,4.0
4588,458801,3.0,3.0,,M,False,False,False,True,False,False,1.0,1.0,4.0
4588,458802,20.0,20.0,,F,False,False,False,True,False,False,1.0,1.0,4.0
4588,458803,21.0,21.0,,M,True,False,False,False,False,False,1.0,1.0,5.0
4588,458804,4.0,4.0,,M,True,False,False,False,False,False,1.0,1.0,5.0
4588,458805,21.0,21.0,,F,True,False,False,False,False,False,1.0,1.0,5.0
4589,458901,28.0,28.0,,F,True,False,True,True,True,False,1.0,1.0,5.0
4589,458902,53.0,53.0,,F,False,False,False,False,False,True,2.0,1.0,4.0
4589,458903,50.0,50.0,,M,False,False,False,False,False,True,2.0,1.0,4.0
4589,458904,32.0,30.0,35.0,F,False,False,False,False,True,False,5.0,1.0,1.0
4589,458905,30.0,30.0,,F,True,False,False,False,False,False,2.0,1.0,3.0
4589,458906,8.0,8.0,,,False,False,True,True,True,False,1.0,1.0,4.0
4589,458907,6.0,6.0,,,False,False,True,True,True,False,1.0,1.0,4.0
4589,458908,7.0,7.0,,M,True,False,False,True,True,False,1.0,1.0,5.0
4590,459001,46.0,46.0,,F,False,False,False,False,False,True,3.0,1.0,3.0
4590,459002,49.0,49.0,,M,False,False,False,False,False,True,3.0,1.0,3.0
4590,459003,57.0,57.0,,F,True,False,False,False,False,False,1.0,1.0,4.0
4590,459004,70.0,70.0,,M,True,False,False,False,False,False,1.0,1.0,4.0
4590,459005,50.0,50.0,,F,True,False,False,False,False,False,1.0,1.0,4.0
4590,459006,27.0,27.0,,F,True,False,False,False,False,False,1.0,1.0,5.0
4590,459007,28.0,28.0,,F,True,False,False,False,False,False,1.0,1.0,4.0
4591,459101,13.0,13.0,,F,True,False,False,False,False,False,4.0,2.0,2.0
4591,459102,45.0,40.0,50.0,F,True,False,False,False,False,False,2.0,2.0,4.0
4591,459103,7.0,7.0,,M,True,False,False,False,False,False,1.0,1.0,4.0
4591,459104,8.0,8.0,,,True,False,False,False,False,False,1.0,2.0,4.0
4591,459105,11.0,11.0,,F,True,False,False,True,False,False,1.0,1.0,5.0
4591,459106,45.0,40.0,50.0,F,False,False,True,False,False,False,3.0,2.0,1.0
4591,459107,8.0,8.0,,M,False,False,True,False,False,False,2.0,2.0,1.0
4592,459201,5.0,5.0,,F,False,False,True,False,False,False,1.0,,5.0
4592,459202,32.0,30.0,35.0,F,False,False,False,False,False,True,2.0,,1.0
4592,459203,60.0,60.0,,M,True,False,False,False,False,False,2.0,,4.0
4592,459204,5.0,5.0,,F,False,False,True,False,False,False,1.0,,5.0
4592,459205,30.0,25.0,35.0,F,False,False,True,False,False,False,1.0,1.0,5.0
4592,459206,10.0,10.0,,M,True,False,False,False,False,False,1.0,1.0,5.0
4592,459207,7.0,7.0,,F,True,False,False,False,False,False,1.0,1.0,5.0
4592,459208,35.0,35.0,,M,True,False,False,False,False,False,1.0,1.0,5.0
4592,459209,34.0,34.0,,F,True,False,False,False,False,False,1.0,1.0,5.0
4592,459210,58.0,58.0,,F,True,False,False,False,False,False,2.0,1.0,4.0
4593,459301,5.0,5.0,,M,False,False,False,False,False,False,1.0,1.0,4.0
4593,459302,31.0,31.0,,F,False,False,False,False,False,True,1.0,1.0,4.0
4593,459303,5.0,5.0,,F,False,False,False,False,False,False,1.0,1.0,4.0
4593,459304,5.0,5.0,,M,False,False,False,False,False,False,1.0,1.0,5.0
4593,459305,5.0,5.0,,F,False,False,False,False,False,False,1.0,1.0,4.0
4593,459306,5.0,5.0,,F,False,False,False,False,False,False,1.0,1.0,4.0
4593,459307,5.0,5.0,,M,False,False,False,False,False,False,1.0,1.0,5.0
4593,459308,22.0,20.0,25.0,F,False,False,True,False,False,False,1.0,1.0,5.0
4593,459309,13.0,13.0,,M,True,False,False,False,False,False,1.0,1.0,5.0
4593,459310,34.0,34.0,,F,True,False,False,False,False,False,1.0,1.0,5.0
4594,459401,27.0,25.0,30.0,F,False,False,True,False,False,False,2.0,1.0,4.0
4594,459402,25.0,25.0,,F,True,False,False,False,False,False,2.0,1.0,4.0
4594,459403,26.0,26.0,,F,True,False,False,False,False,False,2.0,1.0,4.0
4594,459404,27.0,27.0,,F,True,False,False,False,False,False,2.0,1.0,4.0
4594,459405,1.0,1.0,2.0,M,False,False,True,False,False,False,2.0,1.0,4.0
4594,459406,1.0,1.0,2.0,F,False,False,True,False,False,False,2.0,1.0,4.0
4594,459407,2.0,2.0,3.0,M,False,False,True,False,False,False,2.0,1.0,4.0
4594,459408,2.0,2.0,3.0,F,False,False,True,False,False,False,2.0,1.0,4.0
4594,459409,0.0,0.0,1.0,F,False,False,True,False,False,False,2.0,2.0,4.0
4594,459410,32.0,30.0,35.0,F,False,False,True,False,False,False,2.0,1.0,4.0
4594,459411,1.0,1.0,2.0,M,False,False,True,False,False,False,2.0,1.0,4.0
4594,459412,26.0,26.0,,F,True,False,False,False,False,False,1.0,1.0,5.0
4594,459413,42.0,40.0,45.0,F,False,False,True,False,False,False,2.0,1.0,4.0
4594,459414,22.0,20.0,25.0,F,False,False,True,False,False,False,2.0,1.0,4.0
4594,459415,1.0,1.0,2.0,M,False,False,True,False,False,False,2.0,1.0,4.0
4594,459416,19.0,18.0,21.0,F,False,False,True,False,False,False,2.0,1.0,4.0
4594,459417,1.0,1.0,2.0,F,False,False,True,False,False,False,2.0,1.0,4.0
4595,459501,22.0,22.0,,M,True,False,False,False,False,False,1.0,1.0,5.0
4595,459502,20.0,20.0,,F,True,False,False,False,False,False,1.0,1.0,5.0
4596,459601,72.0,70.0,75.0,M,False,False,False,False,False,True,2.0,1.0,4.0
4596,459602,17.0,15.0,20.0,F,False,False,False,False,False,True,1.0,1.0,4.0
4596,459603,17.0,15.0,20.0,M,False,False,False,False,False,True,1.0,1.0,4.0
4596,459604,22.0,20.0,25.0,F,False,False,False,False,False,True,2.0,1.0,4.0
4596,459605,22.0,20.0,25.0,M,False,False,False,False,False,True,2.0,1.0,4.0
4596,459606,42.0,40.0,45.0,M,False,False,False,False,False,True,1.0,1.0,4.0
4596,459607,42.0,40.0,45.0,F,True,False,False,False,False,False,1.0,1.0,4.0
4596,459608,22.0,20.0,25.0,M,False,False,False,False,False,True,1.0,1.0,4.0
4596,459609,72.0,70.0,75.0,F,False,False,False,False,False,True,2.0,1.0,4.0
4596,459610,42.0,40.0,45.0,F,False,False,False,False,False,True,1.0,1.0,4.0
4596,459611,42.0,40.0,45.0,M,True,False,False,False,False,False,1.0,1.0,4.0
4596,459612,17.0,15.0,20.0,M,False,False,False,False,False,True,1.0,1.0,4.0
4597,459701,43.0,43.0,,F,True,False,False,False,False,False,1.0,1.0,2.0
4597,459702,49.0,49.0,,M,True,False,False,False,False,False,1.0,1.0,2.0
4597,459703,37.0,35.0,40.0,F,False,False,True,False,False,False,3.0,1.0,1.0
4597,459704,9.0,9.0,,F,False,False,True,False,False,False,1.0,1.0,5.0
4597,459705,9.0,9.0,,F,False,False,True,False,False,False,1.0,1.0,5.0
4597,459706,5.0,5.0,,M,True,False,False,False,False,False,1.0,1.0,5.0
4597,459707,26.0,26.0,,M,True,False,False,False,False,False,1.0,1.0,5.0
4597,459708,24.0,24.0,,F,True,False,False,False,False,False,1.0,1.0,5.0
4597,459709,30.0,30.0,,F,False,False,True,False,False,False,1.0,1.0,5.0
4598,459801,51.0,51.0,,F,True,False,False,False,False,False,2.0,1.0,5.0
4598,459802,5.0,5.0,,M,False,False,True,False,False,False,1.0,2.0,5.0
4598,459803,34.0,34.0,,F,False,False,False,False,False,False,1.0,1.0,4.0
4598,459804,6.0,6.0,,M,False,False,False,False,True,False,2.0,2.0,3.0
4598,459805,5.0,5.0,,F,False,False,False,False,True,False,2.0,2.0,3.0
4598,459806,47.0,45.0,50.0,F,False,False,False,False,True,False,2.0,2.0,3.0
4598,459807,12.0,12.0,,F,True,False,False,False,False,False,2.0,1.0,4.0
4598,459808,5.0,5.0,,F,True,False,False,False,False,False,1.0,1.0,5.0
4598,459809,4.0,4.0,,F,True,False,False,False,False,False,1.0,1.0,5.0
4598,459810,42.0,42.0,,M,True,False,False,True,False,False,1.0,1.0,5.0
4598,459811,30.0,28.0,33.0,F,False,False,True,False,False,False,1.0,2.0,5.0
4598,459812,11.0,11.0,,F,True,False,True,False,False,False,1.0,1.0,5.0
4598,459813,37.0,37.0,,F,True,False,False,True,True,False,1.0,1.0,5.0
4598,459814,37.0,35.0,40.0,F,False,False,True,False,False,False,1.0,2.0,5.0
4598,459815,4.0,4.0,,F,False,False,True,False,False,False,1.0,1.0,5.0
4598,459816,6.0,6.0,,M,False,False,True,False,False,False,1.0,1.0,5.0
4598,459817,5.0,5.0,,F,False,False,True,False,False,False,1.0,1.0,5.0
4598,459818,4.0,4.0,,M,True,False,False,False,False,False,1.0,1.0,5.0
4598,459819,4.0,4.0,,F,False,False,True,False,False,False,1.0,1.0,5.0
4598,459820,8.0,8.0,,F,True,False,True,False,True,False,1.0,1.0,5.0
4598,459821,42.0,42.0,,F,False,False,False,False,False,True,1.0,2.0,4.0
4599,459901,3.0,3.0,,F,True,False,False,False,False,False,2.0,1.0,3.0
4599,459902,25.0,25.0,,F,True,False,False,False,False,False,2.0,,4.0
4599,459903,3.0,3.0,,F,True,False,False,False,False,False,2.0,1.0,3.0
4600,460001,33.0,33.0,,F,True,False,False,False,False,False,1.0,1.0,5.0
4600,460002,7.0,7.0,,F,True,False,False,False,False,False,1.0,1.0,5.0
4600,460003,45.0,45.0,,M,True,False,False,False,False,False,1.0,1.0,5.0
4601,460101,39.0,39.0,,M,True,False,False,False,False,False,1.0,1.0,5.0
4601,460102,35.0,30.0,40.0,F,False,False,True,False,False,False,2.0,1.0,4.0
4601,460103,9.0,9.0,,F,True,False,False,False,False,False,1.0,1.0,4.0
4601,460104,35.0,35.0,,F,True,False,False,False,False,False,1.0,1.0,5.0
4601,460105,35.0,30.0,40.0,F,False,False,True,False,False,False,2.0,1.0,4.0
4602,460201,45.0,40.0,50.0,,False,False,False,False,True,False,2.0,2.0,3.0
4602,460202,32.0,32.0,,,False,False,False,False,True,False,2.0,1.0,2.0
4602,460203,22.0,22.0,,,False,False,False,False,True,False,1.0,1.0,3.0
4602,460204,21.0,21.0,,,True,False,False,False,False,False,1.0,2.0,3.0
4602,460205,40.0,40.0,,,True,False,False,False,False,False,2.0,1.0,2.0
4602,460206,27.0,27.0,,,True,False,False,False,False,False,1.0,1.0,5.0
4602,460207,5.0,5.0,,M,False,False,True,False,False,False,1.0,1.0,4.0
4602,460208,5.0,5.0,,M,False,False,True,False,False,False,1.0,1.0,4.0
4602,460209,61.0,60.0,62.0,F,False,False,True,False,False,False,2.0,2.0,4.0
4602,460210,45.0,40.0,50.0,M,False,False,True,False,False,False,2.0,2.0,4.0
4602,460211,38.0,38.0,,F,False,False,True,False,False,False,2.0,2.0,4.0
4602,460212,6.0,6.0,,F,False,False,True,False,False,False,1.0,1.0,4.0
4602,460213,6.0,6.0,,F,False,False,True,False,False,False,1.0,1.0,4.0
4602,460214,6.0,6.0,,M,False,False,True,False,False,False,1.0,1.0,4.0
4602,460215,6.0,6.0,,M,False,False,True,False,False,False,1.0,1.0,4.0
4602,460216,5.0,5.0,,M,False,False,True,False,False,False,1.0,1.0,4.0
4602,460217,45.0,40.0,50.0,,False,False,False,False,True,False,2.0,2.0,3.0
4602,460218,28.0,28.0,,F,True,False,False,False,False,False,1.0,2.0,5.0
4602,460219,6.0,6.0,,F,False,False,True,False,False,False,1.0,1.0,4.0
4602,460220,6.0,6.0,,M,False,False,True,False,False,False,1.0,1.0,4.0
4602,460221,5.0,5.0,,F,False,False,True,False,False,False,1.0,1.0,4.0
4602,460222,5.0,5.0,,F,False,False,True,False,False,False,1.0,1.0,4.0
4602,460223,5.0,5.0,,F,False,False,True,False,False,False,1.0,1.0,4.0
4602,460224,5.0,5.0,,F,False,False,True,False,False,False,1.0,1.0,4.0
4602,460225,5.0,5.0,,F,False,False,True,False,False,False,1.0,1.0,4.0
4602,460226,5.0,5.0,,F,False,False,True,False,False,False,1.0,1.0,4.0
4602,460227,6.0,6.0,,F,False,False,True,False,False,False,1.0,1.0,4.0
4602,460228,6.0,6.0,,F,False,False,True,False,False,False,1.0,1.0,4.0
4602,460229,6.0,6.0,,F,False,False,True,False,False,False,1.0,1.0,4.0
4602,460230,5.0,5.0,,F,False,False,True,False,False,False,1.0,1.0,4.0
4603,460301,24.0,24.0,,F,True,False,False,False,False,True,2.0,1.0,4.0
4603,460302,20.0,20.0,,F,False,False,False,False,False,True,3.0,1.0,3.0
4603,460303,17.0,17.0,,M,False,False,False,False,False,True,3.0,,3.0
4603,460304,42.0,42.0,,M,False,False,False,False,False,True,3.0,1.0,4.0
4603,460305,52.0,52.0,,F,False,False,False,False,False,True,3.0,1.0,4.0
4603,460306,20.0,20.0,,F,True,False,False,False,False,False,2.0,1.0,4.0
4603,460307,1.0,1.0,,M,True,False,False,False,False,True,2.0,1.0,4.0
4603,460308,5.0,5.0,,M,True,False,False,False,False,False,1.0,1.0,5.0
4604,460401,74.0,74.0,,M,True,False,False,False,False,False,1.0,1.0,4.0
4604,460402,6.0,6.0,,F,False,False,True,False,False,False,1.0,2.0,1.0
4604,460403,1.0,1.0,,F,True,False,False,False,False,False,1.0,1.0,5.0
4604,460404,6.0,6.0,,M,True,False,False,False,False,False,1.0,1.0,5.0
4604,460405,6.0,6.0,,F,False,False,True,False,False,False,1.0,2.0,1.0
4604,460406,27.0,25.0,30.0,F,False,False,False,False,False,True,5.0,2.0,1.0
4604,460407,37.0,35.0,40.0,F,False,False,False,False,False,True,5.0,2.0,1.0
4604,460408,18.0,18.0,,F,True,False,False,False,False,False,1.0,1.0,5.0
4604,460409,34.0,32.0,36.0,F,False,False,True,False,False,False,1.0,2.0,3.0
4604,460410,34.0,32.0,36.0,F,False,False,True,False,False,False,1.0,2.0,1.0
4604,460411,52.0,52.0,,M,True,False,False,False,False,False,1.0,1.0,5.0
4604,460412,40.0,40.0,,F,True,False,False,False,False,False,1.0,1.0,4.0
4604,460413,32.0,32.0,,F,True,False,True,False,False,False,2.0,1.0,1.0
4604,460414,34.0,34.0,,M,True,False,False,False,False,False,2.0,1.0,3.0
4604,460415,17.0,17.0,,F,True,False,False,False,False,False,1.0,1.0,
4605,460501,39.0,39.0,,F,True,False,False,False,False,False,1.0,1.0,4.0
4605,460502,50.0,45.0,55.0,M,False,False,False,False,False,True,4.0,2.0,1.0
4605,460503,40.0,35.0,45.0,F,False,False,False,False,False,True,4.0,2.0,1.0
4605,460504,1.0,1.0,,F,True,False,False,False,False,False,1.0,1.0,4.0
4605,460505,20.0,20.0,,F,True,False,False,False,False,False,1.0,1.0,4.0
4605,460506,5.0,5.0,,M,True,False,False,False,False,False,1.0,2.0,4.0
4605,460507,45.0,40.0,50.0,F,False,False,False,False,False,True,5.0,2.0,1.0
4606,460601,40.0,40.0,,M,False,False,False,False,True,False,5.0,2.0,2.0
4606,460602,37.0,37.0,,F,True,False,False,False,False,False,1.0,1.0,4.0
4606,460603,42.0,42.0,,M,True,False,False,False,False,False,1.0,2.0,4.0
4606,460604,45.0,45.0,,M,False,False,False,False,True,False,2.0,1.0,1.0
4606,460605,10.0,10.0,,F,True,False,False,False,False,False,1.0,1.0,5.0
4606,460606,14.0,14.0,,M,True,False,False,False,False,False,1.0,1.0,5.0
4606,460607,39.0,39.0,,M,True,False,False,False,False,False,1.0,1.0,5.0
4606,460608,36.0,36.0,,F,True,False,False,False,False,False,1.0,1.0,5.0
4606,460609,9.0,9.0,,M,False,False,False,False,True,False,1.0,1.0,5.0
4607,460701,61.0,61.0,,M,True,False,False,False,False,False,2.0,1.0,4.0
4607,460702,37.0,37.0,,M,True,False,False,False,False,False,2.0,2.0,3.0
4607,460703,36.0,36.0,,F,True,False,False,False,False,False,2.0,2.0,3.0
4607,460704,8.0,8.0,,F,True,False,False,False,False,False,2.0,2.0,3.0
4607,460705,8.0,8.0,,F,True,False,False,False,False,False,2.0,2.0,3.0
4607,460706,58.0,58.0,,F,True,False,False,False,False,False,1.0,1.0,5.0
4607,460707,7.0,7.0,,F,True,False,False,False,False,False,2.0,2.0,3.0
4607,460708,60.0,60.0,,F,True,False,False,False,False,False,2.0,1.0,4.0
4607,460709,42.0,42.0,,M,True,False,False,False,False,False,1.0,2.0,5.0
4607,460710,7.0,7.0,,F,True,False,False,False,False,False,2.0,2.0,3.0
4608,460801,40.0,40.0,,F,True,False,False,False,False,False,1.0,1.0,5.0
4608,460802,24.0,24.0,,M,True,False,False,False,False,False,2.0,1.0,4.0
4608,460803,24.0,24.0,,M,True,False,False,False,False,False,1.0,1.0,5.0
4608,460804,21.0,21.0,,F,True,False,False,False,False,False,1.0,1.0,5.0
4608,460805,39.0,38.0,40.0,M,True,False,False,False,False,False,1.0,1.0,5.0
4609,460901,37.0,37.0,,F,True,False,False,False,False,False,1.0,1.0,5.0
4609,460902,7.0,7.0,,M,True,False,False,False,False,False,1.0,1.0,5.0
4609,460903,7.0,7.0,,M,True,False,False,False,False,False,1.0,1.0,5.0
4609,460904,7.0,7.0,,M,True,False,False,False,False,False,1.0,1.0,5.0
4609,460905,7.0,7.0,,M,True,False,False,False,False,False,1.0,1.0,5.0
4609,460906,7.0,7.0,,M,True,False,False,False,False,False,1.0,1.0,5.0
4609,460907,7.0,7.0,,F,True,False,False,False,False,False,1.0,1.0,5.0
4609,460908,32.0,30.0,35.0,F,False,False,False,False,True,False,2.0,1.0,3.0
4609,460909,32.0,30.0,35.0,M,False,False,False,False,True,False,2.0,1.0,3.0
4609,460910,68.0,68.0,,F,True,False,False,False,False,False,2.0,1.0,4.0
4609,460911,69.0,69.0,,M,True,False,False,False,False,False,2.0,1.0,4.0
4610,461001,5.0,5.0,6.0,M,False,False,True,False,True,False,1.0,1.0,4.0
4610,461002,12.0,12.0,13.0,M,True,False,False,False,False,False,1.0,1.0,4.0
4610,461003,5.0,5.0,6.0,M,False,False,True,False,True,False,1.0,2.0,4.0
4610,461004,5.0,5.0,6.0,M,False,False,True,False,True,False,1.0,2.0,4.0
4610,461005,6.0,6.0,7.0,M,False,False,True,False,True,False,1.0,1.0,4.0
4610,461006,50.0,45.0,55.0,F,False,False,False,False,True,False,2.0,2.0,4.0
4610,461007,40.0,35.0,45.0,M,False,False,False,False,True,False,1.0,2.0,4.0
4610,461008,50.0,45.0,55.0,F,False,False,False,False,True,False,2.0,1.0,4.0
4610,461009,40.0,35.0,45.0,F,False,False,False,False,True,False,2.0,1.0,4.0
4610,461010,40.0,35.0,45.0,F,False,False,True,False,True,False,2.0,2.0,4.0
4610,461011,47.0,45.0,50.0,F,False,False,False,False,True,False,2.0,,4.0
4610,461012,6.0,6.0,7.0,M,False,False,True,False,False,False,1.0,1.0,3.0
4610,461013,42.0,40.0,45.0,F,False,False,True,False,False,False,1.0,2.0,3.0
4610,461014,37.0,35.0,40.0,M,True,False,False,False,False,False,1.0,1.0,4.0
4610,461015,37.0,35.0,40.0,F,True,False,False,False,False,False,1.0,2.0,4.0
4610,461016,37.0,35.0,40.0,F,False,False,True,False,False,False,1.0,1.0,3.0
4610,461017,30.0,25.0,35.0,F,False,False,True,False,False,False,1.0,1.0,4.0
4610,461018,6.0,6.0,7.0,F,False,False,True,False,False,False,1.0,2.0,2.0
4610,461019,6.0,6.0,7.0,F,False,False,True,False,False,False,1.0,2.0,2.0
4610,461020,6.0,6.0,7.0,M,False,False,True,False,False,False,1.0,2.0,3.0
4610,461021,6.0,6.0,7.0,M,False,False,True,False,False,False,1.0,2.0,3.0
4610,461022,40.0,35.0,45.0,M,False,False,False,False,True,False,1.0,,4.0
4611,461101,42.0,42.0,,M,False,False,False,False,False,True,1.0,1.0,4.0
4611,461102,30.0,30.0,,F,False,False,False,True,False,True,4.0,2.0,2.0
4611,461103,24.0,24.0,,M,True,False,False,False,False,False,2.0,1.0,2.0
4611,461104,3.0,3.0,,F,True,False,False,True,False,False,1.0,1.0,5.0
4611,461105,10.0,10.0,,M,True,False,False,True,False,False,1.0,1.0,5.0
4611,461106,34.0,34.0,,M,True,False,False,False,False,False,1.0,1.0,5.0
4611,461107,28.0,28.0,,F,True,False,False,True,False,False,1.0,1.0,5.0
4611,461108,43.0,43.0,,F,False,False,False,False,False,True,1.0,1.0,4.0
4611,461109,56.0,56.0,,F,False,False,False,False,False,False,3.0,1.0,3.0
4611,461110,55.0,55.0,,M,False,False,False,False,False,True,2.0,1.0,3.0
4611,461111,32.0,32.0,,M,True,False,False,False,False,False,2.0,1.0,2.0
4612,461201,3.0,3.0,,M,False,False,False,False,True,False,2.0,2.0,4.0
4612,461202,61.0,61.0,,,False,False,False,False,False,True,1.0,2.0,1.0
4612,461203,2.0,2.0,,F,False,False,False,False,True,False,2.0,1.0,4.0
4612,461204,7.0,7.0,,M,False,False,False,False,True,False,2.0,1.0,4.0
4612,461205,37.0,37.0,,M,False,False,False,False,True,False,2.0,2.0,4.0
4612,461206,1.0,1.0,,F,False,False,False,False,True,False,2.0,1.0,4.0
4612,461207,8.0,8.0,,F,False,False,False,False,True,False,2.0,1.0,4.0
4612,461208,29.0,29.0,,M,False,False,False,False,True,False,2.0,2.0,4.0
4612,461209,4.0,4.0,,,False,False,False,False,True,False,2.0,1.0,4.0
4612,461210,52.0,50.0,55.0,F,False,False,False,False,False,True,5.0,1.0,1.0
4612,461211,34.0,34.0,,M,True,False,False,False,False,False,1.0,1.0,5.0
4612,461212,27.0,27.0,,M,False,False,False,False,True,False,2.0,2.0,4.0
4612,461213,2.0,2.0,,F,True,False,False,False,False,False,1.0,1.0,5.0
4612,461214,4.0,4.0,,M,False,False,False,False,True,False,2.0,2.0,4.0
4612,461215,35.0,35.0,,M,False,False,False,False,True,False,2.0,1.0,4.0
4612,461216,3.0,3.0,,M,False,False,False,False,True,False,2.0,1.0,4.0
4612,461217,12.0,12.0,,F,False,False,False,False,True,False,2.0,1.0,4.0
4612,461218,14.0,14.0,,F,False,False,False,False,True,False,2.0,1.0,4.0
4612,461219,39.0,39.0,,M,False,False,False,False,True,False,2.0,1.0,4.0
4612,461220,25.0,25.0,,M,False,False,False,False,False,True,3.0,2.0,1.0
4612,461221,23.0,23.0,,F,True,False,False,False,False,False,1.0,1.0,5.0
4612,461222,31.0,31.0,,M,False,False,False,False,True,False,2.0,2.0,4.0
4613,461301,5.0,5.0,,F,True,False,False,False,False,False,1.0,1.0,
4613,461302,39.0,39.0,,M,True,False,False,False,False,False,2.0,1.0,4.0
4613,461303,35.0,35.0,,F,True,False,False,False,False,False,2.0,1.0,4.0
4613,461304,0.0,0.0,,M,True,False,False,False,False,False,1.0,1.0,5.0
4613,461305,37.0,37.0,,F,True,False,False,False,False,False,1.0,1.0,5.0
4613,461306,30.0,30.0,,M,True,False,False,False,False,False,1.0,1.0,5.0
4614,461401,41.0,41.0,,F,False,False,False,False,False,True,2.0,1.0,4.0
4614,461402,1.0,1.0,,M,True,False,False,False,False,False,1.0,1.0,3.0
4614,461403,36.0,36.0,,F,True,False,False,False,False,False,3.0,1.0,5.0
4614,461404,18.0,18.0,,F,True,False,False,False,False,False,1.0,2.0,4.0
4614,461405,1.0,1.0,,M,True,False,False,False,False,False,2.0,1.0,4.0
4614,461406,8.0,8.0,,F,False,False,False,False,False,True,2.0,1.0,3.0
4614,461407,16.0,16.0,,F,True,False,False,False,False,False,1.0,1.0,5.0
4614,461408,46.0,46.0,,M,True,False,False,False,False,False,1.0,1.0,3.0
4614,461409,45.0,45.0,,F,True,False,False,False,False,False,1.0,1.0,4.0
4614,461410,17.0,17.0,,M,True,False,False,False,False,False,1.0,1.0,5.0
4614,461411,28.0,28.0,,F,True,False,False,False,False,False,2.0,1.0,3.0
4615,461501,14.0,14.0,,F,True,False,False,False,False,False,1.0,1.0,1.0
4615,461502,45.0,45.0,,F,False,False,True,False,False,False,1.0,1.0,4.0
4615,461503,60.0,60.0,,F,False,False,True,False,False,False,1.0,2.0,2.0
4615,461504,60.0,60.0,,F,False,False,True,False,False,False,1.0,2.0,2.0
4615,461505,14.0,14.0,,M,True,False,False,False,False,False,1.0,2.0,1.0
4615,461506,15.0,15.0,,M,True,False,False,False,False,False,1.0,2.0,1.0
4615,461507,13.0,13.0,,M,True,False,False,False,False,False,1.0,2.0,1.0
4615,461508,4.0,4.0,,M,False,False,True,False,False,False,1.0,1.0,4.0
4615,461509,14.0,14.0,,F,True,False,False,False,False,False,1.0,1.0,1.0
4615,461510,4.0,4.0,,M,False,False,True,False,False,False,1.0,1.0,4.0
4615,461511,50.0,50.0,,F,False,False,False,False,False,True,1.0,1.0,4.0
4615,461512,50.0,50.0,,M,False,False,False,False,False,True,1.0,1.0,4.0
4615,461513,13.0,13.0,,M,True,False,False,False,False,False,1.0,2.0,1.0
4615,461514,13.0,13.0,,M,True,False,False,False,False,False,1.0,1.0,4.0
4615,461515,42.0,42.0,,F,True,False,False,False,False,False,1.0,1.0,5.0
4615,461516,39.0,39.0,,M,True,False,False,False,False,False,1.0,1.0,4.0
4615,461517,18.0,18.0,,F,True,False,False,False,False,False,1.0,1.0,4.0
4615,461518,35.0,35.0,,F,False,False,True,False,False,False,1.0,1.0,4.0
4615,461519,14.0,14.0,,M,True,False,False,False,False,False,1.0,1.0,4.0
4615,461520,3.0,3.0,,M,False,False,True,False,False,False,1.0,1.0,4.0
4615,461521,3.0,3.0,,F,False,False,True,False,False,False,1.0,1.0,4.0
4615,461522,3.0,3.0,,F,False,False,True,False,False,False,1.0,1.0,4.0
4615,461523,3.0,3.0,,F,False,False,True,False,False,False,1.0,1.0,4.0
4615,461524,3.0,3.0,,F,False,False,True,False,False,False,1.0,1.0,4.0
4615,461525,3.0,3.0,,F,False,False,True,False,False,False,1.0,1.0,4.0
4615,461526,4.0,4.0,,F,False,False,True,False,False,False,1.0,1.0,4.0
4615,461527,4.0,4.0,,F,False,False,True,False,False,False,1.0,1.0,4.0
4615,461528,3.0,3.0,,F,False,False,True,False,False,False,1.0,1.0,4.0
4615,461529,15.0,15.0,,F,True,False,False,False,False,False,1.0,1.0,4.0
4616,461601,7.0,7.0,,F,False,False,False,False,False,True,1.0,2.0,2.0
4616,461602,1.0,1.0,,M,False,False,False,False,False,True,2.0,1.0,3.0
4616,461603,4.0,4.0,,M,False,False,True,False,False,False,1.0,2.0,4.0
4616,461604,4.0,4.0,,M,False,False,True,False,False,False,1.0,2.0,4.0
4616,461605,4.0,4.0,,F,False,False,True,False,False,False,1.0,2.0,4.0
4616,461606,4.0,4.0,,F,False,False,True,False,False,False,1.0,2.0,4.0
4616,461607,7.0,7.0,,F,False,False,True,False,False,False,2.0,1.0,3.0
4616,461608,38.0,38.0,,M,True,False,False,False,False,False,1.0,1.0,5.0
4616,461609,32.0,30.0,35.0,F,False,False,False,False,False,True,1.0,2.0,2.0
4616,461610,32.0,30.0,35.0,F,True,False,False,False,False,False,1.0,2.0,2.0
4616,461611,32.0,32.0,,F,True,False,False,False,False,False,1.0,1.0,5.0
4616,461612,4.0,4.0,,F,False,False,True,False,False,False,1.0,1.0,4.0
4616,461613,42.0,40.0,45.0,F,False,False,True,False,False,False,1.0,1.0,4.0
4616,461614,42.0,40.0,45.0,F,False,False,True,False,False,False,1.0,1.0,4.0
4616,461615,7.0,7.0,,F,True,False,False,False,False,False,1.0,1.0,5.0
4616,461616,4.0,4.0,,F,False,False,True,False,False,False,1.0,2.0,4.0
4616,461617,32.0,30.0,35.0,F,False,False,False,False,False,True,2.0,2.0,3.0
4617,461701,50.0,50.0,,M,True,False,False,False,False,False,2.0,2.0,3.0
4617,461702,69.0,69.0,,F,False,False,False,False,False,True,1.0,1.0,4.0
4617,461703,9.0,9.0,,F,True,False,False,False,False,False,1.0,1.0,5.0
4617,461704,13.0,13.0,,M,True,False,False,False,False,False,1.0,1.0,5.0
4617,461705,33.0,33.0,,M,True,False,False,False,False,False,1.0,1.0,5.0
4617,461706,37.0,37.0,,F,True,False,False,False,False,False,2.0,1.0,3.0
4617,461707,31.0,31.0,,F,True,False,False,False,False,False,1.0,1.0,5.0
4618,461801,24.0,24.0,,F,False,False,False,False,True,False,1.0,1.0,5.0
4618,461802,26.0,26.0,,M,False,False,False,False,True,False,1.0,1.0,5.0
4618,461803,5.0,5.0,,M,False,False,False,False,True,False,1.0,1.0,4.0
4618,461804,5.0,5.0,,M,False,False,False,False,True,False,1.0,1.0,4.0
4619,461901,4.0,3.0,5.0,M,False,False,True,False,False,False,2.0,2.0,5.0
4619,461902,23.0,23.0,,F,False,False,True,False,False,False,2.0,2.0,4.0
4619,461903,3.0,3.0,,F,True,False,False,False,False,False,4.0,1.0,3.0
4619,461904,1.0,1.0,,F,True,False,False,False,False,False,4.0,1.0,3.0
4619,461905,29.0,29.0,,F,True,False,False,False,False,False,4.0,1.0,3.0
4619,461906,47.0,47.0,,F,True,False,False,False,False,False,3.0,1.0,2.0
4619,461907,22.0,20.0,25.0,F,False,False,False,False,False,True,5.0,2.0,1.0
4619,461908,37.0,35.0,40.0,F,False,False,False,True,False,False,5.0,2.0,1.0
4619,461909,70.0,65.0,75.0,F,False,False,False,True,False,False,5.0,2.0,1.0
4619,461910,42.0,40.0,45.0,M,False,False,False,True,False,False,5.0,2.0,2.0
4619,461911,4.0,3.0,5.0,M,False,False,True,False,False,False,2.0,1.0,5.0
4619,461912,24.0,20.0,28.0,F,False,False,True,False,False,False,2.0,1.0,5.0
4619,461913,4.0,3.0,5.0,F,False,False,True,False,False,False,2.0,1.0,5.0
4619,461914,5.0,5.0,,F,False,False,True,False,False,False,2.0,1.0,5.0
4619,461915,5.0,5.0,,F,False,False,True,False,False,False,2.0,2.0,5.0
4619,461916,18.0,18.0,,F,False,False,True,False,False,False,2.0,2.0,4.0
4619,461917,21.0,21.0,,F,False,False,True,False,False,False,2.0,1.0,4.0
4619,461918,24.0,20.0,28.0,F,False,False,True,False,False,False,2.0,1.0,5.0
4619,461919,4.0,3.0,5.0,M,False,False,True,False,False,False,2.0,2.0,5.0
4619,461920,5.0,5.0,,F,False,False,True,False,False,False,2.0,1.0,5.0
4619,461921,27.0,27.0,,F,True,False,False,False,True,False,1.0,1.0,5.0
4619,461922,26.0,26.0,,M,True,False,False,False,False,False,1.0,1.0,4.0
4620,462001,32.0,30.0,35.0,F,False,False,True,False,False,False,1.0,1.0,5.0
4620,462002,32.0,30.0,35.0,F,False,False,True,False,False,False,1.0,2.0,4.0
4620,462003,47.0,45.0,50.0,F,False,False,True,False,False,False,1.0,2.0,3.0
4620,462004,32.0,30.0,35.0,M,False,False,False,False,False,True,2.0,2.0,2.0
4620,462005,67.0,65.0,70.0,F,False,False,False,False,False,True,2.0,1.0,3.0
4620,462006,38.0,38.0,,F,True,False,False,False,False,False,2.0,1.0,3.0
4620,462007,7.0,7.0,8.0,,False,False,True,False,False,False,1.0,1.0,5.0
4620,462008,27.0,25.0,30.0,F,False,False,True,False,False,False,1.0,1.0,4.0
4620,462009,37.0,35.0,40.0,M,False,False,False,False,False,True,2.0,2.0,2.0
4620,462010,8.0,8.0,,M,False,False,True,False,False,False,1.0,2.0,4.0
4620,462011,7.0,7.0,,F,False,False,True,False,False,False,1.0,1.0,5.0
4620,462012,7.0,7.0,,F,False,False,True,False,False,False,1.0,1.0,5.0
4620,462013,7.0,7.0,,F,False,False,True,False,False,False,1.0,1.0,5.0
4620,462014,6.0,6.0,,M,False,False,True,False,False,False,1.0,1.0,5.0
4620,462015,41.0,41.0,,M,True,False,False,False,False,False,1.0,1.0,5.0
4620,462016,8.0,8.0,,F,True,False,False,False,False,False,1.0,1.0,5.0
4620,462017,35.0,35.0,,F,True,False,False,False,False,False,1.0,1.0,5.0
4620,462018,7.0,7.0,,F,False,False,True,False,False,False,1.0,1.0,5.0
4620,462019,9.0,9.0,,M,False,False,True,False,False,False,1.0,2.0,4.0
4621,462101,6.0,6.0,7.0,M,False,False,True,False,False,False,1.0,1.0,5.0
4621,462102,5.0,5.0,,M,True,False,False,False,False,False,1.0,2.0,4.0
4621,462103,42.0,40.0,45.0,M,False,False,False,False,False,True,2.0,1.0,3.0
4621,462104,6.0,6.0,7.0,F,False,False,True,False,False,False,1.0,1.0,5.0
4621,462105,7.0,7.0,,F,True,False,False,False,False,False,,1.0,5.0
4621,462106,9.0,9.0,,M,True,False,False,False,False,False,1.0,1.0,5.0
4621,462107,33.0,33.0,,M,True,False,False,False,False,False,1.0,1.0,5.0
4621,462108,25.0,25.0,,F,True,False,False,False,False,False,1.0,1.0,5.0
4621,462109,52.0,50.0,55.0,F,False,False,False,False,False,True,2.0,1.0,3.0
4622,462201,39.0,35.0,43.0,F,False,False,False,False,False,True,2.0,2.0,2.0
4622,462202,24.0,24.0,,F,False,False,False,True,False,False,1.0,1.0,2.0
4622,462203,18.0,18.0,,F,False,False,False,True,False,False,1.0,2.0,2.0
4622,462204,15.0,15.0,,F,False,False,False,False,True,False,1.0,1.0,1.0
4622,462205,12.0,12.0,,M,False,False,False,True,False,False,5.0,2.0,1.0
4622,462206,27.0,25.0,29.0,F,False,False,False,False,False,True,5.0,2.0,1.0
4622,462207,19.0,19.0,,M,False,False,False,True,False,False,5.0,1.0,2.0
4622,462208,10.0,9.0,12.0,F,False,False,False,True,False,False,2.0,1.0,2.0
4622,462209,39.0,39.0,,F,False,False,False,True,False,False,1.0,2.0,1.0
4622,462210,20.0,18.0,23.0,M,False,False,False,False,False,True,1.0,2.0,1.0
4622,462211,14.0,13.0,16.0,F,False,False,False,False,False,True,5.0,1.0,2.0
4622,462212,38.0,34.0,42.0,F,False,False,False,True,False,False,2.0,1.0,2.0
4622,462213,30.0,29.0,31.0,F,False,False,False,False,False,True,2.0,1.0,2.0
4622,462214,29.0,29.0,,F,False,False,False,False,False,True,5.0,2.0,2.0
4622,462215,40.0,39.0,42.0,M,False,False,False,True,False,False,2.0,1.0,3.0
4622,462216,21.0,21.0,,M,False,False,False,False,True,False,1.0,1.0,1.0
4622,462217,35.0,35.0,,F,False,False,False,False,False,True,2.0,2.0,2.0
4622,462218,27.0,21.0,33.0,M,False,False,False,False,False,True,5.0,2.0,2.0
4624,462401,34.0,33.0,36.0,M,False,False,False,False,True,False,1.0,2.0,2.0
4624,462402,47.0,46.0,49.0,F,False,False,False,False,True,False,1.0,1.0,1.0
4624,462403,34.0,34.0,,F,False,False,False,False,True,False,5.0,1.0,2.0
4624,462404,26.0,26.0,,M,False,False,False,False,False,True,5.0,2.0,2.0
4624,462405,49.0,48.0,50.0,F,False,False,False,False,False,True,1.0,1.0,2.0
4624,462406,54.0,54.0,,M,False,False,False,False,True,False,5.0,1.0,1.0
4624,462407,38.0,36.0,40.0,F,False,False,False,True,False,False,2.0,2.0,2.0
4624,462408,27.0,26.0,28.0,M,False,False,False,False,False,True,2.0,2.0,1.0
4624,462409,43.0,42.0,44.0,F,False,False,False,False,True,False,5.0,2.0,1.0
4624,462410,37.0,36.0,39.0,M,False,False,False,False,False,True,3.0,2.0,2.0
4624,462411,44.0,43.0,45.0,M,False,False,False,False,True,False,5.0,2.0,2.0
4624,462412,36.0,35.0,38.0,M,False,False,False,True,False,False,2.0,1.0,2.0
4624,462413,43.0,42.0,45.0,M,False,False,False,False,False,True,3.0,2.0,2.0
4624,462414,33.0,32.0,35.0,F,False,False,False,False,False,True,5.0,1.0,2.0
4624,462415,29.0,29.0,,F,False,False,False,False,False,True,1.0,2.0,1.0
4624,462416,34.0,33.0,36.0,M,False,False,False,False,True,False,2.0,1.0,2.0
4624,462417,26.0,26.0,,F,True,False,False,False,False,False,1.0,1.0,1.0
4625,462501,7.0,7.0,,F,False,False,True,False,False,False,1.0,1.0,4.0
4625,462502,42.0,42.0,,F,True,False,False,False,True,False,1.0,1.0,5.0
4625,462503,7.0,7.0,,M,False,False,True,False,False,False,1.0,2.0,3.0
4625,462504,7.0,7.0,,M,False,False,True,False,False,False,1.0,2.0,3.0
4625,462505,7.0,7.0,,F,False,False,True,False,False,False,1.0,2.0,3.0
4625,462506,7.0,7.0,,M,False,False,True,False,False,False,1.0,2.0,3.0
4625,462507,7.0,7.0,,M,False,False,True,False,False,False,1.0,1.0,3.0
4625,462508,38.0,38.0,,F,False,False,True,False,False,False,2.0,1.0,2.0
4625,462509,7.0,7.0,,F,False,False,True,False,False,False,1.0,2.0,4.0
4625,462510,47.0,45.0,50.0,F,False,False,True,False,False,False,2.0,2.0,4.0
4625,462511,30.0,25.0,35.0,F,False,False,True,False,False,False,1.0,2.0,3.0
4625,462512,50.0,45.0,55.0,F,False,False,True,False,False,False,1.0,2.0,3.0
4625,462513,50.0,45.0,55.0,F,False,False,True,False,False,False,1.0,2.0,3.0
4625,462514,7.0,7.0,,M,False,False,True,False,True,False,1.0,1.0,5.0
4625,462515,7.0,7.0,,M,True,False,True,True,False,False,1.0,1.0,4.0
4625,462516,9.0,9.0,,F,True,False,False,False,True,False,1.0,1.0,4.0
4625,462517,30.0,30.0,,M,True,False,False,True,False,False,2.0,2.0,3.0
4626,462601,42.0,40.0,45.0,M,False,False,False,False,False,True,5.0,2.0,4.0
4626,462602,42.0,40.0,45.0,F,False,False,False,False,False,True,5.0,2.0,1.0
4626,462603,42.0,40.0,45.0,M,False,False,False,False,False,True,5.0,2.0,1.0
4626,462604,8.0,8.0,,F,False,False,False,False,False,True,3.0,2.0,4.0
4626,462605,5.0,5.0,,F,False,False,False,False,False,True,3.0,1.0,4.0
4626,462606,71.0,71.0,,F,False,False,False,False,False,True,2.0,2.0,3.0
4626,462607,42.0,42.0,,M,False,False,False,False,False,True,3.0,2.0,4.0
4626,462608,40.0,40.0,,F,False,False,False,False,False,True,3.0,1.0,4.0
4626,462609,11.0,11.0,,F,True,False,False,False,False,False,1.0,1.0,5.0
4626,462610,40.0,40.0,,F,True,False,False,False,False,False,1.0,1.0,5.0
4626,462611,12.0,12.0,,F,True,False,False,False,False,False,1.0,1.0,5.0
4626,462612,39.0,39.0,,M,True,False,False,False,False,False,1.0,1.0,5.0
4626,462613,32.0,30.0,35.0,F,False,False,False,False,False,True,5.0,2.0,4.0
4627,462701,10.0,10.0,,M,True,False,False,False,False,False,2.0,1.0,3.0
4627,462702,28.0,28.0,,F,True,False,False,False,False,False,1.0,1.0,5.0
4627,462703,20.0,20.0,,F,True,False,False,False,False,False,2.0,2.0,3.0
4627,462704,8.0,8.0,,M,True,False,False,False,False,False,2.0,1.0,4.0
4627,462705,42.0,42.0,,M,True,False,False,False,False,False,1.0,1.0,5.0
4627,462706,35.0,30.0,40.0,F,False,False,False,False,False,True,5.0,2.0,1.0
4628,462801,50.0,50.0,,F,True,False,False,False,False,False,2.0,1.0,4.0
4628,462802,27.0,27.0,,F,True,False,False,False,False,False,1.0,1.0,5.0
4628,462803,37.0,35.0,40.0,M,False,False,False,False,True,False,3.0,2.0,2.0
4628,462804,42.0,40.0,45.0,F,False,False,False,False,True,False,3.0,1.0,2.0
4628,462805,51.0,51.0,,F,True,False,False,False,False,False,4.0,1.0,4.0
4628,462806,25.0,25.0,,F,False,False,False,False,False,True,3.0,1.0,1.0
4628,462807,30.0,30.0,,F,False,False,True,False,False,False,2.0,1.0,1.0
4628,462808,42.0,40.0,45.0,F,False,False,False,False,False,True,2.0,2.0,1.0
4628,462809,37.0,35.0,40.0,F,False,False,False,False,False,True,2.0,1.0,1.0
4628,462810,32.0,30.0,35.0,F,False,False,True,False,False,False,2.0,2.0,1.0
4628,462811,37.0,35.0,40.0,F,False,False,True,False,False,False,2.0,2.0,1.0
4628,462812,31.0,31.0,,M,True,False,False,False,False,False,1.0,1.0,5.0
4628,462813,4.0,4.0,,F,True,False,False,False,False,False,1.0,1.0,5.0
4628,462814,27.0,25.0,30.0,F,False,False,True,False,False,False,2.0,2.0,1.0
4629,462901,20.0,20.0,,F,True,False,False,False,False,False,1.0,1.0,5.0
4629,462902,3.0,3.0,,M,False,False,True,False,False,False,2.0,1.0,5.0
4629,462903,19.0,19.0,,F,True,False,False,False,False,False,3.0,1.0,3.0
4629,462904,16.0,16.0,,F,False,False,False,False,True,False,4.0,1.0,2.0
4629,462905,3.0,3.0,,M,False,False,True,False,False,False,2.0,1.0,5.0
4629,462906,3.0,3.0,,M,False,False,True,False,False,False,2.0,2.0,5.0
4629,462907,3.0,3.0,,F,False,False,True,False,False,False,2.0,1.0,5.0
4629,462908,3.0,3.0,,F,False,False,True,False,False,False,2.0,2.0,5.0
4629,462909,45.0,45.0,,M,True,False,False,False,False,False,1.0,1.0,5.0
4630,463001,58.0,58.0,,F,True,False,False,False,False,False,2.0,1.0,4.0
4630,463002,19.0,19.0,,F,False,False,False,False,True,False,4.0,1.0,3.0
4630,463003,62.0,62.0,,M,True,False,False,False,False,False,2.0,1.0,4.0
4630,463004,1.0,1.0,,F,True,False,False,False,False,False,1.0,1.0,5.0
4630,463005,30.0,30.0,,F,True,False,False,False,False,False,1.0,1.0,5.0
4630,463006,27.0,27.0,,M,True,False,False,False,False,False,1.0,1.0,5.0
4630,463007,30.0,30.0,,M,True,False,False,False,False,False,3.0,1.0,4.0
4631,463101,42.0,42.0,,F,True,False,False,False,False,False,2.0,2.0,4.0
4631,463102,6.0,6.0,7.0,M,False,False,True,False,False,False,1.0,1.0,5.0
4631,463103,7.0,7.0,,M,False,False,True,False,False,False,1.0,1.0,5.0
4631,463104,7.0,7.0,,M,False,False,True,False,False,False,1.0,1.0,5.0
4631,463105,7.0,7.0,,M,False,False,True,False,False,False,1.0,1.0,5.0
4631,463106,7.0,7.0,,M,False,False,True,False,False,False,1.0,1.0,5.0
4631,463107,6.0,6.0,7.0,M,False,False,True,False,False,False,1.0,1.0,5.0
4631,463108,6.0,6.0,,M,False,False,True,False,False,False,1.0,1.0,5.0
4631,463109,7.0,7.0,,M,False,False,True,False,False,False,1.0,1.0,5.0
4631,463110,6.0,6.0,7.0,F,False,False,True,False,False,False,1.0,1.0,5.0
4631,463111,6.0,6.0,7.0,F,False,False,True,False,False,False,1.0,1.0,5.0
4631,463112,27.0,27.0,,F,True,False,False,False,False,False,1.0,1.0,5.0
4631,463113,7.0,7.0,,M,False,False,True,False,False,False,1.0,1.0,5.0
4631,463114,30.0,30.0,,F,True,False,False,False,False,False,2.0,2.0,3.0
4631,463115,7.0,7.0,,F,False,False,True,False,False,False,1.0,1.0,5.0
4631,463116,6.0,6.0,7.0,M,False,False,True,False,False,False,1.0,1.0,5.0
4631,463117,3.0,3.0,,F,True,False,False,False,False,False,1.0,1.0,5.0
4631,463118,2.0,2.0,,F,True,False,False,False,False,False,1.0,1.0,5.0
4631,463119,6.0,6.0,7.0,F,False,False,True,False,False,False,1.0,1.0,5.0
4631,463120,46.0,46.0,,M,True,False,False,False,False,False,1.0,1.0,5.0
4631,463121,7.0,7.0,,F,False,False,True,False,False,False,1.0,1.0,5.0
4631,463122,7.0,7.0,,F,False,False,True,False,False,False,1.0,1.0,5.0
4631,463123,7.0,7.0,,F,False,False,True,False,False,False,1.0,1.0,5.0
4631,463124,6.0,6.0,7.0,F,False,False,True,False,False,False,1.0,1.0,5.0
4631,463125,6.0,6.0,7.0,F,False,False,True,False,False,False,1.0,1.0,5.0
4631,463126,6.0,6.0,7.0,F,False,False,True,False,False,False,1.0,1.0,5.0
4631,463127,6.0,6.0,7.0,M,False,False,True,False,False,False,1.0,1.0,5.0
4631,463128,7.0,7.0,,M,False,False,True,False,False,False,1.0,1.0,5.0
4631,463129,47.0,45.0,50.0,F,False,False,True,False,False,False,1.0,1.0,5.0
4632,463201,7.0,7.0,,F,False,False,True,False,False,False,1.0,1.0,5.0
4632,463202,6.0,6.0,,F,False,False,True,False,False,False,1.0,1.0,5.0
4632,463203,7.0,7.0,,F,False,False,True,False,False,False,1.0,1.0,5.0
4632,463204,7.0,7.0,,F,False,False,True,False,False,False,1.0,1.0,5.0
4632,463205,7.0,7.0,,F,False,False,True,False,False,False,1.0,1.0,5.0
4632,463206,7.0,7.0,,F,False,False,True,False,False,False,1.0,1.0,5.0
4632,463207,6.0,6.0,,F,False,False,True,False,False,False,1.0,1.0,5.0
4632,463208,7.0,7.0,,F,False,False,True,False,False,False,1.0,2.0,5.0
4632,463209,7.0,7.0,,M,False,False,True,False,False,False,1.0,2.0,5.0
4632,463210,6.0,6.0,,F,False,False,True,False,False,False,1.0,1.0,5.0
4632,463211,41.0,41.0,,F,False,False,True,False,False,False,1.0,1.0,5.0
4632,463212,6.0,6.0,,F,False,False,True,False,False,False,1.0,2.0,5.0
4632,463213,6.0,6.0,,F,False,False,True,False,False,False,1.0,1.0,5.0
4632,463214,3.0,3.0,,M,True,False,False,False,False,False,1.0,1.0,5.0
4632,463215,7.0,7.0,,F,False,False,True,False,False,False,1.0,1.0,5.0
4632,463216,7.0,7.0,,F,False,False,True,False,False,False,1.0,2.0,5.0
4632,463217,24.0,24.0,,M,True,False,False,False,False,False,1.0,1.0,5.0
4632,463218,6.0,6.0,,M,False,False,True,False,False,False,1.0,1.0,5.0
4632,463219,7.0,7.0,,M,False,False,True,False,False,False,1.0,1.0,5.0
4632,463220,7.0,7.0,,M,False,False,True,False,False,False,1.0,1.0,5.0
4632,463221,7.0,7.0,,M,False,False,True,False,False,False,1.0,1.0,5.0
4632,463222,7.0,7.0,,M,False,False,True,False,False,False,1.0,1.0,5.0
4632,463223,6.0,6.0,,M,False,False,True,False,False,False,1.0,1.0,5.0
4632,463224,7.0,7.0,,F,False,False,True,False,False,False,1.0,1.0,5.0
4632,463225,6.0,6.0,,M,False,False,True,False,False,False,1.0,1.0,5.0
4632,463226,6.0,6.0,,F,False,False,True,False,False,False,1.0,1.0,5.0
4632,463227,26.0,26.0,,F,True,False,False,False,False,False,1.0,1.0,5.0
4632,463228,7.0,7.0,,M,False,False,True,False,False,False,1.0,1.0,5.0
4633,463301,31.0,31.0,,M,True,False,False,False,False,False,1.0,1.0,5.0
4633,463302,32.0,32.0,,F,True,False,False,False,False,False,1.0,1.0,5.0
4633,463303,3.0,3.0,,M,True,False,False,False,False,False,1.0,1.0,5.0
4633,463304,35.0,30.0,40.0,M,True,False,False,False,False,False,4.0,2.0,2.0
4634,463401,45.0,45.0,,F,False,False,False,False,False,True,5.0,2.0,1.0
4634,463402,50.0,50.0,,F,False,False,False,False,False,True,5.0,2.0,1.0
4634,463403,6.0,6.0,,F,False,False,False,False,True,False,5.0,1.0,3.0
4634,463404,47.0,45.0,50.0,M,False,False,False,False,True,False,5.0,1.0,4.0
4634,463405,51.0,51.0,,F,False,False,False,False,True,False,2.0,1.0,4.0
4634,463406,47.0,45.0,50.0,F,False,False,False,False,True,False,5.0,1.0,4.0
4634,463407,52.0,52.0,,M,False,False,False,False,True,False,2.0,1.0,4.0
4634,463408,19.0,19.0,,F,False,False,False,True,True,False,3.0,1.0,4.0
4634,463409,21.0,21.0,,M,False,False,False,True,True,False,2.0,1.0,4.0
4634,463410,29.0,29.0,,M,True,False,False,True,True,True,1.0,1.0,5.0
4634,463411,23.0,23.0,,F,True,False,False,True,True,True,1.0,1.0,5.0
4634,463412,25.0,25.0,,M,False,False,False,False,True,False,2.0,1.0,4.0
4634,463413,20.0,20.0,,F,False,False,False,False,True,False,2.0,1.0,4.0
4635,463501,7.0,7.0,,M,False,False,True,False,False,False,1.0,1.0,5.0
4635,463502,30.0,30.0,,F,True,False,False,False,False,False,1.0,1.0,5.0
4635,463503,37.0,37.0,,M,True,False,False,False,False,False,1.0,1.0,5.0
4635,463504,9.0,9.0,,M,False,False,True,False,False,False,1.0,2.0,5.0
4636,463601,32.0,32.0,,F,True,False,False,False,False,False,1.0,1.0,5.0
4636,463602,7.0,7.0,,M,False,False,True,False,False,False,1.0,1.0,5.0
4636,463603,41.0,41.0,,M,True,False,False,False,False,False,1.0,1.0,5.0
4636,463604,7.0,7.0,,M,False,False,True,False,False,False,1.0,1.0,5.0
4637,463701,10.0,10.0,,F,True,False,False,False,False,False,1.0,1.0,5.0
4637,463702,42.0,42.0,,F,True,False,False,False,False,False,1.0,1.0,5.0
4637,463703,45.0,45.0,,M,True,False,False,False,False,False,1.0,1.0,5.0
4637,463704,15.0,15.0,,M,True,False,False,False,False,False,1.0,1.0,5.0
4637,463705,8.0,8.0,,F,False,False,True,False,False,False,2.0,2.0,5.0
4637,463706,33.0,31.0,35.0,F,False,False,True,False,False,False,1.0,2.0,5.0
4638,463801,30.0,30.0,,F,True,False,False,False,False,False,1.0,1.0,5.0
4638,463802,9.0,9.0,,,True,False,False,False,False,False,1.0,2.0,4.0
4638,463803,16.0,16.0,,M,True,False,False,False,False,False,1.0,2.0,2.0
4638,463804,9.0,9.0,,F,True,False,False,False,False,False,1.0,1.0,2.0
4638,463805,7.0,7.0,,,True,False,False,False,False,False,2.0,2.0,4.0
4638,463806,11.0,11.0,,,True,False,False,False,False,False,1.0,2.0,4.0
4638,463807,14.0,14.0,,,True,False,False,False,False,False,1.0,2.0,4.0
4638,463808,14.0,14.0,,,True,False,False,False,False,False,,1.0,4.0
4638,463809,11.0,11.0,,M,True,False,False,False,False,False,1.0,2.0,3.0
4638,463810,2.0,2.0,,F,True,False,False,False,False,False,1.0,1.0,5.0
4638,463811,7.0,7.0,,M,True,False,False,False,False,False,2.0,2.0,1.0
4638,463812,6.0,6.0,,M,True,False,False,False,False,False,1.0,1.0,5.0
4638,463813,32.0,32.0,,M,True,False,False,False,False,False,1.0,1.0,5.0
4638,463814,45.0,40.0,50.0,M,True,False,False,False,False,False,3.0,2.0,1.0
4639,463901,7.0,7.0,,M,False,False,True,False,False,False,1.0,1.0,5.0
4639,463902,7.0,7.0,,M,False,False,True,False,False,False,1.0,2.0,5.0
4639,463903,34.0,34.0,,F,True,False,False,False,False,False,1.0,1.0,5.0
4639,463904,8.0,8.0,,F,False,False,True,False,False,False,1.0,1.0,4.0
4639,463905,42.0,42.0,,M,True,False,False,False,False,False,1.0,1.0,5.0
4640,464001,7.0,7.0,,F,False,False,True,False,True,False,1.0,1.0,5.0
4640,464002,42.0,40.0,45.0,F,False,False,True,False,False,False,2.0,2.0,1.0
4640,464003,47.0,45.0,50.0,F,False,False,False,False,True,False,2.0,1.0,3.0
4640,464004,7.0,7.0,,M,False,False,True,False,False,False,1.0,,5.0
4640,464005,6.0,6.0,,M,False,False,True,False,False,False,1.0,,5.0
4640,464006,41.0,41.0,,F,True,False,True,True,True,False,1.0,1.0,5.0
4640,464007,42.0,40.0,45.0,F,False,False,True,False,False,False,1.0,1.0,2.0
4640,464008,41.0,41.0,,M,True,False,False,False,True,False,1.0,1.0,4.0
4640,464009,13.0,13.0,,F,True,False,False,False,True,False,1.0,1.0,4.0
4640,464010,52.0,50.0,55.0,F,False,False,True,False,False,False,1.0,1.0,5.0
4640,464011,47.0,45.0,50.0,F,False,False,True,False,False,False,1.0,1.0,5.0
4641,464101,3.0,3.0,,M,False,False,False,False,True,False,2.0,1.0,4.0
4641,464102,3.0,3.0,,M,False,False,False,False,True,False,5.0,2.0,1.0
4641,464103,4.0,4.0,,F,False,False,False,False,True,False,5.0,2.0,1.0
4641,464104,37.0,37.0,,M,True,False,False,False,False,False,1.0,1.0,5.0
4641,464105,37.0,35.0,40.0,F,False,False,False,False,True,False,2.0,1.0,4.0
4641,464106,60.0,60.0,,M,True,False,False,False,False,False,1.0,1.0,4.0
4641,464107,60.0,60.0,,F,True,False,False,False,False,False,1.0,1.0,4.0
4641,464108,0.0,0.0,,F,True,False,False,False,False,False,1.0,1.0,5.0
4642,464201,4.0,4.0,,F,False,False,True,False,False,False,1.0,1.0,4.0
4642,464202,32.0,30.0,35.0,F,False,False,True,False,False,False,1.0,1.0,4.0
4642,464203,32.0,30.0,35.0,F,False,False,True,False,False,False,1.0,2.0,4.0
4642,464204,3.0,3.0,,,False,False,True,False,False,False,1.0,2.0,4.0
4642,464205,3.0,3.0,,F,False,False,True,False,False,False,1.0,2.0,4.0
4642,464206,6.0,6.0,,F,True,False,False,False,False,False,1.0,1.0,4.0
4642,464207,45.0,45.0,,M,True,False,False,False,False,False,1.0,1.0,4.0
4642,464208,10.0,10.0,,F,True,False,False,False,False,False,1.0,1.0,4.0
4642,464209,43.0,43.0,,F,True,False,False,False,False,False,1.0,1.0,5.0
4642,464210,14.0,14.0,,F,True,False,False,False,False,False,1.0,1.0,4.0
4642,464211,16.0,16.0,,M,True,False,False,False,False,False,1.0,1.0,4.0
4642,464212,10.0,10.0,,F,False,False,True,False,False,False,1.0,2.0,3.0
4642,464213,47.0,45.0,50.0,F,False,False,True,False,False,False,1.0,2.0,4.0
4643,464301,40.0,40.0,,F,True,False,False,False,False,False,1.0,1.0,5.0
4644,464401,40.0,40.0,,F,False,False,False,False,True,False,2.0,2.0,1.0
4644,464402,4.0,4.0,,F,False,False,False,False,False,True,5.0,1.0,3.0
4644,464403,42.0,42.0,,M,False,False,False,False,False,True,5.0,2.0,3.0
4644,464404,3.0,3.0,,F,True,False,False,False,False,False,1.0,1.0,5.0
4644,464405,40.0,40.0,,F,True,False,False,False,False,False,1.0,1.0,5.0
4644,464406,7.0,7.0,,F,False,False,False,False,True,False,2.0,2.0,3.0
4644,464407,36.0,36.0,,F,False,False,False,False,False,True,5.0,2.0,1.0
4644,464408,8.0,8.0,,M,False,False,False,False,True,False,2.0,2.0,3.0
4644,464409,8.0,8.0,,M,False,False,False,False,True,False,2.0,2.0,3.0
4644,464410,8.0,8.0,,M,False,False,False,False,True,False,2.0,2.0,3.0
4644,464411,52.0,52.0,,F,False,False,False,False,True,False,2.0,2.0,3.0
4644,464412,45.0,45.0,,M,True,False,False,False,False,False,1.0,1.0,5.0
4644,464413,6.0,6.0,,F,False,False,False,False,True,False,2.0,2.0,3.0
4645,464501,4.0,4.0,,M,True,False,False,False,False,False,1.0,1.0,5.0
4645,464502,35.0,35.0,,F,True,False,False,False,False,False,1.0,1.0,5.0
4645,464503,4.0,4.0,,F,False,False,True,False,False,False,1.0,1.0,2.0
4645,464504,3.0,3.0,,F,False,False,True,False,False,False,1.0,1.0,2.0
4645,464505,3.0,3.0,,M,False,False,True,False,False,False,1.0,1.0,2.0
4645,464506,4.0,4.0,,F,False,False,True,False,False,False,1.0,1.0,2.0
4645,464507,27.0,25.0,30.0,F,False,False,True,False,False,False,1.0,2.0,2.0
4645,464508,34.0,34.0,,F,True,False,False,False,False,False,2.0,1.0,5.0
4645,464509,35.0,35.0,,F,False,False,True,False,False,False,1.0,1.0,1.0
4645,464510,40.0,40.0,,F,False,False,True,False,False,False,1.0,1.0,2.0
4645,464511,35.0,30.0,40.0,M,False,False,False,True,False,False,5.0,1.0,1.0
4645,464512,35.0,35.0,,F,False,False,False,False,False,True,2.0,1.0,5.0
4645,464513,1.0,1.0,,M,False,False,True,False,False,False,1.0,1.0,2.0
4645,464514,22.0,22.0,,F,True,False,False,False,False,False,2.0,1.0,3.0
4645,464515,3.0,3.0,,M,False,False,False,False,False,True,2.0,1.0,5.0
4645,464516,2.0,2.0,,F,False,False,False,False,False,True,2.0,1.0,5.0
4645,464517,1.0,1.0,,F,False,False,False,False,False,True,2.0,1.0,5.0
4645,464518,43.0,43.0,,F,False,False,False,False,False,True,5.0,1.0,5.0
4645,464519,3.0,3.0,,M,False,False,False,False,False,True,5.0,1.0,5.0
4645,464520,22.0,22.0,,F,True,False,False,False,False,False,2.0,1.0,3.0
4645,464521,40.0,40.0,,F,False,False,True,False,False,False,1.0,1.0,2.0
4646,464601,4.0,4.0,,M,True,False,False,False,False,False,2.0,1.0,5.0
4646,464602,2.0,2.0,,F,True,False,False,False,False,False,2.0,1.0,5.0
4646,464603,60.0,60.0,,F,True,False,False,False,False,False,3.0,1.0,1.0
4646,464604,3.0,3.0,,M,True,False,False,False,False,False,1.0,1.0,5.0
4646,464605,3.0,3.0,,M,True,False,False,False,False,False,3.0,1.0,5.0
4646,464606,74.0,74.0,,F,True,False,False,False,False,False,2.0,1.0,4.0
4646,464607,35.0,35.0,,F,True,False,False,False,False,False,1.0,1.0,5.0
4646,464608,42.0,42.0,,F,True,False,False,False,False,False,3.0,1.0,5.0
4646,464609,35.0,35.0,,M,True,False,False,False,False,False,1.0,1.0,5.0
4646,464610,35.0,35.0,,F,True,False,False,False,False,False,2.0,1.0,5.0
4646,464611,41.0,41.0,,F,True,False,False,False,False,False,3.0,2.0,3.0
4646,464612,1.0,1.0,,F,True,False,False,False,False,False,1.0,1.0,5.0
4647,464701,47.0,45.0,50.0,F,False,False,False,False,False,True,4.0,2.0,1.0
4647,464702,42.0,40.0,45.0,F,False,False,False,False,False,True,2.0,2.0,2.0
4647,464703,42.0,40.0,45.0,F,False,False,False,False,False,True,2.0,2.0,2.0
4647,464704,47.0,45.0,50.0,F,False,False,False,False,False,True,3.0,2.0,1.0
4647,464705,3.0,3.0,,F,False,False,False,False,True,False,2.0,1.0,4.0
4647,464706,32.0,30.0,35.0,F,False,False,False,False,True,False,2.0,2.0,4.0
4647,464707,52.0,50.0,55.0,F,False,False,False,False,False,True,4.0,2.0,1.0
4647,464708,5.0,5.0,,M,True,False,False,True,False,False,1.0,1.0,5.0
4647,464709,46.0,46.0,,M,True,False,False,False,False,False,1.0,1.0,4.0
4647,464710,42.0,42.0,,F,True,False,False,True,True,True,1.0,1.0,5.0
4647,464711,32.0,30.0,35.0,F,False,False,False,False,True,False,2.0,2.0,4.0
4648,464801,6.0,6.0,,F,False,False,False,False,False,False,2.0,1.0,5.0
4648,464802,5.0,5.0,,F,False,False,True,False,False,False,1.0,1.0,
4648,464803,64.0,64.0,,M,False,False,False,False,False,False,2.0,1.0,5.0
4648,464804,60.0,60.0,,F,False,False,False,True,False,False,2.0,1.0,5.0
4648,464805,32.0,32.0,,M,False,False,False,True,False,False,2.0,1.0,5.0
4648,464806,66.0,66.0,,M,True,False,False,False,False,False,1.0,2.0,
4648,464807,52.0,52.0,,F,True,False,False,False,False,False,1.0,2.0,5.0
4648,464808,17.0,17.0,,M,True,False,False,False,False,False,1.0,1.0,5.0
4648,464809,11.0,11.0,,F,True,False,False,False,False,False,1.0,1.0,5.0
4648,464810,9.0,9.0,,M,True,False,True,False,False,False,1.0,1.0,5.0
4648,464811,3.0,3.0,,M,True,False,True,True,False,False,1.0,1.0,5.0
4648,464812,8.0,8.0,,F,False,False,False,False,False,False,2.0,1.0,5.0
4649,464901,5.0,5.0,,M,True,False,False,False,False,False,1.0,1.0,5.0
4649,464902,26.0,26.0,,F,True,False,False,False,False,False,1.0,1.0,5.0
4649,464903,49.0,49.0,,F,True,False,False,False,False,True,1.0,1.0,4.0
4649,464904,29.0,29.0,,M,True,False,False,False,True,False,1.0,1.0,4.0
4650,465001,19.0,19.0,,F,True,False,False,False,False,False,1.0,1.0,5.0
4650,465002,50.0,50.0,,F,False,False,False,True,False,True,2.0,1.0,4.0
4650,465003,19.0,19.0,,M,True,False,False,False,False,False,1.0,1.0,5.0
4651,465101,36.0,36.0,,F,True,False,False,False,False,False,1.0,1.0,5.0
4651,465102,30.0,30.0,,F,False,False,False,False,False,True,1.0,2.0,2.0
4651,465103,14.0,14.0,,F,False,False,False,False,False,True,1.0,1.0,2.0
4651,465104,40.0,40.0,,M,True,False,False,False,False,False,2.0,1.0,5.0
4651,465105,12.0,12.0,,M,True,False,False,False,False,False,1.0,1.0,5.0
4652,465201,9.0,9.0,,M,False,False,True,False,False,False,1.0,1.0,5.0
4652,465202,20.0,20.0,,F,False,False,False,False,True,False,2.0,1.0,2.0
4652,465203,17.0,17.0,,M,False,False,False,False,False,True,2.0,2.0,2.0
4652,465204,7.0,7.0,,F,False,False,True,False,False,False,1.0,1.0,5.0
4652,465205,7.0,7.0,,F,False,False,True,False,False,False,1.0,1.0,5.0
4652,465206,9.0,9.0,,M,False,False,True,False,False,False,1.0,1.0,5.0
4652,465207,65.0,65.0,,M,False,False,False,True,True,True,1.0,1.0,4.0
4652,465208,63.0,63.0,,F,False,False,False,True,True,True,1.0,1.0,4.0
4652,465209,10.0,10.0,,M,False,False,True,True,False,False,1.0,1.0,4.0
4652,465210,10.0,10.0,,M,False,False,True,False,False,False,1.0,2.0,4.0
4652,465211,40.0,40.0,,F,True,False,False,True,False,True,1.0,1.0,5.0
4652,465212,7.0,7.0,,M,False,False,True,False,False,False,1.0,1.0,5.0
4652,465213,8.0,8.0,,M,False,False,True,False,False,False,1.0,1.0,5.0
4653,465301,49.0,49.0,,M,True,False,False,True,True,False,1.0,1.0,5.0
4653,465302,55.0,50.0,60.0,F,False,False,False,False,False,True,5.0,2.0,1.0
4653,465303,45.0,40.0,50.0,F,False,False,False,False,False,True,5.0,1.0,1.0
4653,465304,32.0,30.0,35.0,M,True,False,False,False,False,False,2.0,2.0,1.0
4653,465305,32.0,30.0,35.0,F,True,False,False,False,False,False,2.0,2.0,1.0
4653,465306,18.0,18.0,,F,False,False,False,False,True,False,5.0,2.0,2.0
4653,465307,10.0,10.0,,F,True,False,False,False,False,False,4.0,2.0,1.0
4653,465308,86.0,86.0,,F,False,False,False,True,True,True,2.0,2.0,5.0
4653,465309,18.0,18.0,,M,True,False,False,True,True,False,1.0,1.0,5.0
4653,465310,44.0,44.0,,F,True,False,False,True,True,False,1.0,1.0,5.0
4653,465311,18.0,18.0,,F,True,False,False,False,False,False,2.0,1.0,4.0
4653,465312,21.0,21.0,,M,True,False,False,False,False,False,2.0,1.0,4.0
4653,465313,12.0,12.0,,M,True,False,False,True,True,False,1.0,1.0,5.0
4653,465314,13.0,13.0,,F,True,False,False,True,True,False,1.0,1.0,5.0
4653,465315,6.0,6.0,,F,False,False,False,False,False,True,2.0,2.0,1.0
4654,465401,52.0,52.0,,F,False,False,False,False,False,False,2.0,1.0,4.0
4654,465402,59.0,59.0,,M,False,False,False,False,False,False,2.0,1.0,4.0
4654,465403,32.0,32.0,,F,False,False,False,False,False,False,1.0,1.0,5.0
4654,465404,34.0,34.0,,M,False,False,False,False,False,False,1.0,1.0,4.0
4654,465405,3.0,3.0,,,False,False,False,False,False,False,1.0,1.0,4.0
4655,465501,68.0,68.0,,F,True,False,False,False,False,False,3.0,2.0,1.0
4655,465502,19.0,19.0,,F,False,False,False,True,False,False,5.0,2.0,1.0
4655,465503,21.0,21.0,,F,False,False,False,True,False,False,5.0,1.0,1.0
4655,465504,36.0,36.0,,F,False,False,False,False,False,True,4.0,2.0,1.0
4655,465505,47.0,47.0,,M,False,False,False,False,False,True,2.0,1.0,5.0
4655,465506,34.0,34.0,,F,False,False,False,False,False,True,2.0,1.0,2.0
4656,465601,9.0,9.0,,F,False,False,False,False,False,False,1.0,,5.0
4656,465602,26.0,26.0,,M,False,False,False,False,False,False,1.0,,
4656,465603,29.0,29.0,,M,False,False,False,False,False,False,1.0,,5.0
4656,465604,26.0,26.0,,F,True,False,False,False,False,False,1.0,,5.0
4656,465605,9.0,9.0,,M,True,False,False,False,False,False,1.0,1.0,5.0
4657,465701,30.0,30.0,,M,True,False,False,False,False,False,1.0,1.0,5.0
4657,465702,58.0,58.0,,F,True,False,False,False,False,False,2.0,1.0,3.0
4657,465703,9.0,9.0,,F,True,False,False,False,False,False,2.0,1.0,3.0
4657,465704,30.0,30.0,,F,True,False,False,False,False,False,1.0,1.0,5.0
4658,465801,47.0,45.0,50.0,F,False,False,True,False,False,False,2.0,1.0,4.0
4658,465802,2.0,2.0,,M,False,False,True,False,False,False,2.0,1.0,4.0
4658,465803,1.0,1.0,,M,False,False,True,False,False,False,2.0,2.0,4.0
4658,465804,4.0,4.0,,F,False,False,True,False,False,False,2.0,1.0,4.0
4658,465805,3.0,3.0,,F,False,False,True,False,False,False,2.0,2.0,4.0
4658,465806,3.0,3.0,,F,False,False,True,False,False,False,2.0,1.0,4.0
4658,465807,1.0,1.0,,M,False,False,True,False,False,False,2.0,2.0,4.0
4658,465808,2.0,2.0,,F,False,False,True,False,False,False,2.0,1.0,4.0
4658,465809,2.0,2.0,,F,False,False,True,False,False,False,2.0,1.0,4.0
4658,465810,12.0,12.0,,F,True,False,False,False,False,False,1.0,1.0,5.0
4658,465811,40.0,40.0,,M,True,False,False,False,False,False,1.0,1.0,5.0
4658,465812,35.0,35.0,,F,True,False,False,False,False,False,1.0,1.0,5.0
4658,465813,29.0,28.0,30.0,F,False,False,True,False,False,False,2.0,1.0,4.0
4658,465814,1.0,1.0,,F,False,False,True,False,False,False,2.0,2.0,4.0
4659,465901,5.0,5.0,,M,True,False,False,False,False,False,1.0,1.0,2.0
4659,465902,7.0,7.0,8.0,F,False,False,False,False,True,False,1.0,1.0,3.0
4659,465903,5.0,5.0,,M,True,False,False,False,False,False,1.0,1.0,3.0
4659,465904,16.0,16.0,,M,False,False,False,False,True,False,2.0,1.0,3.0
4659,465905,35.0,35.0,,F,False,False,True,False,False,False,1.0,1.0,3.0
4659,465906,6.0,6.0,,F,True,False,False,False,False,False,1.0,1.0,3.0
4659,465907,33.0,33.0,,M,True,False,False,False,False,False,1.0,1.0,3.0
4659,465908,30.0,30.0,,F,True,False,False,False,False,False,1.0,1.0,4.0
4660,466001,42.0,40.0,45.0,F,False,False,False,False,False,True,3.0,1.0,3.0
4660,466002,30.0,30.0,,F,True,False,False,False,False,False,1.0,1.0,5.0
4660,466003,2.0,2.0,,F,True,False,False,False,False,False,1.0,1.0,5.0
4660,466004,30.0,30.0,,M,True,False,False,False,False,False,1.0,1.0,5.0
4660,466005,35.0,30.0,40.0,F,False,False,False,False,False,True,2.0,1.0,5.0
4660,466006,45.0,40.0,50.0,M,False,False,False,False,False,True,2.0,1.0,3.0
4660,466007,2.0,2.0,,F,False,False,False,False,False,True,1.0,1.0,5.0
4660,466008,27.0,25.0,30.0,M,False,False,False,False,False,True,3.0,2.0,1.0
4660,466009,30.0,30.0,,M,True,False,False,False,False,False,1.0,1.0,5.0
4660,466010,30.0,30.0,,M,True,False,False,False,False,False,1.0,1.0,5.0
4660,466011,30.0,30.0,,M,True,False,False,False,False,False,1.0,1.0,5.0
4660,466012,2.0,2.0,,F,True,False,False,False,False,False,1.0,1.0,5.0
4662,466201,7.0,7.0,,M,False,False,True,False,False,False,1.0,2.0,4.0
4662,466202,7.0,7.0,,M,True,False,False,False,False,False,1.0,2.0,4.0
4662,466203,23.0,23.0,,F,True,False,False,False,False,False,1.0,2.0,5.0
4662,466204,6.0,6.0,,F,True,False,False,False,False,False,1.0,1.0,5.0
4662,466205,4.0,4.0,,M,True,False,False,False,False,False,1.0,1.0,5.0
4662,466206,42.0,40.0,45.0,F,False,False,False,False,False,True,2.0,2.0,3.0
4663,466301,53.0,53.0,,F,False,False,False,False,False,True,1.0,1.0,1.0
4663,466302,32.0,32.0,,M,True,False,False,False,False,False,1.0,1.0,5.0
4663,466303,44.0,44.0,,F,True,False,False,False,False,True,1.0,1.0,5.0
4663,466304,43.0,43.0,,F,True,False,False,False,False,True,1.0,1.0,5.0
4663,466305,27.0,27.0,,M,False,False,False,False,False,True,2.0,2.0,1.0
4663,466306,18.0,18.0,,F,True,False,False,False,False,True,1.0,1.0,5.0
4663,466307,11.0,11.0,,F,True,False,False,False,False,True,1.0,1.0,5.0
4663,466308,9.0,9.0,,M,True,False,False,False,False,True,1.0,1.0,5.0
4663,466309,85.0,80.0,90.0,F,True,False,False,False,False,False,2.0,1.0,1.0
4663,466310,45.0,40.0,50.0,F,False,False,False,False,False,True,2.0,2.0,1.0
4663,466311,18.0,18.0,,F,False,False,False,False,False,True,2.0,1.0,2.0
4663,466312,40.0,35.0,45.0,F,False,False,False,False,False,True,5.0,2.0,1.0
4663,466313,1.0,1.0,,M,True,False,False,False,False,False,1.0,1.0,5.0
4663,466314,30.0,30.0,,F,True,False,False,False,False,False,1.0,1.0,5.0
4663,466315,35.0,35.0,,F,False,False,False,False,False,True,4.0,1.0,1.0
4663,466316,14.0,14.0,,F,False,False,False,False,False,True,5.0,2.0,1.0
4664,466401,14.0,14.0,,M,True,False,False,False,False,False,1.0,1.0,5.0
4664,466402,8.0,8.0,,M,False,False,False,False,True,False,2.0,2.0,3.0
4664,466403,11.0,11.0,,F,True,False,False,False,False,False,1.0,1.0,5.0
4664,466404,15.0,15.0,,F,True,False,False,False,False,False,1.0,1.0,5.0
4664,466405,41.0,41.0,,M,True,False,False,False,False,False,1.0,1.0,5.0
4664,466406,42.0,42.0,,F,True,False,False,False,False,False,1.0,1.0,5.0
4664,466407,45.0,40.0,50.0,F,True,False,False,False,False,False,5.0,2.0,1.0
4665,466501,32.0,30.0,35.0,F,True,False,False,True,True,False,1.0,1.0,5.0
4665,466502,37.0,35.0,40.0,M,True,False,False,True,True,False,1.0,1.0,5.0
4665,466503,42.0,40.0,45.0,F,False,False,False,False,True,False,2.0,1.0,4.0
4665,466504,62.0,60.0,65.0,F,False,False,False,False,True,False,2.0,,4.0
4665,466505,57.0,55.0,60.0,M,False,False,False,False,True,False,2.0,,3.0
4665,466506,52.0,50.0,55.0,M,False,False,False,False,True,False,2.0,,3.0
4666,466601,36.0,36.0,,M,True,False,False,False,True,False,1.0,1.0,5.0
4666,466602,1.0,1.0,,M,True,False,False,False,True,False,1.0,1.0,5.0
4666,466603,42.0,40.0,45.0,M,False,False,False,False,False,True,5.0,2.0,2.0
4666,466604,42.0,40.0,45.0,F,False,False,False,False,False,True,5.0,2.0,1.0
4667,466701,54.0,54.0,,M,False,False,False,False,False,True,3.0,1.0,3.0
4667,466702,8.0,8.0,,M,False,False,False,False,False,True,3.0,1.0,3.0
4667,466703,65.0,65.0,,F,False,False,False,False,False,True,2.0,1.0,4.0
4667,466704,64.0,64.0,,M,False,False,False,False,False,True,2.0,1.0,4.0
4667,466705,36.0,36.0,,F,True,False,False,False,False,False,1.0,1.0,5.0
4667,466706,12.0,12.0,,F,True,False,False,False,False,False,1.0,1.0,5.0
4667,466707,34.0,34.0,,F,True,False,False,False,False,False,1.0,1.0,5.0
4667,466708,0.0,0.0,,F,False,False,False,False,False,True,3.0,1.0,3.0
4668,466801,13.0,13.0,,M,True,False,False,False,False,False,3.0,2.0,1.0
4668,466802,36.0,36.0,,F,False,False,False,False,False,True,1.0,2.0,2.0
4668,466803,3.0,3.0,,M,False,False,True,False,False,False,2.0,,4.0
4668,466804,4.0,4.0,,F,False,False,True,False,False,False,2.0,,4.0
4668,466805,4.0,4.0,,M,False,False,True,False,False,False,2.0,,4.0
4668,466806,67.0,67.0,,F,True,False,True,False,False,False,1.0,1.0,4.0
4668,466807,37.0,35.0,40.0,F,True,False,False,False,False,False,3.0,2.0,1.0
4668,466808,42.0,40.0,45.0,F,True,False,False,False,False,False,3.0,2.0,1.0
4668,466809,7.0,7.0,,F,True,False,False,False,False,False,3.0,2.0,1.0
4668,466810,12.0,12.0,,F,True,False,False,False,False,False,3.0,2.0,1.0
4668,466811,6.0,6.0,,F,True,False,False,False,False,False,3.0,2.0,1.0
4668,466812,3.0,3.0,,F,False,False,True,False,False,False,1.0,,4.0
4668,466813,30.0,25.0,35.0,F,False,False,True,False,False,False,2.0,,4.0
4668,466814,37.0,35.0,40.0,F,False,False,True,False,False,False,2.0,2.0,4.0
4668,466815,37.0,35.0,40.0,F,False,False,True,False,False,False,2.0,1.0,4.0
4668,466816,37.0,35.0,40.0,F,False,False,True,False,False,False,2.0,1.0,4.0
4668,466817,4.0,4.0,,M,False,False,True,False,False,False,2.0,1.0,2.0
4668,466818,7.0,7.0,,F,False,False,True,False,False,False,1.0,1.0,1.0
4668,466819,5.0,5.0,,F,True,False,False,False,False,False,1.0,1.0,5.0
4668,466820,30.0,30.0,,F,True,False,False,False,False,False,1.0,1.0,5.0
4668,466821,28.0,28.0,,M,True,False,False,False,False,False,1.0,1.0,4.0
4668,466822,3.0,3.0,,F,False,False,True,False,False,False,2.0,,4.0
4668,466823,3.0,3.0,,F,False,False,True,False,False,False,1.0,,4.0
4669,466901,50.0,50.0,,F,True,False,False,False,False,False,1.0,1.0,3.0
4669,466902,42.0,42.0,,F,True,False,False,False,False,False,3.0,1.0,2.0
4669,466903,23.0,23.0,,F,True,False,False,False,False,False,1.0,1.0,4.0
4669,466904,35.0,35.0,,M,True,False,False,False,False,False,1.0,1.0,4.0
4669,466905,18.0,18.0,,F,True,False,False,False,False,False,1.0,1.0,2.0
4670,467001,8.0,8.0,,F,True,False,False,False,False,False,3.0,1.0,4.0
4670,467002,5.0,5.0,,F,False,False,True,False,False,False,1.0,2.0,3.0
4670,467003,57.0,57.0,,M,True,False,False,False,False,False,2.0,1.0,4.0
4670,467004,54.0,54.0,,F,True,False,False,False,False,False,2.0,1.0,4.0
4670,467005,47.0,45.0,50.0,M,True,False,False,False,False,False,2.0,2.0,2.0
4670,467006,25.0,20.0,30.0,M,False,False,False,False,False,True,5.0,2.0,1.0
4670,467007,25.0,20.0,30.0,F,False,False,False,False,False,True,5.0,2.0,1.0
4670,467008,75.0,70.0,80.0,F,False,False,False,True,False,False,5.0,1.0,1.0
4670,467009,75.0,70.0,80.0,M,False,False,False,True,False,False,5.0,1.0,1.0
4670,467010,2.0,2.0,,M,False,False,False,False,True,False,2.0,1.0,3.0
4670,467011,7.0,7.0,,M,False,False,False,False,True,False,2.0,2.0,3.0
4670,467012,1.0,1.0,,F,True,False,False,False,False,False,1.0,1.0,5.0
4670,467013,32.0,32.0,,M,True,False,False,False,False,False,1.0,1.0,5.0
4670,467014,27.0,25.0,30.0,F,False,False,True,False,False,False,1.0,2.0,2.0
4670,467015,31.0,31.0,,F,True,False,False,False,False,False,1.0,1.0,5.0
4670,467016,5.0,5.0,,F,False,False,True,False,False,False,2.0,1.0,4.0
4670,467017,3.0,3.0,,M,True,False,False,False,False,False,1.0,1.0,5.0
4670,467018,6.0,6.0,,M,True,False,False,False,False,False,1.0,1.0,5.0
4670,467019,42.0,40.0,45.0,F,False,False,False,False,False,True,5.0,1.0,3.0
4670,467020,40.0,35.0,45.0,F,False,False,True,False,False,False,1.0,2.0,2.0
4670,467021,37.0,35.0,40.0,F,False,False,True,False,False,False,1.0,2.0,1.0
4670,467022,60.0,60.0,,M,False,False,True,False,False,False,1.0,2.0,1.0
4671,467101,27.0,25.0,30.0,M,False,False,False,False,True,False,2.0,1.0,3.0
4671,467102,52.0,50.0,55.0,M,False,False,False,False,False,False,4.0,1.0,
4671,467103,37.0,35.0,40.0,M,True,False,False,False,False,False,5.0,2.0,1.0
4671,467104,45.0,40.0,50.0,M,True,False,False,False,False,False,5.0,2.0,2.0
4671,467105,32.0,30.0,35.0,M,True,False,False,False,False,False,1.0,1.0,5.0
4671,467106,37.0,35.0,40.0,F,True,False,False,False,False,False,1.0,1.0,5.0
4671,467107,32.0,30.0,35.0,F,False,False,False,False,True,False,2.0,,3.0
4671,467108,57.0,55.0,60.0,M,False,False,False,False,False,True,5.0,2.0,2.0
4671,467109,85.0,80.0,90.0,M,True,False,False,False,False,False,2.0,2.0,2.0
4671,467110,17.0,15.0,20.0,F,True,False,False,False,False,True,2.0,1.0,4.0
4671,467111,17.0,15.0,20.0,F,True,False,False,False,False,True,2.0,1.0,4.0
4671,467112,17.0,15.0,20.0,M,False,False,False,False,False,True,3.0,1.0,2.0
4671,467113,37.0,35.0,40.0,F,True,False,False,False,False,True,2.0,1.0,4.0
4671,467114,57.0,55.0,60.0,F,True,False,False,False,False,True,1.0,1.0,3.0
4671,467115,62.0,60.0,65.0,M,True,False,False,False,False,True,2.0,1.0,3.0
4671,467116,62.0,60.0,65.0,F,True,False,False,False,False,False,1.0,1.0,4.0
4671,467117,45.0,40.0,50.0,F,False,False,False,False,True,False,5.0,2.0,3.0
4671,467118,3.0,3.0,,F,True,False,False,False,False,False,1.0,1.0,5.0
4672,467201,28.0,28.0,,F,True,False,False,False,False,False,1.0,1.0,5.0
4673,467301,0.0,0.0,,M,False,False,True,False,False,False,2.0,1.0,4.0
4673,467302,32.0,30.0,35.0,M,True,False,False,False,False,False,5.0,2.0,4.0
4673,467303,62.0,60.0,65.0,F,False,False,False,False,False,True,3.0,1.0,3.0
4673,467304,65.0,65.0,,M,False,False,False,False,False,True,3.0,1.0,3.0
4673,467305,60.0,60.0,,F,False,False,False,False,False,True,3.0,1.0,3.0
4673,467306,60.0,60.0,,M,True,False,False,False,False,False,2.0,1.0,3.0
4673,467307,57.0,57.0,,F,True,False,False,False,False,False,2.0,1.0,3.0
4673,467308,32.0,30.0,35.0,M,True,False,False,False,False,False,5.0,2.0,4.0
4673,467309,0.0,0.0,,F,False,False,True,False,False,False,2.0,1.0,4.0
4673,467310,0.0,0.0,,M,False,False,True,False,False,False,2.0,1.0,4.0
4673,467311,0.0,0.0,,F,False,False,True,False,False,False,2.0,1.0,4.0
4673,467312,30.0,30.0,,F,False,False,True,False,False,False,2.0,1.0,4.0
4673,467313,30.0,30.0,,F,False,False,True,False,False,False,2.0,1.0,4.0
4673,467314,30.0,30.0,,F,False,False,True,False,False,False,2.0,1.0,4.0
4673,467315,30.0,30.0,,F,False,False,True,False,False,False,2.0,1.0,4.0
4673,467316,34.0,34.0,,M,True,False,False,False,False,False,1.0,1.0,4.0
4673,467317,29.0,29.0,,F,True,False,False,False,False,False,1.0,1.0,5.0
4673,467318,62.0,60.0,65.0,F,False,False,False,False,False,True,3.0,1.0,3.0
4673,467319,0.0,0.0,,M,False,False,True,False,False,False,2.0,1.0,4.0
4674,467401,4.0,4.0,,M,False,False,True,False,False,False,1.0,1.0,4.0
4674,467402,47.0,45.0,50.0,F,False,False,True,False,False,False,4.0,2.0,2.0
4674,467403,40.0,40.0,,F,False,False,True,False,False,False,1.0,1.0,4.0
4674,467404,75.0,75.0,,M,True,False,False,False,False,False,2.0,2.0,2.0
4674,467405,4.0,4.0,,M,False,False,True,False,False,False,1.0,1.0,4.0
4674,467406,1.0,1.0,,F,True,False,False,False,False,False,1.0,1.0,5.0
4674,467407,60.0,60.0,,F,True,False,False,False,False,False,2.0,1.0,5.0
4674,467408,40.0,40.0,,M,True,False,False,False,False,False,1.0,1.0,5.0
4674,467409,34.0,34.0,,F,True,False,False,False,False,False,1.0,1.0,5.0
4674,467410,70.0,70.0,,F,True,False,False,False,False,False,2.0,1.0,4.0
4675,467501,3.0,3.0,,M,True,False,False,False,False,False,1.0,1.0,5.0
4675,467502,40.0,40.0,,M,True,False,False,False,False,False,1.0,1.0,5.0
4675,467503,11.0,11.0,,M,True,False,False,False,False,False,2.0,1.0,5.0
4675,467504,62.0,60.0,65.0,F,True,False,False,False,False,False,2.0,1.0,5.0
4675,467505,67.0,65.0,70.0,M,False,False,False,False,False,True,3.0,2.0,2.0
4675,467506,27.0,25.0,30.0,F,True,False,False,False,False,False,4.0,1.0,
4675,467507,34.0,34.0,,M,True,False,False,False,False,False,1.0,1.0,
4675,467508,72.0,70.0,75.0,M,True,False,False,False,False,False,,2.0,4.0
4675,467509,72.0,70.0,75.0,F,True,False,False,False,False,False,2.0,1.0,3.0
4676,467601,9.0,9.0,,M,True,False,True,False,False,False,1.0,1.0,4.0
4676,467602,15.0,15.0,,F,True,False,False,False,False,False,1.0,2.0,3.0
4676,467603,13.0,13.0,,F,True,False,False,False,False,False,2.0,,3.0
4676,467604,9.0,9.0,,M,True,False,True,False,False,False,1.0,1.0,4.0
4676,467605,9.0,9.0,,M,True,False,True,False,False,False,1.0,2.0,4.0
4676,467606,10.0,10.0,,M,False,False,True,False,False,False,1.0,2.0,4.0
4676,467607,10.0,10.0,,M,True,False,True,False,False,False,1.0,1.0,4.0
4676,467608,9.0,9.0,,M,True,False,True,False,False,False,1.0,2.0,4.0
4676,467609,9.0,9.0,,F,False,False,True,False,False,False,1.0,,3.0
4676,467610,9.0,9.0,,F,False,False,True,False,False,False,1.0,,3.0
4676,467611,8.0,8.0,,M,True,False,True,False,False,False,1.0,,4.0
4676,467612,9.0,9.0,,M,True,False,True,False,False,False,1.0,2.0,3.0
4676,467613,9.0,9.0,,M,True,False,True,False,False,False,1.0,,3.0
4676,467614,40.0,40.0,,F,True,False,False,False,False,False,1.0,1.0,4.0
4676,467615,42.0,42.0,,M,True,False,False,False,False,False,1.0,2.0,4.0
4676,467616,10.0,10.0,,F,False,False,True,False,False,False,1.0,,3.0
4676,467617,23.0,23.0,,F,True,False,False,False,False,False,4.0,1.0,5.0
4677,467701,45.0,40.0,50.0,F,True,False,False,False,True,False,1.0,1.0,3.0
4677,467702,15.0,15.0,,F,False,False,True,False,False,False,4.0,2.0,1.0
4677,467703,14.0,14.0,,F,True,False,True,True,True,False,1.0,1.0,5.0
4677,467704,45.0,40.0,50.0,F,False,False,True,False,False,False,4.0,1.0,1.0
4677,467705,13.0,13.0,,M,False,False,True,False,True,True,1.0,1.0,3.0
4677,467706,16.0,16.0,,F,True,False,False,False,True,False,3.0,1.0,5.0
4677,467707,14.0,14.0,,F,False,False,False,False,False,False,4.0,1.0,2.0
4677,467708,15.0,15.0,,F,False,False,True,False,False,False,,2.0,3.0
4677,467709,15.0,15.0,,F,False,False,True,False,False,False,2.0,1.0,1.0
4677,467710,16.0,16.0,,F,False,False,True,False,False,False,1.0,2.0,2.0
4677,467711,15.0,15.0,,F,False,False,True,False,False,False,2.0,2.0,2.0
4678,467801,23.0,23.0,,F,True,False,False,False,False,False,1.0,1.0,1.0
4678,467802,15.0,15.0,,M,True,False,False,False,True,False,,2.0,5.0
4678,467803,12.0,12.0,,M,True,False,False,False,False,False,3.0,1.0,3.0
4678,467804,40.0,40.0,,F,True,False,False,False,False,False,1.0,1.0,2.0
4678,467805,13.0,13.0,,F,False,False,True,False,False,False,1.0,2.0,3.0
4678,467806,16.0,16.0,,F,False,False,True,False,False,False,4.0,2.0,3.0
4679,467901,17.0,17.0,,M,False,False,True,False,True,False,2.0,2.0,3.0
4679,467902,42.0,42.0,,F,True,False,True,False,False,False,1.0,2.0,
4679,467903,14.0,14.0,,F,False,False,True,False,False,False,1.0,1.0,3.0
4679,467904,16.0,16.0,,M,False,False,True,False,True,False,1.0,1.0,5.0
4679,467905,15.0,15.0,,F,True,False,True,False,False,False,2.0,2.0,4.0
4679,467906,12.0,12.0,,M,False,False,True,False,False,False,1.0,2.0,3.0
4679,467907,13.0,13.0,,M,False,False,True,False,False,False,2.0,2.0,3.0
4679,467908,14.0,14.0,,F,False,False,True,False,False,False,2.0,1.0,4.0
4679,467909,15.0,15.0,,F,False,False,True,False,True,False,2.0,2.0,5.0
4679,467910,7.0,7.0,,M,True,False,False,False,False,False,1.0,2.0,4.0
4679,467911,5.0,5.0,,M,True,False,False,False,False,False,1.0,2.0,4.0
4679,467912,15.0,15.0,,F,False,False,True,False,False,False,2.0,1.0,4.0
4679,467913,33.0,33.0,,F,True,False,False,False,False,False,1.0,1.0,4.0
4679,467914,15.0,15.0,,M,False,False,True,False,False,False,2.0,1.0,3.0
4679,467915,43.0,43.0,,M,True,False,False,False,False,False,1.0,2.0,
4680,468001,5.0,5.0,,M,False,False,True,False,False,False,2.0,2.0,5.0
4680,468002,4.0,4.0,,F,False,False,True,False,False,False,2.0,2.0,5.0
4680,468003,5.0,5.0,,M,False,False,True,False,False,False,2.0,2.0,5.0
4680,468004,15.0,15.0,,M,False,False,False,False,True,False,2.0,2.0,4.0
4680,468005,16.0,16.0,,F,False,False,False,False,True,False,2.0,1.0,4.0
4680,468006,63.0,63.0,,M,False,False,False,False,True,False,3.0,2.0,3.0
4680,468007,37.0,35.0,40.0,M,False,False,False,False,True,False,2.0,2.0,1.0
4680,468008,67.0,65.0,70.0,M,False,False,False,False,True,False,2.0,2.0,3.0
4680,468009,15.0,15.0,,M,False,False,False,False,True,False,2.0,2.0,4.0
4680,468010,15.0,15.0,,M,False,False,False,False,True,False,2.0,2.0,4.0
4680,468011,5.0,5.0,,F,False,False,True,False,False,False,2.0,2.0,5.0
4680,468012,4.0,4.0,,F,False,False,True,False,False,False,2.0,1.0,5.0
4680,468013,4.0,4.0,,F,False,False,True,False,False,False,2.0,1.0,5.0
4680,468014,42.0,42.0,,M,True,False,False,False,False,False,1.0,1.0,5.0
4680,468015,37.0,35.0,40.0,M,False,False,False,False,True,False,2.0,2.0,4.0
4680,468016,4.0,4.0,,M,False,False,True,False,False,False,2.0,1.0,5.0
4680,468017,15.0,15.0,,M,True,False,False,False,False,False,1.0,1.0,5.0
4680,468018,4.0,4.0,,M,False,False,True,False,False,False,2.0,1.0,5.0
4680,468019,5.0,5.0,,F,False,False,True,False,False,False,2.0,1.0,5.0
4680,468020,4.0,4.0,,F,False,False,True,False,False,False,2.0,2.0,5.0
4680,468021,42.0,42.0,,F,True,False,False,False,False,False,1.0,1.0,5.0
4680,468022,19.0,19.0,,F,True,False,False,False,False,False,1.0,,5.0
4680,468023,47.0,45.0,50.0,F,False,False,True,False,False,False,2.0,2.0,5.0
4680,468024,57.0,55.0,60.0,F,False,False,True,False,False,False,2.0,2.0,3.0
4680,468025,47.0,45.0,50.0,F,False,False,True,False,False,False,2.0,2.0,3.0
4680,468026,16.0,16.0,,F,False,False,True,False,False,False,2.0,2.0,3.0
4680,468027,5.0,5.0,,M,False,False,True,False,False,False,2.0,2.0,5.0
4680,468028,22.0,20.0,25.0,F,False,False,True,False,False,False,2.0,2.0,5.0
4680,468029,57.0,55.0,60.0,F,False,False,True,False,False,False,2.0,2.0,1.0
4681,468101,40.0,35.0,45.0,,False,False,False,False,True,False,2.0,,4.0
4681,468102,15.0,15.0,,,False,False,True,False,False,False,1.0,,4.0
4681,468103,15.0,15.0,,,False,False,True,False,False,False,1.0,,4.0
4681,468104,15.0,15.0,,,False,False,True,False,False,False,1.0,,4.0
4681,468105,15.0,15.0,,,False,False,True,False,False,False,1.0,,4.0
4681,468106,15.0,15.0,,,False,False,True,False,False,False,1.0,,4.0
4681,468107,15.0,15.0,,,False,False,True,False,False,False,1.0,,4.0
4681,468108,15.0,15.0,,M,False,False,False,False,True,False,2.0,2.0,4.0
4681,468109,45.0,40.0,50.0,,False,False,False,False,True,False,2.0,,4.0
4681,468110,15.0,15.0,,M,False,False,False,False,True,False,2.0,2.0,4.0
4681,468111,14.0,14.0,,,False,False,True,False,False,False,1.0,,3.0
4681,468112,13.0,13.0,,F,False,False,True,False,False,False,1.0,2.0,2.0
4681,468113,15.0,15.0,,M,False,False,False,False,True,False,2.0,2.0,4.0
4681,468114,15.0,15.0,,M,False,False,False,False,True,False,2.0,2.0,4.0
4681,468115,15.0,15.0,,,False,False,True,False,False,False,1.0,,4.0
4681,468116,15.0,15.0,,F,False,False,True,False,False,False,1.0,2.0,4.0
4681,468117,11.0,11.0,,M,True,False,False,False,False,False,1.0,2.0,2.0
4681,468118,15.0,15.0,,M,False,False,True,False,False,False,1.0,2.0,3.0
4681,468119,25.0,20.0,30.0,F,False,False,True,False,False,False,1.0,2.0,3.0
4681,468120,14.0,14.0,,F,False,False,True,False,False,False,1.0,2.0,3.0
4681,468121,25.0,20.0,30.0,,False,False,True,False,False,False,1.0,,3.0
4681,468122,15.0,15.0,,M,False,False,True,False,False,False,1.0,2.0,4.0
4681,468123,14.0,14.0,,F,False,False,True,False,False,False,1.0,2.0,3.0
4681,468124,15.0,15.0,,F,False,False,True,False,False,False,1.0,2.0,4.0
4681,468125,35.0,30.0,40.0,F,False,False,True,False,False,False,1.0,2.0,3.0
4681,468126,15.0,15.0,,M,False,False,True,False,False,False,1.0,2.0,5.0
4681,468127,15.0,15.0,,,False,False,True,False,False,False,1.0,,4.0
4681,468128,40.0,35.0,45.0,,False,False,True,False,False,False,1.0,,3.0
4681,468129,15.0,15.0,,F,False,False,True,False,False,False,1.0,2.0,3.0
4682,468201,11.0,11.0,,M,False,False,False,False,True,False,2.0,1.0,4.0
4682,468202,36.0,36.0,,F,False,False,False,False,False,True,1.0,1.0,2.0
4682,468203,36.0,36.0,,F,True,False,False,False,False,False,1.0,1.0,1.0
4682,468204,49.0,49.0,,F,True,False,False,False,False,False,3.0,1.0,1.0
4682,468205,11.0,11.0,,F,False,False,False,False,False,True,1.0,1.0,2.0
4682,468206,46.0,46.0,,F,False,False,False,False,True,False,2.0,1.0,2.0
4682,468207,12.0,12.0,,M,False,False,False,False,True,False,2.0,1.0,4.0
4682,468208,36.0,36.0,,F,True,False,False,False,False,False,1.0,1.0,1.0
4682,468209,11.0,11.0,,F,False,False,False,False,False,True,1.0,1.0,4.0
4683,468301,16.0,16.0,,F,True,False,False,False,False,False,2.0,1.0,1.0
4683,468302,17.0,17.0,,F,True,False,False,False,False,False,1.0,1.0,2.0
4683,468303,62.0,62.0,,F,False,False,False,False,False,True,1.0,1.0,5.0
4683,468304,30.0,30.0,,M,True,False,False,False,False,False,1.0,1.0,5.0
4683,468305,36.0,36.0,,F,True,False,False,False,False,False,1.0,1.0,5.0
4683,468306,35.0,30.0,40.0,M,False,False,False,False,False,True,2.0,1.0,1.0
4684,468401,9.0,9.0,,M,True,False,False,False,False,False,1.0,1.0,5.0
4684,468402,10.0,10.0,,M,True,False,False,False,False,False,1.0,1.0,5.0
4684,468403,11.0,11.0,,M,True,False,False,False,False,False,1.0,1.0,2.0
4684,468404,70.0,70.0,,F,True,False,False,False,False,False,1.0,1.0,1.0
4684,468405,18.0,18.0,,M,False,False,False,False,False,True,1.0,2.0,2.0
4684,468406,17.0,17.0,,M,False,False,False,False,False,True,1.0,2.0,2.0
4684,468407,41.0,41.0,,M,False,False,False,False,False,True,1.0,1.0,3.0
4684,468408,11.0,11.0,,M,False,False,False,False,False,True,1.0,1.0,3.0
4684,468409,11.0,11.0,,M,False,False,False,False,False,True,1.0,1.0,3.0
4684,468410,45.0,40.0,50.0,F,True,False,False,False,False,False,1.0,1.0,1.0
4684,468411,10.0,10.0,,M,True,False,False,False,False,False,1.0,1.0,5.0
4684,468412,12.0,12.0,,M,True,False,False,False,False,False,1.0,1.0,5.0
4684,468413,11.0,11.0,,M,True,False,False,False,False,False,1.0,1.0,5.0
4684,468414,11.0,11.0,,M,True,False,False,False,False,False,1.0,1.0,5.0
4684,468415,70.0,70.0,,F,True,False,False,False,False,False,1.0,1.0,5.0
4684,468416,41.0,41.0,,M,True,False,False,False,False,False,1.0,1.0,5.0
4684,468417,40.0,40.0,,F,True,False,False,False,False,False,1.0,1.0,5.0
4684,468418,7.0,7.0,,F,True,False,False,False,False,False,1.0,1.0,5.0
4684,468419,11.0,11.0,,M,False,False,False,False,False,True,1.0,2.0,3.0
4684,468420,40.0,40.0,,M,False,False,False,False,True,False,1.0,1.0,2.0
4685,468501,16.0,16.0,,M,False,False,False,False,False,True,2.0,1.0,5.0
4685,468502,37.0,30.0,45.0,M,False,False,False,True,False,False,5.0,2.0,1.0
4685,468503,47.0,45.0,50.0,M,False,False,False,True,False,False,5.0,2.0,1.0
4685,468504,15.0,15.0,,F,False,False,False,False,False,True,2.0,2.0,2.0
4685,468505,15.0,15.0,,F,False,False,False,False,False,True,2.0,2.0,2.0
4685,468506,15.0,15.0,,F,False,False,False,True,False,True,2.0,2.0,2.0
4685,468507,45.0,40.0,50.0,M,False,False,False,False,False,False,5.0,2.0,1.0
4685,468508,42.0,42.0,,F,True,False,False,False,False,False,1.0,1.0,5.0
4685,468509,7.0,7.0,,M,True,False,False,False,False,False,1.0,1.0,5.0
4685,468510,39.0,39.0,40.0,F,False,False,False,False,False,True,2.0,2.0,2.0
4685,468511,9.0,9.0,,F,True,False,False,False,False,False,1.0,1.0,5.0
4685,468512,13.0,13.0,,F,True,False,False,False,False,False,1.0,1.0,5.0
4685,468513,15.0,15.0,,F,True,False,False,False,False,False,1.0,1.0,5.0
4685,468514,40.0,35.0,45.0,M,False,False,False,True,False,False,5.0,2.0,1.0
4685,468515,14.0,14.0,,F,True,False,False,False,False,False,1.0,1.0,5.0
4685,468516,2.0,2.0,,M,True,False,False,False,False,False,1.0,1.0,4.0
4685,468517,9.0,9.0,,F,True,False,False,False,False,False,1.0,1.0,4.0
4685,468518,40.0,35.0,45.0,M,False,False,False,True,False,False,5.0,2.0,1.0
4685,468519,16.0,16.0,,M,False,False,False,False,False,True,1.0,1.0,5.0
4685,468520,45.0,40.0,50.0,M,False,False,False,True,False,False,5.0,2.0,1.0
4685,468521,45.0,40.0,50.0,M,False,False,False,True,False,False,5.0,2.0,1.0
4686,468601,40.0,40.0,,F,True,False,False,False,False,False,1.0,1.0,5.0
4686,468602,15.0,15.0,,F,False,False,False,False,True,False,2.0,2.0,2.0
4686,468603,39.0,39.0,40.0,F,True,False,False,False,False,False,2.0,2.0,2.0
4686,468604,49.0,49.0,,M,True,False,False,False,False,False,1.0,1.0,5.0
4686,468605,15.0,15.0,,F,False,False,False,False,True,False,2.0,2.0,1.0
4686,468606,35.0,30.0,40.0,M,False,False,False,False,False,False,5.0,1.0,1.0
4686,468607,45.0,40.0,50.0,M,False,False,False,True,False,False,5.0,2.0,1.0
4686,468608,14.0,14.0,,F,False,False,False,False,True,False,2.0,2.0,1.0
4686,468609,35.0,30.0,40.0,M,False,False,False,True,False,False,5.0,2.0,1.0
4686,468610,15.0,15.0,,F,False,False,False,False,True,False,1.0,2.0,2.0
4686,468611,45.0,40.0,50.0,M,False,False,False,True,False,False,5.0,2.0,1.0
4686,468612,45.0,40.0,50.0,M,False,False,False,False,False,False,5.0,1.0,1.0
4686,468613,15.0,15.0,,F,False,False,False,False,True,False,1.0,2.0,2.0
4686,468614,2.0,2.0,,M,True,False,False,False,False,False,1.0,1.0,4.0
4686,468615,16.0,16.0,,M,False,False,False,False,True,False,2.0,2.0,4.0
4686,468616,9.0,9.0,,F,True,False,False,False,False,False,1.0,1.0,4.0
4686,468617,15.0,15.0,,F,True,False,False,False,False,False,,1.0,5.0
4686,468618,13.0,13.0,,F,True,False,False,False,False,False,1.0,1.0,4.0
4686,468619,45.0,40.0,50.0,M,False,False,False,True,False,False,5.0,1.0,1.0
4686,468620,47.0,45.0,50.0,M,False,False,False,True,False,False,5.0,1.0,1.0
4686,468621,16.0,16.0,,M,False,False,False,False,True,False,1.0,1.0,5.0
4686,468622,25.0,20.0,30.0,F,False,False,False,False,False,True,5.0,1.0,1.0
4686,468623,19.0,18.0,20.0,F,False,False,False,False,True,False,5.0,,1.0
4686,468624,14.0,14.0,,F,True,False,False,False,False,False,1.0,1.0,5.0
4687,468701,35.0,30.0,40.0,M,False,False,False,False,True,False,5.0,2.0,3.0
4687,468702,35.0,30.0,40.0,M,False,False,False,False,True,False,2.0,2.0,4.0
4687,468703,21.0,21.0,,M,True,False,False,False,False,False,1.0,2.0,5.0
4687,468704,35.0,30.0,40.0,M,False,False,False,False,True,False,2.0,2.0,2.0
4687,468705,35.0,30.0,40.0,F,False,False,False,False,True,False,2.0,2.0,4.0
4687,468706,35.0,30.0,40.0,M,False,False,False,False,True,False,2.0,2.0,4.0
4687,468707,35.0,30.0,40.0,M,False,False,False,False,True,False,2.0,2.0,4.0
4687,468708,65.0,60.0,70.0,M,True,False,False,False,False,False,1.0,2.0,5.0
4687,468709,65.0,60.0,70.0,F,True,False,False,False,False,False,1.0,2.0,
4687,468710,26.0,26.0,,F,True,False,False,False,False,False,1.0,2.0,4.0
4687,468711,42.0,42.0,,M,True,False,False,False,False,False,1.0,2.0,5.0
4687,468712,62.0,60.0,65.0,F,False,False,False,False,True,False,2.0,2.0,4.0
4687,468713,23.0,23.0,,M,True,False,False,False,False,False,1.0,,4.0
4687,468714,7.0,7.0,,M,False,False,False,False,True,False,2.0,2.0,4.0
4687,468715,29.0,29.0,,F,True,False,False,False,False,False,2.0,2.0,5.0
4687,468716,42.0,42.0,,F,True,False,False,False,False,False,1.0,1.0,5.0
4687,468717,7.0,7.0,,M,False,False,False,False,True,False,2.0,2.0,4.0
4687,468718,7.0,7.0,,M,False,False,False,False,True,False,2.0,1.0,4.0
4687,468719,7.0,7.0,,M,False,False,False,False,True,False,2.0,2.0,4.0
4687,468720,7.0,7.0,,M,False,False,False,False,True,False,2.0,2.0,4.0
4687,468721,7.0,7.0,,M,False,False,False,False,True,False,2.0,2.0,4.0
4687,468722,7.0,7.0,,M,False,False,False,False,True,False,2.0,2.0,4.0
4687,468723,7.0,7.0,,M,False,False,False,False,True,False,2.0,2.0,4.0
4687,468724,7.0,7.0,,M,False,False,False,False,True,False,2.0,2.0,4.0
4687,468725,35.0,30.0,40.0,M,False,False,False,False,True,False,2.0,2.0,4.0
4687,468726,7.0,7.0,,M,False,False,False,False,True,False,2.0,2.0,4.0
4688,468801,76.0,76.0,,M,False,False,False,False,True,False,1.0,,4.0
4688,468802,48.0,47.0,50.0,M,False,False,False,False,True,False,5.0,2.0,1.0
4688,468803,16.0,16.0,17.0,M,False,False,False,False,True,False,2.0,2.0,3.0
4688,468804,8.0,8.0,,F,False,False,False,False,True,False,1.0,1.0,4.0
4688,468805,24.0,24.0,,F,False,False,False,False,True,False,2.0,1.0,3.0
4688,468806,32.0,32.0,,F,False,False,False,False,True,False,2.0,1.0,3.0
4688,468807,42.0,42.0,,F,True,True,False,True,True,True,1.0,1.0,5.0
4688,468808,20.0,20.0,,F,True,False,False,False,True,False,1.0,1.0,4.0
4688,468809,11.0,11.0,,M,False,False,False,False,True,False,5.0,2.0,2.0
4688,468810,11.0,10.0,12.0,M,True,False,False,False,True,False,2.0,2.0,2.0
4688,468811,5.0,5.0,,F,True,False,False,False,False,False,2.0,2.0,3.0
4688,468812,43.0,43.0,,F,False,False,False,False,True,False,2.0,2.0,2.0
4688,468813,22.0,20.0,25.0,F,False,False,False,False,True,False,3.0,2.0,1.0
4688,468814,74.0,74.0,,F,False,False,False,False,True,False,1.0,1.0,4.0
4688,468815,52.0,52.0,,M,False,False,False,False,True,False,2.0,1.0,2.0
4688,468816,44.0,44.0,,F,False,False,False,False,True,False,2.0,2.0,2.0
4688,468817,41.0,41.0,,M,False,False,False,False,True,False,1.0,2.0,2.0
4688,468818,3.0,3.0,4.0,F,False,False,False,False,True,False,1.0,1.0,2.0
4688,468819,16.0,16.0,,F,False,False,False,False,True,False,2.0,2.0,3.0
4688,468820,13.0,13.0,14.0,M,True,False,False,False,True,False,2.0,2.0,3.0
4688,468821,10.0,10.0,,M,True,False,False,False,True,False,2.0,2.0,3.0
4688,468822,12.0,12.0,,M,True,False,False,False,True,False,2.0,1.0,4.0
4688,468823,39.0,39.0,,M,True,False,False,True,True,True,1.0,1.0,5.0
4688,468824,38.0,38.0,,F,True,False,False,True,True,True,1.0,1.0,5.0
4689,468901,34.0,34.0,,F,True,False,False,False,True,False,1.0,1.0,5.0
4689,468902,13.0,13.0,,F,False,False,False,False,False,False,,1.0,4.0
4689,468903,13.0,13.0,,F,False,False,True,False,True,False,1.0,1.0,4.0
4689,468904,13.0,13.0,,F,False,False,False,False,False,False,,1.0,5.0
4690,469001,34.0,34.0,,F,True,False,False,False,False,False,1.0,1.0,5.0
4690,469002,45.0,40.0,50.0,M,False,False,True,False,False,False,1.0,1.0,5.0
4690,469003,11.0,11.0,,M,True,False,True,False,True,False,1.0,1.0,4.0
4690,469004,11.0,11.0,,M,True,False,True,False,True,False,1.0,1.0,4.0
4691,469101,39.0,39.0,,F,True,False,False,False,False,False,1.0,1.0,5.0
4691,469102,42.0,42.0,,M,True,False,False,False,False,False,1.0,1.0,4.0
4691,469103,16.0,16.0,,M,True,False,False,False,False,False,1.0,1.0,4.0
4691,469104,12.0,12.0,,F,False,False,True,False,True,False,1.0,1.0,5.0
4691,469105,12.0,12.0,,F,False,False,True,False,False,False,1.0,1.0,4.0
4692,469201,33.0,33.0,,F,True,False,False,False,False,False,1.0,1.0,5.0
4694,469401,14.0,14.0,,M,True,False,False,False,True,False,1.0,1.0,5.0
4694,469402,35.0,35.0,,F,True,False,False,False,True,False,1.0,1.0,5.0
4694,469403,37.0,37.0,,M,True,False,False,False,True,False,1.0,1.0,5.0
4695,469501,10.0,10.0,,F,True,False,True,False,False,False,2.0,2.0,3.0
4695,469502,18.0,18.0,,F,True,False,False,False,False,False,2.0,2.0,3.0
4695,469503,59.0,59.0,,M,True,False,False,False,False,False,2.0,1.0,4.0
4695,469504,66.0,66.0,,F,True,False,False,False,False,False,2.0,1.0,4.0
4695,469505,12.0,12.0,,M,True,False,False,False,False,False,2.0,2.0,3.0
4695,469506,15.0,15.0,,M,True,False,True,False,False,True,2.0,2.0,4.0
4695,469507,38.0,38.0,,M,True,False,False,False,False,False,1.0,,5.0
4695,469508,38.0,38.0,,F,True,False,False,False,False,False,1.0,1.0,5.0
4695,469509,18.0,18.0,,F,True,False,False,False,False,False,1.0,2.0,5.0
4695,469510,15.0,15.0,,M,True,False,True,False,False,True,2.0,2.0,4.0
4695,469511,41.0,41.0,,F,True,False,False,False,False,True,2.0,2.0,3.0
4696,469601,9.0,9.0,,M,False,False,True,False,False,False,1.0,1.0,5.0
4696,469602,11.0,11.0,,M,False,False,True,False,False,False,1.0,1.0,3.0
4696,469603,7.0,7.0,,M,False,False,True,False,False,False,1.0,1.0,5.0
4696,469604,8.0,8.0,,F,False,False,True,False,False,False,1.0,2.0,5.0
4696,469605,5.0,5.0,,F,True,False,True,False,False,False,1.0,1.0,5.0
4696,469606,11.0,11.0,,M,True,False,True,False,False,False,1.0,1.0,5.0
4696,469607,11.0,11.0,,M,False,False,True,False,False,False,1.0,1.0,3.0
4696,469608,11.0,11.0,,M,False,False,True,False,False,False,1.0,2.0,3.0
4696,469609,9.0,9.0,,M,False,False,True,False,False,False,1.0,1.0,3.0
4696,469610,9.0,9.0,,M,False,False,True,False,False,False,1.0,1.0,3.0
4696,469611,8.0,8.0,,F,False,False,True,False,False,False,1.0,2.0,5.0
4696,469612,9.0,9.0,,M,False,False,True,False,False,False,1.0,1.0,3.0
4696,469613,9.0,9.0,,F,False,False,True,False,False,False,1.0,1.0,5.0
4696,469614,35.0,35.0,,F,True,False,False,False,False,False,1.0,1.0,5.0
4696,469615,8.0,8.0,,F,False,False,True,False,False,False,1.0,2.0,5.0
4696,469616,7.0,7.0,,F,False,False,True,False,False,False,1.0,2.0,5.0
4696,469617,38.0,38.0,,M,True,False,False,False,False,False,1.0,1.0,5.0
4696,469618,8.0,8.0,,M,False,False,True,False,False,False,1.0,1.0,5.0
4696,469619,8.0,8.0,,M,False,False,True,False,False,False,1.0,1.0,5.0
4696,469620,7.0,7.0,,M,False,False,True,False,False,False,1.0,2.0,5.0
4696,469621,8.0,8.0,,M,False,False,True,False,False,False,1.0,1.0,3.0
4696,469622,9.0,9.0,,M,False,False,True,False,False,False,1.0,1.0,5.0
4696,469623,8.0,8.0,,M,False,False,True,False,False,False,1.0,1.0,3.0
4696,469624,9.0,9.0,,M,False,False,True,False,False,False,1.0,1.0,3.0
4696,469625,8.0,8.0,,M,False,False,True,False,False,False,1.0,1.0,5.0
4696,469626,7.0,7.0,,F,False,False,True,False,False,False,1.0,2.0,5.0
4696,469627,8.0,8.0,,M,False,False,True,False,False,False,1.0,1.0,5.0
4696,469628,40.0,35.0,45.0,F,False,False,True,False,False,False,1.0,2.0,5.0
4696,469629,8.0,8.0,,M,False,False,True,False,False,False,1.0,1.0,5.0
4697,469701,52.0,50.0,55.0,F,True,False,False,False,False,False,2.0,1.0,5.0
4697,469702,1.0,1.0,,F,False,False,False,True,False,False,2.0,1.0,2.0
4697,469703,42.0,40.0,45.0,F,False,False,True,False,False,False,1.0,2.0,5.0
4697,469704,8.0,8.0,,M,False,False,True,False,False,False,1.0,2.0,5.0
4697,469705,28.0,28.0,,F,False,False,False,True,False,False,2.0,2.0,2.0
4697,469706,8.0,8.0,,F,False,False,True,False,False,False,1.0,1.0,5.0
4697,469707,32.0,30.0,35.0,M,True,False,False,False,False,False,2.0,1.0,5.0
4697,469708,8.0,8.0,,F,False,False,True,False,False,False,1.0,2.0,5.0
4697,469709,8.0,8.0,,F,False,False,True,False,False,False,1.0,1.0,4.0
4697,469710,7.0,7.0,,F,False,False,True,False,False,False,1.0,1.0,3.0
4697,469711,5.0,5.0,,F,False,False,True,False,False,False,1.0,2.0,3.0
4697,469712,31.0,31.0,,M,True,False,False,False,False,False,1.0,1.0,5.0
4697,469713,28.0,28.0,,F,True,False,False,False,False,False,1.0,1.0,5.0
4697,469714,8.0,8.0,,F,False,False,True,False,False,False,1.0,1.0,5.0
4697,469715,8.0,8.0,,F,False,False,True,False,False,False,1.0,1.0,5.0
4698,469801,16.0,16.0,,F,False,False,True,False,False,False,1.0,2.0,3.0
4698,469802,21.0,21.0,,F,True,False,False,False,False,False,1.0,2.0,5.0
4698,469803,26.0,26.0,,M,True,False,False,False,False,False,1.0,2.0,5.0
4698,469804,16.0,16.0,,F,False,False,True,False,False,False,2.0,2.0,3.0
4698,469805,15.0,15.0,,M,False,False,False,False,False,True,1.0,1.0,4.0
4698,469806,15.0,15.0,,F,False,False,True,False,False,False,2.0,2.0,1.0
4698,469807,13.0,13.0,,M,False,False,True,False,False,False,1.0,1.0,3.0
4698,469808,16.0,16.0,,F,False,False,True,False,False,False,1.0,1.0,5.0
4698,469809,14.0,14.0,,F,False,False,True,False,False,False,1.0,1.0,3.0
4698,469810,15.0,15.0,,M,False,False,True,False,False,False,1.0,1.0,3.0
4698,469811,16.0,16.0,,M,False,False,True,False,False,False,2.0,1.0,3.0
4699,469901,35.0,30.0,40.0,,False,True,False,False,False,False,1.0,2.0,2.0
4699,469902,21.0,18.0,25.0,F,False,True,False,False,False,False,2.0,2.0,1.0
4699,469903,75.0,70.0,80.0,M,True,False,False,False,False,False,1.0,1.0,4.0
4699,469904,75.0,70.0,80.0,F,True,False,False,False,False,False,1.0,1.0,4.0
4699,469905,14.0,14.0,,M,True,False,False,False,False,False,1.0,1.0,5.0
4699,469906,45.0,40.0,50.0,F,False,True,False,False,False,False,2.0,2.0,1.0
4699,469907,60.0,50.0,70.0,M,False,True,False,False,False,False,2.0,2.0,1.0
4699,469908,45.0,40.0,50.0,M,False,True,False,False,False,False,2.0,2.0,1.0
4699,469909,55.0,50.0,60.0,M,False,True,False,False,False,False,4.0,2.0,2.0
4699,469910,35.0,30.0,40.0,M,False,True,False,False,False,False,5.0,2.0,3.0
4699,469911,25.0,20.0,30.0,,False,True,False,False,False,False,4.0,2.0,1.0
4699,469912,45.0,40.0,50.0,F,True,False,False,False,False,False,1.0,1.0,5.0
4699,469913,55.0,50.0,60.0,M,False,True,False,False,False,False,5.0,2.0,2.0
4699,469914,45.0,40.0,50.0,F,False,True,False,False,False,False,2.0,2.0,2.0
4699,469915,62.0,60.0,65.0,M,False,True,False,False,False,False,3.0,2.0,1.0
4699,469916,55.0,50.0,60.0,F,False,True,False,False,False,False,3.0,2.0,1.0
4700,470001,35.0,30.0,40.0,F,False,False,True,False,False,False,2.0,2.0,3.0
4700,470002,4.0,4.0,,M,True,False,False,False,False,False,1.0,1.0,5.0
4700,470003,59.0,59.0,,F,True,False,False,False,False,False,2.0,1.0,1.0
4700,470004,62.0,62.0,63.0,M,True,False,False,False,False,False,2.0,1.0,1.0
4700,470005,15.0,14.0,16.0,F,False,False,True,False,False,False,5.0,2.0,1.0
4700,470006,11.0,11.0,12.0,M,False,False,True,False,False,False,5.0,2.0,1.0
4700,470007,13.0,13.0,14.0,M,False,False,True,False,False,False,4.0,2.0,1.0
4700,470008,13.0,13.0,14.0,M,False,False,True,False,False,False,4.0,2.0,1.0
4700,470009,51.0,49.0,53.0,M,False,False,True,False,False,False,3.0,2.0,3.0
4700,470010,11.0,11.0,,M,True,False,True,False,False,False,1.0,2.0,5.0
4700,470011,53.0,50.0,57.0,M,False,False,True,False,False,False,1.0,2.0,3.0
4700,470012,13.0,13.0,14.0,M,False,False,True,False,False,False,3.0,2.0,1.0
4700,470013,7.0,7.0,,F,True,False,False,False,False,False,1.0,2.0,2.0
4700,470014,31.0,28.0,34.0,M,False,False,True,False,False,False,1.0,2.0,3.0
4700,470015,14.0,14.0,,F,False,False,True,False,False,False,1.0,1.0,4.0
4700,470016,12.0,12.0,,M,True,False,False,False,False,False,1.0,1.0,2.0
4700,470017,36.0,36.0,37.0,F,True,False,False,False,False,False,1.0,1.0,5.0
4700,470018,13.0,13.0,14.0,F,False,False,True,False,False,False,2.0,2.0,3.0
4700,470019,37.0,37.0,,M,True,False,False,False,False,False,1.0,1.0,5.0
4700,470020,14.0,14.0,,F,False,False,True,False,False,False,1.0,1.0,4.0
4700,470021,13.0,13.0,14.0,M,False,False,True,False,False,False,2.0,2.0,3.0
4700,470022,13.0,13.0,14.0,M,False,False,True,False,False,False,2.0,1.0,3.0
4700,470023,14.0,14.0,,F,False,False,True,False,False,False,1.0,1.0,4.0
4700,470024,14.0,14.0,,F,False,False,True,False,False,False,1.0,1.0,4.0
4700,470025,13.0,13.0,,F,False,False,True,False,False,False,1.0,1.0,4.0
4700,470026,13.0,13.0,,F,False,False,True,False,False,False,1.0,1.0,4.0
4700,470027,14.0,14.0,,F,False,False,True,False,False,False,1.0,1.0,4.0
4700,470028,14.0,14.0,,F,False,False,True,False,False,False,1.0,1.0,4.0
4700,470029,13.0,13.0,14.0,F,False,False,True,False,False,False,1.0,2.0,2.0
4701,470101,10.0,10.0,11.0,M,False,False,False,False,False,True,2.0,1.0,3.0
4701,470102,49.0,49.0,,M,True,False,False,False,False,False,1.0,2.0,4.0
4701,470103,8.0,8.0,,M,False,False,False,False,False,True,1.0,2.0,2.0
4701,470104,57.0,55.0,60.0,F,False,False,False,False,True,False,2.0,2.0,2.0
4701,470105,15.0,15.0,16.0,M,False,False,False,False,True,False,2.0,1.0,3.0
4701,470106,15.0,15.0,16.0,M,False,False,False,False,True,False,2.0,1.0,3.0
4701,470107,13.0,13.0,,M,False,False,False,False,False,True,2.0,1.0,3.0
4701,470108,14.0,14.0,,F,True,False,False,False,False,False,1.0,1.0,3.0
4701,470109,12.0,12.0,,M,False,False,True,False,False,False,1.0,1.0,3.0
4701,470110,12.0,12.0,,M,False,False,False,False,True,False,2.0,1.0,3.0
4701,470111,37.0,37.0,,F,True,False,False,False,False,False,1.0,1.0,4.0
4701,470112,42.0,40.0,45.0,F,False,False,False,False,False,True,1.0,2.0,2.0
4701,470113,12.0,12.0,,M,False,False,True,False,False,False,1.0,1.0,5.0
4701,470114,35.0,30.0,40.0,F,False,False,False,False,True,False,1.0,1.0,1.0
4701,470115,12.0,12.0,,M,False,False,True,False,False,False,1.0,1.0,5.0
4701,470116,12.0,12.0,,M,False,False,True,False,False,False,1.0,1.0,4.0
4701,470117,12.0,12.0,,F,False,False,True,False,False,False,1.0,1.0,5.0
4701,470118,12.0,12.0,,F,False,False,True,False,False,False,1.0,1.0,5.0
4701,470119,47.0,45.0,50.0,F,False,False,True,False,False,False,2.0,2.0,5.0
4701,470120,12.0,12.0,,F,False,False,True,False,False,False,1.0,2.0,5.0
4702,470201,3.0,1.0,5.0,F,True,False,False,True,False,False,3.0,1.0,5.0
4702,470202,14.0,13.0,15.0,F,False,False,False,False,True,False,5.0,1.0,3.0
4702,470203,42.0,40.0,45.0,F,True,False,False,True,False,False,2.0,1.0,4.0
4702,470204,14.0,13.0,15.0,F,False,False,False,False,True,False,2.0,1.0,3.0
4702,470205,14.0,13.0,15.0,F,False,False,False,False,True,False,5.0,1.0,3.0
4702,470206,14.0,13.0,15.0,F,False,False,False,False,True,False,5.0,1.0,3.0
4702,470207,14.0,14.0,,F,False,False,True,False,False,False,1.0,1.0,5.0
4702,470208,14.0,13.0,15.0,F,False,False,False,False,True,False,5.0,1.0,3.0
4702,470209,14.0,13.0,15.0,F,False,False,False,False,True,False,5.0,1.0,3.0
4702,470210,42.0,40.0,45.0,M,True,False,False,False,True,False,1.0,1.0,4.0
4702,470211,30.0,30.0,,M,True,False,False,False,False,False,1.0,1.0,3.0
4702,470212,25.0,20.0,30.0,F,False,False,False,False,True,False,1.0,1.0,3.0
4702,470213,3.0,1.0,5.0,F,True,False,False,True,False,False,3.0,1.0,5.0
4702,470214,40.0,40.0,,F,False,False,False,True,False,True,1.0,1.0,1.0
4702,470215,25.0,20.0,30.0,F,True,False,False,False,False,False,1.0,1.0,3.0
4702,470216,18.0,18.0,,F,True,False,True,True,True,False,1.0,1.0,5.0
4702,470217,25.0,20.0,30.0,F,False,False,False,False,False,True,5.0,1.0,1.0
4702,470218,13.0,13.0,,M,True,False,True,True,True,False,1.0,1.0,5.0
4702,470219,18.0,18.0,,F,True,False,True,True,True,False,1.0,1.0,5.0
4702,470220,14.0,14.0,,M,False,False,True,False,True,False,1.0,1.0,5.0
4702,470221,13.0,13.0,,F,True,False,True,False,True,True,1.0,1.0,5.0
4702,470222,9.0,8.0,10.0,F,True,False,False,False,True,False,1.0,1.0,4.0
4702,470223,79.0,79.0,80.0,F,True,False,False,True,False,False,1.0,1.0,5.0
4702,470224,22.0,20.0,25.0,M,False,False,False,False,False,True,5.0,2.0,1.0
4702,470225,32.0,30.0,35.0,M,False,False,False,False,False,True,5.0,1.0,1.0
4702,470226,32.0,30.0,35.0,F,False,False,False,False,False,True,5.0,2.0,1.0
4702,470227,45.0,40.0,50.0,M,False,False,False,False,False,True,5.0,2.0,1.0
4702,470228,2.0,1.0,4.0,F,True,False,False,False,False,False,3.0,1.0,5.0
4702,470229,13.0,13.0,,F,True,False,True,True,True,False,1.0,1.0,5.0
4703,470301,49.0,49.0,,F,True,False,False,False,False,False,1.0,1.0,5.0
4703,470302,74.0,74.0,,M,False,False,False,False,True,False,2.0,2.0,4.0
4703,470303,74.0,74.0,,F,False,False,False,False,True,False,2.0,2.0,4.0
4703,470304,45.0,40.0,50.0,M,False,False,False,False,True,False,2.0,2.0,4.0
4703,470305,42.0,40.0,45.0,F,False,False,False,False,True,False,2.0,2.0,4.0
4703,470306,48.0,48.0,,M,True,False,False,False,False,False,1.0,1.0,5.0
4704,470401,57.0,57.0,,F,True,False,False,False,False,False,1.0,1.0,4.0
4704,470402,4.0,4.0,,M,True,False,False,False,False,False,1.0,1.0,5.0
4704,470403,36.0,36.0,,M,True,False,False,False,False,False,2.0,2.0,2.0
4704,470404,33.0,33.0,,F,True,False,False,False,False,False,1.0,,5.0
4704,470405,32.0,32.0,,M,True,False,False,False,False,False,1.0,1.0,4.0
4705,470501,39.0,39.0,,M,True,False,False,False,False,False,1.0,1.0,5.0
4705,470502,40.0,40.0,,F,True,False,False,False,False,False,1.0,1.0,5.0
4705,470503,22.0,20.0,25.0,F,False,False,False,False,False,True,5.0,2.0,1.0
4706,470601,41.0,41.0,,M,False,False,False,False,False,True,3.0,2.0,1.0
4706,470602,44.0,44.0,,F,True,False,False,False,False,True,1.0,1.0,5.0
4706,470603,45.0,45.0,,M,True,False,False,False,False,True,1.0,1.0,5.0
4706,470604,8.0,8.0,,F,True,False,False,False,False,False,1.0,1.0,5.0
4707,470701,13.0,13.0,,,False,False,True,False,False,False,1.0,1.0,4.0
4707,470702,14.0,14.0,,M,False,False,True,False,False,False,1.0,2.0,4.0
4707,470703,13.0,13.0,,M,False,False,True,False,False,False,2.0,2.0,4.0
4707,470704,14.0,14.0,,M,False,False,True,False,False,False,2.0,2.0,4.0
4707,470705,13.0,13.0,,M,False,False,True,False,False,False,1.0,2.0,3.0
4707,470706,14.0,14.0,,M,False,False,True,False,False,False,1.0,2.0,3.0
4707,470707,15.0,15.0,,F,False,False,True,False,False,False,1.0,1.0,3.0
4707,470708,18.0,18.0,,F,False,False,False,False,True,False,2.0,1.0,3.0
4707,470709,27.0,25.0,30.0,F,False,False,False,False,False,True,2.0,2.0,1.0
4707,470710,37.0,35.0,40.0,F,False,False,True,False,False,False,1.0,2.0,3.0
4707,470711,13.0,13.0,,F,False,False,True,False,False,False,1.0,1.0,4.0
4707,470712,19.0,19.0,,M,False,False,False,False,True,False,2.0,2.0,3.0
4707,470713,42.0,40.0,45.0,F,False,False,True,False,False,False,1.0,2.0,5.0
4707,470714,35.0,35.0,,M,True,False,False,False,False,False,1.0,1.0,4.0
4707,470715,9.0,9.0,,F,True,False,False,False,False,False,1.0,1.0,5.0
4707,470716,27.0,25.0,30.0,M,False,False,True,False,False,False,1.0,2.0,3.0
4707,470717,37.0,35.0,40.0,F,False,False,True,False,False,False,1.0,2.0,3.0
4707,470718,52.0,50.0,55.0,,False,False,True,False,False,False,1.0,2.0,3.0
4707,470719,13.0,13.0,,F,False,False,True,False,False,False,1.0,1.0,4.0
4707,470720,47.0,45.0,50.0,M,False,False,True,False,False,False,1.0,2.0,3.0
4707,470721,13.0,13.0,,F,False,False,True,False,False,False,1.0,1.0,4.0
4707,470722,13.0,13.0,,F,False,False,True,False,False,False,1.0,1.0,4.0
4707,470723,35.0,35.0,,F,True,False,False,False,False,False,1.0,1.0,4.0
4708,470801,10.0,10.0,,F,False,False,False,False,True,False,2.0,1.0,4.0
4708,470802,39.0,38.0,40.0,F,False,False,True,False,False,False,1.0,2.0,5.0
4708,470803,7.0,7.0,,F,False,False,True,False,False,False,1.0,1.0,5.0
4708,470804,5.0,5.0,,M,False,False,True,False,False,False,1.0,1.0,5.0
4708,470805,6.0,6.0,,M,False,False,True,False,False,False,1.0,1.0,5.0
4708,470806,37.0,35.0,40.0,F,False,False,True,False,False,False,1.0,1.0,3.0
4708,470807,37.0,35.0,40.0,F,False,False,True,False,False,False,1.0,2.0,3.0
4708,470808,11.0,11.0,,M,False,False,True,False,False,False,1.0,2.0,5.0
4708,470809,10.0,10.0,,M,False,False,True,False,False,False,1.0,2.0,5.0
4708,470810,10.0,10.0,,M,False,False,True,False,False,False,1.0,2.0,5.0
4708,470811,8.0,8.0,,M,True,False,False,False,False,False,1.0,2.0,4.0
4708,470812,10.0,10.0,,F,False,False,True,False,False,False,1.0,2.0,5.0
4708,470813,14.0,14.0,,F,False,False,False,False,True,False,2.0,2.0,4.0
4708,470814,10.0,10.0,,M,False,False,True,False,False,False,1.0,2.0,5.0
4708,470815,5.0,5.0,,M,True,False,False,False,False,False,1.0,2.0,4.0
4708,470816,10.0,10.0,,F,False,False,True,False,False,False,1.0,1.0,5.0
4708,470817,40.0,40.0,,M,True,False,False,False,False,False,1.0,1.0,5.0
4708,470818,12.0,12.0,,F,True,False,False,False,False,False,1.0,1.0,5.0
4708,470819,42.0,42.0,,F,True,False,False,False,False,False,1.0,1.0,5.0
4708,470820,42.0,42.0,,M,True,False,False,False,False,False,1.0,2.0,3.0
4708,470821,10.0,10.0,,F,False,False,True,False,False,False,1.0,2.0,5.0
4708,470822,6.0,6.0,,M,True,False,False,False,False,False,1.0,2.0,3.0
4708,470823,5.0,5.0,,M,False,False,True,False,False,False,1.0,2.0,5.0
4708,470824,10.0,10.0,,F,False,False,True,False,False,False,1.0,1.0,5.0
4708,470825,10.0,10.0,,F,False,False,True,False,False,False,1.0,2.0,5.0
4708,470826,10.0,10.0,,M,False,False,True,False,False,False,1.0,2.0,5.0
4708,470827,10.0,10.0,,F,False,False,True,False,False,False,1.0,2.0,5.0
4708,470828,10.0,10.0,,F,False,False,True,False,False,False,1.0,1.0,5.0
4708,470829,43.0,43.0,,F,True,False,False,False,False,False,1.0,1.0,3.0
4709,470901,12.0,12.0,,M,False,False,True,False,False,False,1.0,2.0,5.0
4709,470902,12.0,12.0,,M,False,False,True,False,False,False,1.0,2.0,5.0
4709,470903,42.0,40.0,45.0,F,False,False,True,False,False,False,1.0,2.0,5.0
4709,470904,12.0,12.0,,M,False,False,True,False,False,False,1.0,2.0,5.0
4709,470905,13.0,13.0,,M,False,False,True,False,False,False,1.0,2.0,5.0
4709,470906,7.0,7.0,,F,True,False,False,False,False,False,1.0,1.0,5.0
4709,470907,35.0,35.0,,M,True,False,False,False,False,False,1.0,2.0,5.0
4709,470908,13.0,13.0,,M,True,False,False,False,False,False,1.0,2.0,5.0
4709,470909,31.0,31.0,,F,True,False,False,False,False,False,1.0,2.0,5.0
4710,471001,15.0,15.0,,F,True,False,False,False,False,False,1.0,1.0,4.0
4710,471002,12.0,12.0,,M,True,False,False,False,False,False,1.0,1.0,5.0
4710,471003,35.0,30.0,40.0,M,False,False,False,False,False,True,5.0,2.0,1.0
4710,471004,42.0,42.0,,M,True,False,False,False,False,False,1.0,1.0,5.0
4710,471005,40.0,40.0,,F,True,False,False,False,False,False,1.0,1.0,5.0
4711,471101,41.0,41.0,,M,True,False,False,False,False,False,1.0,2.0,5.0
4711,471102,42.0,40.0,45.0,M,False,False,False,False,False,True,2.0,2.0,4.0
4711,471103,11.0,11.0,,F,False,False,False,False,False,True,2.0,2.0,4.0
4711,471104,12.0,12.0,,F,False,False,True,False,False,True,2.0,2.0,4.0
4711,471105,35.0,30.0,40.0,M,False,False,False,False,False,True,5.0,2.0,1.0
4711,471106,16.0,16.0,,M,False,False,False,False,True,True,2.0,2.0,4.0
4711,471107,15.0,15.0,,F,False,False,True,False,True,True,1.0,1.0,2.0
4711,471108,11.0,11.0,,F,True,False,True,True,False,False,1.0,1.0,5.0
4711,471109,46.0,46.0,,F,True,False,False,False,False,False,1.0,2.0,5.0
4711,471110,16.0,16.0,,M,False,False,False,False,True,True,2.0,1.0,4.0
4712,471201,41.0,41.0,,F,True,False,False,False,False,False,1.0,1.0,5.0
4712,471202,12.0,12.0,,F,True,False,False,False,False,False,1.0,1.0,5.0
4712,471203,20.0,20.0,,F,True,False,False,False,False,False,1.0,,3.0
4712,471204,7.0,7.0,,F,True,False,False,False,False,False,1.0,1.0,4.0
4712,471205,32.0,32.0,,F,True,False,False,False,False,False,1.0,1.0,3.0
4712,471206,39.0,39.0,,F,True,False,False,False,False,False,4.0,1.0,5.0
4712,471207,55.0,55.0,,M,True,False,False,False,False,False,1.0,1.0,5.0
4712,471208,52.0,52.0,,F,True,False,False,False,False,False,1.0,1.0,5.0
4712,471209,3.0,3.0,,M,True,False,False,False,False,False,1.0,1.0,4.0
4712,471210,19.0,19.0,,F,True,False,False,False,False,False,1.0,1.0,5.0
4713,471301,42.0,40.0,45.0,F,True,False,False,False,False,False,1.0,1.0,3.0
4713,471302,47.0,45.0,50.0,M,True,False,False,False,False,False,1.0,1.0,3.0
4713,471303,16.0,16.0,17.0,F,True,False,False,False,False,False,1.0,2.0,2.0
4713,471304,17.0,17.0,18.0,F,True,False,False,False,False,False,1.0,1.0,1.0
4713,471305,9.0,9.0,10.0,F,False,False,True,True,False,False,1.0,,1.0
4713,471306,30.0,25.0,35.0,F,False,False,True,True,False,False,1.0,2.0,1.0
4713,471307,17.0,17.0,,F,True,False,False,False,False,False,1.0,2.0,2.0
4713,471308,16.0,16.0,,F,True,False,False,False,False,False,1.0,2.0,1.0
4713,471309,40.0,35.0,45.0,F,False,False,True,False,False,False,1.0,2.0,2.0
4713,471310,45.0,40.0,50.0,F,False,False,True,False,False,False,1.0,2.0,5.0
4714,471401,11.0,11.0,12.0,F,False,False,True,False,False,False,2.0,1.0,3.0
4714,471402,11.0,11.0,12.0,F,False,False,True,False,False,False,2.0,2.0,3.0
4714,471403,13.0,13.0,,F,False,False,True,False,False,False,2.0,2.0,2.0
4714,471404,32.0,29.0,35.0,M,False,False,True,False,False,False,2.0,1.0,3.0
4714,471405,12.0,12.0,13.0,M,False,False,True,False,False,False,1.0,1.0,3.0
4714,471406,13.0,13.0,,F,False,False,True,False,False,False,2.0,2.0,2.0
4714,471407,12.0,12.0,13.0,F,False,False,True,False,False,False,2.0,1.0,3.0
4714,471408,50.0,45.0,55.0,M,False,False,True,False,False,False,2.0,2.0,3.0
4714,471409,40.0,35.0,45.0,F,False,False,True,False,False,False,2.0,1.0,3.0
4714,471410,12.0,12.0,13.0,M,False,False,True,False,False,False,1.0,1.0,3.0
4714,471411,12.0,12.0,13.0,F,False,False,True,False,False,False,2.0,1.0,4.0
4714,471412,12.0,12.0,,M,False,False,True,False,False,False,1.0,1.0,4.0
4714,471413,13.0,13.0,,F,False,False,True,False,False,False,1.0,1.0,3.0
4714,471414,40.0,35.0,45.0,M,False,False,True,False,False,False,2.0,1.0,4.0
4714,471415,13.0,13.0,,M,False,False,True,False,False,False,2.0,1.0,3.0
4714,471416,45.0,45.0,,F,True,False,False,False,False,False,1.0,1.0,5.0
4714,471417,17.0,17.0,,M,True,False,False,False,False,False,1.0,2.0,5.0
4714,471418,12.0,12.0,,F,False,False,True,False,False,False,1.0,1.0,3.0
4714,471419,11.0,11.0,12.0,M,False,False,True,False,False,False,1.0,2.0,2.0
4714,471420,13.0,13.0,,F,False,False,True,False,False,False,1.0,1.0,4.0
4714,471421,13.0,13.0,,F,False,False,True,False,False,False,1.0,1.0,4.0
4714,471422,13.0,13.0,,F,False,False,True,False,False,False,1.0,1.0,4.0
4714,471423,13.0,13.0,,M,False,False,True,False,False,False,1.0,2.0,2.0
4714,471424,13.0,13.0,,F,False,False,True,False,False,False,1.0,1.0,5.0
4714,471425,13.0,13.0,,F,False,False,True,False,False,False,1.0,1.0,4.0
4714,471426,13.0,13.0,,F,False,False,True,False,False,False,1.0,1.0,4.0
4714,471427,13.0,13.0,,F,False,False,True,False,False,False,2.0,1.0,3.0
4714,471428,13.0,13.0,,F,False,False,True,False,False,False,1.0,1.0,3.0
4714,471429,18.0,17.0,19.0,F,False,False,True,False,False,False,2.0,2.0,3.0
4715,471501,39.0,39.0,,F,True,False,False,False,False,False,1.0,1.0,
4715,471502,14.0,14.0,,M,False,False,False,False,True,False,1.0,1.0,4.0
4715,471503,35.0,30.0,40.0,M,False,False,False,False,True,False,2.0,2.0,3.0
4715,471504,3.0,3.0,4.0,F,False,False,False,False,True,False,2.0,1.0,4.0
4715,471505,25.0,20.0,30.0,F,False,False,False,False,True,False,2.0,2.0,3.0
4715,471506,55.0,50.0,60.0,M,False,False,False,False,False,False,,2.0,
4715,471507,54.0,54.0,,F,False,False,False,False,False,True,2.0,2.0,4.0
4715,471508,14.0,14.0,,M,False,False,False,False,True,False,1.0,1.0,4.0
4715,471509,14.0,14.0,,F,False,False,False,False,True,False,1.0,1.0,
4715,471510,17.0,16.0,18.0,M,False,False,False,False,False,True,5.0,2.0,1.0
4715,471511,42.0,42.0,,F,True,False,False,False,False,False,2.0,1.0,3.0
4715,471512,40.0,40.0,,M,True,False,False,False,False,False,2.0,1.0,4.0
4715,471513,14.0,14.0,,M,False,False,False,False,True,False,1.0,1.0,4.0
4715,471514,14.0,14.0,,F,False,False,False,False,True,False,1.0,1.0,5.0
4716,471601,36.0,35.0,37.0,F,False,False,False,False,True,False,2.0,1.0,3.0
4716,471602,9.0,9.0,,M,False,False,False,False,True,False,2.0,2.0,3.0
4716,471603,11.0,11.0,,M,False,False,False,False,True,False,1.0,1.0,5.0
4716,471604,7.0,7.0,,F,False,False,False,False,True,False,4.0,2.0,3.0
4716,471605,45.0,40.0,50.0,M,False,False,False,False,True,False,5.0,2.0,3.0
4716,471606,42.0,40.0,45.0,F,False,False,False,False,True,False,5.0,2.0,3.0
4716,471607,47.0,45.0,50.0,F,False,False,False,False,False,True,2.0,2.0,1.0
4716,471608,11.0,11.0,,M,False,False,False,False,True,False,1.0,1.0,4.0
4716,471609,7.0,7.0,,M,False,False,False,False,True,False,2.0,1.0,3.0
4716,471610,10.0,10.0,,M,False,False,False,False,True,False,1.0,1.0,4.0
4716,471611,11.0,11.0,,F,True,False,False,False,True,False,1.0,2.0,5.0
4716,471612,67.0,67.0,,M,True,False,False,False,False,False,2.0,2.0,4.0
4716,471613,43.0,43.0,,M,True,False,False,False,False,False,1.0,2.0,5.0
4716,471614,41.0,41.0,,F,True,False,False,False,False,False,1.0,1.0,5.0
4716,471615,8.0,8.0,,F,True,False,False,False,False,False,1.0,1.0,5.0
4716,471616,11.0,11.0,,M,False,False,False,False,True,False,1.0,1.0,4.0
4716,471617,15.0,15.0,,M,True,False,False,False,False,False,1.0,1.0,5.0
4717,471701,13.0,13.0,,F,True,False,False,False,False,False,1.0,1.0,5.0
4717,471702,42.0,42.0,,F,False,False,False,False,False,True,1.0,1.0,1.0
4717,471703,14.0,14.0,,M,False,False,False,False,False,False,1.0,2.0,
4717,471704,14.0,14.0,,M,False,False,False,False,False,False,1.0,2.0,
4717,471705,14.0,14.0,,M,False,False,False,False,False,False,1.0,2.0,
4717,471706,14.0,14.0,,F,False,False,False,False,False,False,1.0,1.0,
4717,471707,14.0,14.0,,F,False,False,False,False,False,False,1.0,1.0,
4717,471708,6.0,6.0,,F,True,False,False,False,False,False,1.0,1.0,4.0
4717,471709,38.0,38.0,,F,True,False,False,False,False,False,1.0,1.0,4.0
4717,471710,46.0,46.0,,M,True,False,False,False,False,False,2.0,,4.0
4717,471711,42.0,42.0,,M,True,False,False,False,False,False,2.0,2.0,3.0
4717,471712,13.0,13.0,,F,False,False,False,False,True,False,3.0,2.0,4.0
4717,471713,8.0,8.0,,M,False,False,False,False,True,False,3.0,1.0,4.0
4717,471714,14.0,14.0,,F,False,False,False,False,False,False,1.0,2.0,
4717,471715,60.0,60.0,,F,True,False,False,False,False,False,1.0,2.0,4.0
4717,471716,14.0,14.0,,F,False,False,False,False,False,True,1.0,1.0,4.0
4717,471717,14.0,14.0,,F,False,False,False,False,False,False,1.0,2.0,
4717,471718,14.0,14.0,,F,False,False,False,False,False,False,1.0,2.0,
4717,471719,14.0,14.0,,F,False,False,False,False,False,True,1.0,1.0,4.0
4717,471720,14.0,14.0,,F,False,False,False,False,False,True,1.0,1.0,4.0
4717,471721,14.0,14.0,,M,False,False,False,False,False,True,1.0,1.0,4.0
4717,471722,14.0,14.0,,F,False,False,False,False,False,True,1.0,1.0,4.0
4717,471723,14.0,14.0,,F,False,False,False,False,False,True,1.0,1.0,4.0
4717,471724,14.0,14.0,,F,False,False,False,False,False,True,1.0,1.0,4.0
4717,471725,14.0,14.0,,F,False,False,False,False,False,True,1.0,1.0,4.0
4717,471726,14.0,14.0,,M,False,False,False,False,False,True,1.0,1.0,4.0
4717,471727,14.0,14.0,,M,False,False,False,False,False,True,1.0,1.0,4.0
4717,471728,14.0,14.0,,F,False,False,False,False,False,True,1.0,1.0,4.0
4717,471729,14.0,14.0,,F,False,False,False,False,False,True,1.0,1.0,5.0
4718,471801,13.0,13.0,,F,False,False,False,False,False,True,2.0,1.0,3.0
4718,471802,17.0,17.0,,F,False,False,False,False,True,False,2.0,1.0,4.0
4718,471803,13.0,13.0,,F,False,False,False,False,False,True,2.0,1.0,3.0
4718,471804,42.0,40.0,45.0,M,True,False,False,False,False,False,3.0,1.0,2.0
4718,471805,42.0,40.0,45.0,F,True,False,False,False,False,False,3.0,1.0,2.0
4718,471806,15.0,15.0,,F,False,False,False,False,True,False,3.0,1.0,3.0
4718,471807,25.0,20.0,30.0,M,False,False,False,False,False,True,4.0,2.0,2.0
4718,471808,16.0,16.0,,F,False,False,False,False,True,False,2.0,1.0,4.0
4718,471809,14.0,14.0,,F,False,False,True,False,False,False,1.0,1.0,5.0
4718,471810,13.0,13.0,,F,False,False,True,False,False,False,1.0,1.0,5.0
4718,471811,12.0,12.0,,F,False,False,True,False,False,False,1.0,1.0,5.0
4718,471812,13.0,13.0,,F,False,False,True,False,False,False,1.0,1.0,5.0
4718,471813,10.0,10.0,,F,True,False,False,False,False,False,1.0,1.0,5.0
4718,471814,50.0,50.0,,M,True,False,False,False,False,False,1.0,1.0,4.0
4718,471815,43.0,43.0,,F,True,False,False,False,False,False,1.0,1.0,5.0
4718,471816,22.0,20.0,25.0,F,True,False,False,False,False,False,3.0,1.0,3.0
4719,471901,10.0,10.0,,F,False,False,True,False,False,False,3.0,2.0,1.0
4719,471902,8.0,8.0,,F,False,False,True,False,False,False,3.0,2.0,3.0
4719,471903,35.0,30.0,40.0,F,False,False,False,False,False,True,2.0,1.0,4.0
4719,471904,11.0,11.0,,M,False,False,True,False,False,False,2.0,2.0,3.0
4719,471905,11.0,11.0,,M,True,False,False,False,False,False,2.0,2.0,1.0
4719,471906,55.0,50.0,60.0,F,False,False,True,False,False,False,3.0,2.0,1.0
4719,471907,35.0,30.0,40.0,F,False,False,True,False,False,False,3.0,2.0,1.0
4719,471908,25.0,20.0,30.0,,False,False,False,False,False,True,2.0,2.0,
4719,471909,10.0,10.0,,F,False,False,True,False,False,False,1.0,2.0,2.0
4719,471910,10.0,10.0,,F,False,False,False,False,False,True,2.0,1.0,4.0
4719,471911,11.0,11.0,,F,False,False,True,False,False,False,1.0,1.0,3.0
4719,471912,25.0,20.0,30.0,F,False,False,True,False,False,False,3.0,2.0,1.0
4719,471913,50.0,50.0,,M,True,False,False,False,False,False,1.0,1.0,4.0
4719,471914,13.0,13.0,,F,False,False,False,False,False,True,3.0,2.0,
4719,471915,13.0,13.0,,F,True,False,False,False,False,False,1.0,1.0,5.0
4719,471916,43.0,43.0,,F,True,False,False,False,False,False,1.0,1.0,5.0
4719,471917,11.0,11.0,,F,False,False,True,False,False,False,2.0,1.0,4.0
4719,471918,35.0,30.0,40.0,F,False,False,True,False,False,False,2.0,2.0,
4719,471919,45.0,40.0,50.0,M,False,False,True,False,False,False,4.0,2.0,3.0
4719,471920,37.0,35.0,40.0,F,False,False,True,False,False,False,1.0,2.0,4.0
4719,471921,10.0,10.0,,F,False,False,True,False,False,False,1.0,1.0,4.0
4719,471922,10.0,10.0,,F,True,False,False,False,False,True,1.0,1.0,4.0
4719,471923,14.0,14.0,,F,False,False,False,False,False,True,3.0,1.0,4.0
4720,472001,11.0,11.0,,F,False,False,True,False,False,False,1.0,,3.0
4720,472002,11.0,11.0,,,False,False,True,False,False,False,1.0,,4.0
4720,472003,11.0,11.0,,,False,False,True,False,False,False,1.0,,4.0
4720,472004,11.0,11.0,,,False,False,True,False,False,False,1.0,,3.0
4720,472005,11.0,11.0,,F,False,False,True,False,False,False,1.0,,4.0
4720,472006,11.0,11.0,,,False,False,True,False,False,False,1.0,,3.0
4720,472007,11.0,11.0,,F,False,False,True,False,False,False,1.0,,3.0
4720,472008,11.0,11.0,,F,False,False,True,False,False,False,1.0,,4.0
4720,472009,11.0,11.0,,F,False,False,True,False,False,False,1.0,,3.0
4720,472010,37.0,37.0,,M,True,False,False,False,False,False,1.0,,5.0
4720,472011,36.0,36.0,,F,True,False,False,False,False,False,1.0,,5.0
4720,472012,8.0,8.0,,F,True,False,True,False,False,False,1.0,,5.0
4720,472013,11.0,11.0,,F,False,False,True,False,False,False,1.0,,4.0
4720,472014,11.0,11.0,,,False,False,True,False,False,False,1.0,,3.0
4721,472101,8.0,8.0,,F,True,False,False,False,False,False,1.0,1.0,5.0
4721,472102,38.0,38.0,,F,True,False,False,False,False,False,1.0,1.0,5.0
4721,472103,55.0,50.0,60.0,F,False,False,False,False,False,True,5.0,2.0,1.0
4721,472104,43.0,43.0,,M,True,False,False,False,False,False,1.0,1.0,5.0
4722,472201,42.0,40.0,45.0,M,False,False,False,False,True,False,3.0,2.0,3.0
4722,472202,10.0,10.0,,M,False,False,True,False,False,False,1.0,1.0,
4722,472203,10.0,10.0,,M,False,False,True,False,False,False,1.0,1.0,
4722,472204,10.0,10.0,,F,False,False,True,False,False,False,1.0,1.0,
4722,472205,33.0,32.0,35.0,M,False,False,False,False,True,False,2.0,2.0,3.0
4722,472206,32.0,30.0,35.0,M,False,False,False,False,True,False,3.0,2.0,3.0
4722,472207,10.0,10.0,,M,False,False,False,False,True,False,2.0,1.0,3.0
4722,472208,18.0,18.0,,M,False,False,False,False,True,False,2.0,2.0,3.0
4722,472209,18.0,18.0,,M,False,False,False,False,False,True,1.0,1.0,2.0
4722,472210,19.0,19.0,,F,False,False,False,False,False,True,2.0,1.0,2.0
4722,472211,9.0,9.0,,F,False,False,True,False,False,False,1.0,1.0,
4722,472212,26.0,26.0,,M,False,False,False,True,False,False,2.0,2.0,2.0
4722,472213,9.0,9.0,,M,False,False,True,False,False,False,1.0,1.0,
4722,472214,27.0,27.0,,F,False,False,False,True,False,False,3.0,1.0,3.0
4722,472215,53.0,53.0,,M,True,False,False,False,False,False,1.0,1.0,5.0
4722,472216,10.0,10.0,,M,False,False,True,False,False,False,1.0,1.0,
4722,472217,48.0,48.0,,F,True,False,False,False,False,False,1.0,1.0,5.0
4722,472218,9.0,9.0,,M,False,False,True,False,False,False,1.0,1.0,
4722,472219,60.0,60.0,,M,False,False,True,False,False,False,1.0,2.0,4.0
4722,472220,53.0,53.0,,F,False,False,True,False,False,False,1.0,2.0,4.0
4722,472221,55.0,55.0,,F,False,False,True,False,False,False,1.0,2.0,4.0
4722,472222,60.0,60.0,,M,False,False,True,False,False,False,1.0,2.0,4.0
4722,472223,9.0,9.0,,F,False,False,True,False,False,False,1.0,1.0,
4722,472224,9.0,9.0,,F,False,False,True,False,False,False,1.0,1.0,
4722,472225,9.0,9.0,,F,False,False,True,False,False,False,1.0,1.0,
4722,472226,9.0,9.0,,M,False,False,True,False,False,False,1.0,1.0,
4722,472227,9.0,9.0,,M,False,False,True,False,False,False,1.0,1.0,
4722,472228,48.0,48.0,,M,False,False,True,False,False,False,1.0,2.0,4.0
4722,472229,18.0,18.0,,F,True,False,False,False,False,False,1.0,1.0,5.0
4723,472301,60.0,60.0,,F,False,False,True,False,False,False,2.0,2.0,
4723,472302,10.0,10.0,,M,False,False,True,False,False,False,1.0,2.0,
4723,472303,10.0,10.0,,M,False,False,True,False,False,False,1.0,2.0,
4723,472304,10.0,10.0,,M,False,False,True,False,False,False,1.0,2.0,
4723,472305,9.0,9.0,,M,False,False,True,False,False,False,1.0,2.0,
4723,472306,9.0,9.0,,F,False,False,True,False,False,False,1.0,2.0,
4723,472307,9.0,9.0,,M,False,False,True,False,False,False,1.0,2.0,
4723,472308,9.0,9.0,,F,False,False,True,False,False,False,1.0,1.0,
4723,472309,10.0,10.0,,F,False,False,True,False,False,False,1.0,1.0,
4723,472310,52.0,52.0,,M,False,False,True,False,False,False,1.0,2.0,
4723,472311,62.0,62.0,,F,False,False,True,False,False,False,2.0,2.0,
4723,472312,10.0,10.0,,M,False,False,True,False,False,False,1.0,1.0,
4723,472313,9.0,9.0,,M,False,False,True,False,False,False,1.0,1.0,
4723,472314,40.0,40.0,,M,False,False,True,False,False,False,1.0,2.0,
4723,472315,9.0,9.0,,F,False,False,True,False,False,False,1.0,1.0,
4723,472316,9.0,9.0,,M,True,False,False,False,False,False,1.0,1.0,
4723,472317,6.0,6.0,,M,True,False,False,False,False,False,1.0,1.0,
4723,472318,39.0,39.0,,F,True,False,False,False,False,False,1.0,1.0,
4723,472319,78.0,78.0,,M,True,False,False,False,False,False,2.0,1.0,
4723,472320,9.0,9.0,,F,False,False,True,False,False,False,1.0,1.0,
4723,472321,9.0,9.0,,F,False,False,True,False,False,False,1.0,1.0,
4723,472322,10.0,10.0,,M,False,False,True,False,False,False,1.0,1.0,
4723,472323,9.0,9.0,,F,False,False,True,False,False,False,1.0,2.0,
4723,472324,9.0,9.0,,F,False,False,True,False,False,False,1.0,2.0,
4723,472325,9.0,9.0,,F,False,False,True,False,False,False,1.0,2.0,
4723,472326,10.0,10.0,,F,False,False,True,False,False,False,1.0,2.0,
4723,472327,10.0,10.0,,M,False,False,True,False,False,False,1.0,2.0,
4723,472328,10.0,10.0,,M,False,False,True,False,False,False,1.0,1.0,
4723,472329,42.0,42.0,,F,True,False,False,False,False,False,1.0,1.0,
4724,472401,26.0,26.0,,F,True,False,False,False,False,False,1.0,1.0,4.0
4724,472402,19.0,19.0,,F,False,False,False,False,True,False,2.0,1.0,4.0
4724,472403,5.0,5.0,,M,False,False,False,False,False,True,2.0,1.0,4.0
4724,472404,26.0,26.0,,F,False,False,False,False,False,True,2.0,2.0,4.0
4724,472405,58.0,58.0,,M,False,False,False,False,False,True,2.0,2.0,4.0
4724,472406,52.0,52.0,,F,False,False,False,False,False,True,2.0,2.0,4.0
4724,472407,26.0,26.0,,M,False,False,False,False,True,False,2.0,2.0,4.0
4724,472408,55.0,50.0,60.0,F,True,False,False,False,False,False,1.0,1.0,5.0
4724,472409,24.0,24.0,,M,True,False,False,False,False,False,1.0,1.0,5.0
4724,472410,53.0,53.0,,M,True,False,False,False,False,False,1.0,1.0,5.0
4724,472411,55.0,55.0,,F,True,False,False,False,False,False,1.0,1.0,5.0
4724,472412,18.0,18.0,,F,False,False,False,False,True,False,2.0,1.0,4.0
4724,472413,62.0,60.0,65.0,M,True,False,False,False,False,False,1.0,1.0,5.0
4725,472501,21.0,20.0,22.0,M,False,False,False,False,True,False,4.0,1.0,1.0
4725,472502,16.0,16.0,,M,False,False,True,False,False,False,1.0,,2.0
4725,472503,15.0,15.0,,M,False,False,True,False,False,False,2.0,,3.0
4725,472504,65.0,65.0,,M,False,False,False,False,True,False,3.0,,3.0
4725,472505,38.0,38.0,,M,False,False,False,False,True,False,2.0,,3.0
4725,472506,72.0,72.0,,F,False,False,False,False,True,False,1.0,1.0,3.0
4725,472507,38.0,38.0,,M,False,False,False,False,True,False,3.0,2.0,2.0
4725,472508,42.0,40.0,45.0,M,False,False,False,False,True,False,2.0,,1.0
4725,472509,47.0,45.0,50.0,M,False,False,False,True,False,False,5.0,,1.0
4725,472510,7.0,7.0,,M,False,False,False,False,True,False,3.0,2.0,2.0
4725,472511,37.0,35.0,40.0,M,False,False,False,False,False,True,3.0,,3.0
4725,472512,14.0,14.0,,M,False,False,True,False,False,False,1.0,,2.0
4725,472513,11.0,11.0,,F,False,False,False,False,True,False,3.0,2.0,2.0
4725,472514,40.0,40.0,,F,True,False,False,True,False,False,1.0,1.0,5.0
4725,472515,16.0,16.0,,M,False,False,True,False,False,False,1.0,1.0,4.0
4725,472516,1.0,1.0,,F,False,False,False,False,True,False,2.0,,3.0
4725,472517,17.0,17.0,,F,True,False,True,False,False,False,1.0,1.0,5.0
4725,472518,35.0,35.0,,M,False,False,False,False,True,False,2.0,2.0,4.0
4725,472519,16.0,16.0,,M,False,False,True,False,False,False,1.0,1.0,4.0
4725,472520,16.0,16.0,,M,False,False,True,False,False,False,1.0,1.0,4.0
4725,472521,16.0,16.0,,F,False,False,True,False,False,False,1.0,,4.0
4725,472522,16.0,16.0,,F,False,False,True,False,False,False,1.0,,4.0
4725,472523,6.0,6.0,,M,False,False,False,False,True,False,2.0,,3.0
4725,472524,2.0,2.0,,M,False,False,False,False,True,False,2.0,,3.0
4726,472601,80.0,80.0,,M,False,False,False,False,True,False,3.0,1.0,2.0
4726,472602,18.0,18.0,,M,True,False,False,False,False,False,1.0,1.0,2.0
4726,472603,2.0,2.0,3.0,F,False,False,True,False,False,False,2.0,2.0,4.0
4726,472604,2.0,2.0,3.0,F,True,False,False,False,False,False,2.0,2.0,3.0
4726,472605,16.0,16.0,,F,True,False,False,False,False,False,1.0,1.0,3.0
4726,472606,16.0,16.0,,M,True,False,False,False,False,False,1.0,1.0,2.0
4726,472607,13.0,13.0,14.0,M,False,False,True,False,False,False,1.0,2.0,4.0
4726,472608,38.0,38.0,,F,True,False,False,False,False,False,1.0,1.0,2.0
4726,472609,35.0,30.0,40.0,M,False,False,True,False,False,False,2.0,2.0,4.0
4726,472610,85.0,85.0,,M,False,False,False,True,False,False,3.0,1.0,2.0
4726,472611,35.0,30.0,40.0,M,False,False,True,False,False,False,2.0,2.0,3.0
4726,472612,65.0,60.0,70.0,M,False,False,False,False,True,False,1.0,1.0,4.0
4726,472613,13.0,13.0,,F,False,False,True,False,False,False,1.0,1.0,4.0
4726,472614,13.0,13.0,14.0,F,False,False,True,False,False,False,1.0,2.0,4.0
4726,472615,55.0,50.0,60.0,F,False,False,False,False,True,False,1.0,2.0,3.0
4726,472616,13.0,13.0,14.0,F,False,False,True,False,False,False,1.0,1.0,4.0
4726,472617,13.0,13.0,14.0,F,False,False,True,False,False,False,1.0,1.0,4.0
4726,472618,13.0,13.0,,F,False,False,True,False,False,False,1.0,1.0,4.0
4726,472619,13.0,13.0,,F,False,False,True,False,False,False,1.0,1.0,4.0
4726,472620,13.0,13.0,,F,False,False,True,False,False,False,1.0,1.0,4.0
4726,472621,13.0,13.0,,F,False,False,True,False,False,False,1.0,1.0,4.0
4726,472622,13.0,13.0,,F,False,False,True,False,False,False,1.0,1.0,4.0
4726,472623,13.0,13.0,14.0,M,False,False,True,False,False,False,1.0,1.0,4.0
4726,472624,13.0,13.0,14.0,M,False,False,True,False,False,False,1.0,1.0,4.0
4726,472625,13.0,13.0,14.0,M,False,False,True,False,False,False,1.0,1.0,4.0
4726,472626,13.0,13.0,14.0,M,False,False,True,False,False,False,1.0,1.0,4.0
4726,472627,13.0,13.0,14.0,M,False,False,True,False,False,False,1.0,1.0,4.0
4726,472628,13.0,13.0,14.0,F,False,False,True,False,False,False,1.0,1.0,4.0
4726,472629,13.0,13.0,14.0,M,False,False,True,False,False,False,1.0,1.0,4.0
4727,472701,55.0,50.0,60.0,M,False,False,True,False,False,False,1.0,1.0,4.0
4727,472702,12.0,12.0,13.0,M,False,False,True,False,False,False,1.0,2.0,4.0
4727,472703,12.0,12.0,13.0,M,False,False,True,False,False,False,1.0,2.0,4.0
4727,472704,12.0,12.0,13.0,M,False,False,True,False,False,False,1.0,2.0,4.0
4727,472705,12.0,12.0,13.0,M,False,False,True,False,False,False,1.0,2.0,4.0
4727,472706,12.0,12.0,13.0,M,False,False,True,False,False,False,1.0,2.0,4.0
4727,472707,12.0,12.0,13.0,M,False,False,True,False,False,False,1.0,2.0,4.0
4727,472708,12.0,12.0,13.0,M,False,False,True,False,False,False,1.0,2.0,4.0
4727,472709,12.0,12.0,13.0,M,False,False,True,False,False,False,1.0,1.0,4.0
4727,472710,42.0,40.0,45.0,F,False,False,True,False,False,False,1.0,1.0,4.0
4727,472711,52.0,50.0,55.0,F,False,False,True,False,False,False,1.0,1.0,4.0
4727,472712,32.0,30.0,35.0,M,False,False,True,False,False,False,1.0,1.0,4.0
4727,472713,12.0,12.0,13.0,M,False,False,True,False,False,False,1.0,2.0,4.0
4727,472714,13.0,13.0,,M,False,False,True,False,False,False,1.0,2.0,4.0
4727,472715,42.0,40.0,45.0,F,False,False,True,False,False,False,1.0,1.0,4.0
4727,472716,13.0,13.0,,F,False,False,True,False,False,False,1.0,1.0,4.0
4727,472717,12.0,12.0,13.0,M,False,False,True,False,False,False,1.0,2.0,4.0
4727,472718,13.0,13.0,,F,False,False,True,False,False,False,1.0,1.0,4.0
4727,472719,13.0,13.0,,F,False,False,True,False,False,False,1.0,1.0,4.0
4727,472720,13.0,13.0,,F,False,False,True,False,False,False,1.0,1.0,4.0
4727,472721,12.0,12.0,,F,False,False,True,False,False,False,1.0,1.0,4.0
4727,472722,12.0,12.0,,F,False,False,True,False,False,False,1.0,1.0,4.0
4727,472723,12.0,12.0,,F,False,False,True,False,False,False,1.0,1.0,4.0
4727,472724,12.0,12.0,,F,False,False,True,False,False,False,1.0,2.0,4.0
4727,472725,13.0,13.0,,F,False,False,True,False,False,False,1.0,2.0,4.0
4727,472726,13.0,13.0,,F,False,False,True,False,False,False,1.0,2.0,4.0
4727,472727,13.0,13.0,,F,False,False,True,False,False,False,1.0,2.0,4.0
4727,472728,13.0,13.0,,M,False,False,True,False,False,False,1.0,2.0,4.0
4727,472729,12.0,12.0,,F,False,False,True,False,False,False,1.0,2.0,4.0
4728,472801,18.0,18.0,,M,True,False,False,False,False,False,3.0,1.0,4.0
4728,472802,42.0,40.0,45.0,F,False,False,True,False,False,False,1.0,2.0,4.0
4728,472803,55.0,50.0,60.0,F,False,False,True,False,False,False,1.0,2.0,4.0
4728,472804,55.0,50.0,60.0,F,False,False,True,False,False,False,1.0,2.0,4.0
4728,472805,32.0,30.0,35.0,M,False,False,True,False,False,False,1.0,2.0,4.0
4728,472806,45.0,40.0,50.0,F,True,False,False,False,False,False,1.0,2.0,2.0
4728,472807,32.0,30.0,35.0,M,False,False,True,False,False,False,1.0,2.0,4.0
4728,472808,75.0,70.0,80.0,M,False,False,False,False,False,True,2.0,2.0,2.0
4728,472809,38.0,38.0,,F,True,False,False,False,False,False,2.0,1.0,4.0
4728,472810,70.0,70.0,,M,False,False,False,False,False,True,2.0,2.0,2.0
4728,472811,35.0,35.0,,F,True,False,False,False,False,False,3.0,1.0,
4728,472812,19.0,18.0,20.0,M,False,False,False,True,False,False,2.0,2.0,3.0
4728,472813,20.0,20.0,,M,False,False,True,False,False,False,1.0,1.0,2.0
4728,472814,14.0,14.0,,M,False,False,True,False,False,False,1.0,2.0,4.0
4728,472815,35.0,35.0,,F,True,False,False,False,False,False,2.0,1.0,5.0
4728,472816,13.0,13.0,,M,False,False,True,False,False,False,1.0,1.0,4.0
4728,472817,13.0,13.0,,M,False,False,True,False,False,False,1.0,1.0,3.0
4728,472818,14.0,14.0,,M,False,False,True,False,False,False,1.0,2.0,4.0
4728,472819,13.0,13.0,,M,False,False,True,False,False,False,1.0,1.0,4.0
4728,472820,12.0,12.0,,M,False,False,True,False,False,False,1.0,2.0,4.0
4728,472821,13.0,13.0,,M,False,False,True,False,False,False,1.0,2.0,4.0
4728,472822,13.0,13.0,,M,False,False,True,False,False,False,1.0,2.0,4.0
4728,472823,12.0,12.0,,M,False,False,True,False,False,False,1.0,2.0,4.0
4728,472824,7.0,7.0,,F,False,False,True,False,False,False,1.0,1.0,3.0
4728,472825,13.0,13.0,,M,False,False,True,False,False,False,1.0,1.0,2.0
4728,472826,7.0,7.0,,F,False,False,True,False,False,False,1.0,1.0,1.0
4728,472827,13.0,13.0,,M,False,False,True,False,False,False,1.0,1.0,1.0
4728,472828,14.0,14.0,,M,False,False,True,False,False,False,1.0,2.0,4.0
4728,472829,13.0,13.0,,M,False,False,True,False,False,False,1.0,1.0,4.0
4729,472901,21.0,21.0,,M,True,False,False,False,False,False,1.0,2.0,3.0
4729,472902,16.0,16.0,,F,True,False,False,False,False,False,2.0,2.0,
4729,472903,50.0,50.0,,F,True,False,False,False,False,False,1.0,1.0,5.0
4729,472904,56.0,56.0,,M,True,False,False,False,False,False,1.0,1.0,5.0
4729,472905,13.0,13.0,,M,True,False,False,False,False,False,1.0,1.0,5.0
4730,473001,19.0,19.0,,F,True,False,False,False,False,False,2.0,2.0,3.0
4730,473002,19.0,19.0,,M,True,False,False,False,False,False,1.0,2.0,3.0
4730,473003,39.0,39.0,,F,True,False,False,False,False,False,1.0,2.0,5.0
4730,473004,19.0,19.0,,M,True,False,False,False,False,False,1.0,2.0,3.0
4730,473005,10.0,10.0,,M,True,False,False,False,False,False,1.0,2.0,3.0
4730,473006,16.0,16.0,,M,True,False,False,False,False,False,1.0,2.0,3.0
4730,473007,43.0,43.0,,M,True,False,False,False,False,False,1.0,2.0,5.0
4731,473101,17.0,17.0,,M,False,False,False,False,True,False,2.0,2.0,4.0
4731,473102,18.0,18.0,,M,False,False,False,False,True,False,2.0,2.0,4.0
4731,473103,17.0,17.0,,M,False,False,False,False,True,False,2.0,2.0,4.0
4731,473104,18.0,18.0,,M,False,False,False,False,True,False,2.0,2.0,4.0
4731,473105,17.0,17.0,,M,False,False,False,False,True,False,2.0,2.0,4.0
4731,473106,18.0,18.0,,M,False,False,False,False,True,False,2.0,2.0,4.0
4731,473107,17.0,17.0,,M,False,False,False,False,True,False,2.0,2.0,4.0
4731,473108,17.0,17.0,,M,False,False,False,False,True,False,2.0,2.0,4.0
4731,473109,16.0,16.0,,F,True,False,False,False,False,False,1.0,2.0,2.0
4731,473110,42.0,42.0,,M,True,False,False,False,False,False,1.0,2.0,4.0
4731,473111,39.0,39.0,,F,True,False,False,False,False,False,1.0,2.0,4.0
4731,473112,18.0,18.0,,M,False,False,False,False,True,False,2.0,2.0,4.0
4732,473201,15.0,15.0,,M,True,False,False,False,False,False,2.0,1.0,3.0
4732,473202,7.0,7.0,,M,False,False,False,True,False,False,2.0,2.0,4.0
4732,473203,4.0,4.0,,M,False,False,False,False,False,True,2.0,1.0,3.0
4732,473204,39.0,39.0,,M,False,False,False,False,False,True,2.0,1.0,3.0
4732,473205,9.0,9.0,,M,False,False,False,True,False,False,2.0,1.0,5.0
4732,473206,9.0,9.0,,M,False,False,False,True,False,False,2.0,2.0,5.0
4732,473207,10.0,10.0,,F,True,False,False,False,False,False,1.0,1.0,4.0
4732,473208,37.0,37.0,,M,False,False,False,True,False,False,2.0,2.0,4.0
4732,473209,42.0,42.0,,M,True,False,False,False,False,False,1.0,1.0,5.0
4732,473210,37.0,37.0,,F,True,False,False,False,False,False,1.0,1.0,5.0
4732,473211,4.0,4.0,,F,True,False,False,False,False,False,1.0,1.0,5.0
4732,473212,9.0,9.0,,M,True,False,False,True,False,False,1.0,1.0,4.0
4732,473213,12.0,12.0,,M,False,False,False,True,False,False,3.0,1.0,5.0
4732,473214,66.0,66.0,,M,True,False,False,False,False,False,1.0,2.0,5.0
4733,473301,15.0,15.0,16.0,F,False,False,False,False,False,True,1.0,2.0,2.0
4733,473302,11.0,11.0,,F,False,False,True,False,False,False,1.0,2.0,3.0
4733,473303,11.0,11.0,,M,False,False,True,False,False,False,1.0,2.0,5.0
4733,473304,11.0,11.0,,F,False,False,True,False,False,False,1.0,2.0,3.0
4733,473305,11.0,11.0,,F,False,False,True,False,False,False,1.0,2.0,3.0
4733,473306,57.0,55.0,60.0,F,False,False,True,False,False,False,1.0,2.0,3.0
4733,473307,35.0,30.0,40.0,M,False,False,True,False,False,False,1.0,2.0,3.0
4733,473308,45.0,40.0,50.0,F,False,False,True,False,False,False,1.0,2.0,1.0
4733,473309,37.0,35.0,39.0,M,False,False,True,False,False,False,1.0,2.0,3.0
4733,473310,11.0,11.0,,F,False,False,True,False,False,False,1.0,2.0,3.0
4733,473311,15.0,15.0,16.0,M,False,False,True,False,False,False,1.0,2.0,1.0
4733,473312,11.0,11.0,,M,False,False,True,False,False,False,1.0,2.0,5.0
4733,473313,44.0,44.0,,M,True,False,False,False,False,False,1.0,2.0,3.0
4733,473314,55.0,50.0,60.0,F,False,False,True,False,False,False,1.0,2.0,3.0
4733,473315,39.0,39.0,,M,True,False,False,False,False,False,1.0,2.0,2.0
4733,473316,11.0,11.0,,M,False,False,True,False,False,False,1.0,2.0,5.0
4733,473317,37.0,37.0,,F,True,False,False,False,False,False,1.0,1.0,3.0
4733,473318,52.0,50.0,55.0,F,False,False,True,False,False,False,1.0,2.0,3.0
4733,473319,11.0,11.0,,M,False,False,True,True,False,False,1.0,2.0,5.0
4733,473320,11.0,11.0,,M,False,False,True,True,False,False,1.0,2.0,5.0
4733,473321,11.0,11.0,,M,False,False,True,True,False,False,1.0,2.0,5.0
4733,473322,25.0,20.0,30.0,F,False,False,False,False,False,True,2.0,2.0,1.0
4733,473323,11.0,11.0,,F,False,False,True,False,False,False,1.0,2.0,3.0
4733,473324,11.0,11.0,,F,False,False,True,False,False,False,1.0,2.0,3.0
4733,473325,11.0,11.0,,F,False,False,True,False,False,False,1.0,2.0,3.0
4733,473326,11.0,11.0,,F,False,False,True,False,False,False,1.0,1.0,5.0
4733,473327,11.0,11.0,,M,False,False,True,False,False,False,1.0,2.0,5.0
4733,473328,11.0,11.0,,M,False,False,True,False,False,False,1.0,2.0,
4733,473329,15.0,15.0,,M,True,False,False,False,False,False,1.0,2.0,3.0
4734,473401,22.0,20.0,24.0,F,False,False,True,False,False,False,2.0,1.0,3.0
4734,473402,12.0,12.0,,M,False,False,True,False,False,False,1.0,2.0,3.0
4734,473403,12.0,12.0,,F,False,False,True,False,False,False,1.0,1.0,4.0
4734,473404,31.0,30.0,33.0,M,False,False,True,False,False,False,1.0,2.0,3.0
4734,473405,12.0,12.0,,F,False,False,True,False,False,False,1.0,2.0,3.0
4734,473406,12.0,12.0,,F,False,False,True,False,False,False,1.0,2.0,3.0
4734,473407,12.0,12.0,,F,False,False,True,False,False,False,1.0,2.0,3.0
4734,473408,60.0,60.0,61.0,M,False,False,True,False,False,False,2.0,2.0,3.0
4734,473409,12.0,12.0,,F,False,False,True,False,False,False,1.0,1.0,4.0
4734,473410,44.0,40.0,48.0,F,False,False,True,False,False,False,2.0,2.0,3.0
4734,473411,43.0,40.0,46.0,M,False,False,False,True,False,False,3.0,2.0,1.0
4734,473412,41.0,40.0,42.0,F,False,False,True,False,False,False,2.0,2.0,3.0
4734,473413,12.0,12.0,,M,False,False,True,False,False,False,2.0,2.0,3.0
4734,473414,12.0,12.0,,M,False,False,True,False,False,False,1.0,2.0,4.0
4734,473415,39.0,39.0,,F,True,False,False,False,False,False,1.0,1.0,5.0
4734,473416,12.0,12.0,,M,False,False,True,False,False,False,2.0,2.0,3.0
4734,473417,12.0,12.0,,F,False,False,True,False,False,False,1.0,2.0,4.0
4734,473418,16.0,16.0,,F,True,False,False,False,False,False,1.0,2.0,5.0
4734,473419,41.0,41.0,,M,True,False,False,False,False,False,1.0,1.0,5.0
4734,473420,12.0,12.0,,F,False,False,False,False,False,True,1.0,1.0,5.0
4734,473421,12.0,12.0,,F,False,False,False,False,False,True,1.0,2.0,5.0
4734,473422,12.0,12.0,,F,False,False,False,False,False,True,1.0,2.0,5.0
4734,473423,35.0,30.0,40.0,M,False,False,False,True,False,False,2.0,2.0,1.0
4734,473424,12.0,12.0,,F,False,False,True,False,False,False,1.0,1.0,4.0
4734,473425,24.0,20.0,29.0,M,False,False,True,False,False,False,1.0,2.0,3.0
4734,473426,12.0,12.0,,M,False,False,True,False,False,False,1.0,2.0,4.0
4734,473427,12.0,12.0,,M,False,False,True,False,False,False,1.0,1.0,4.0
4734,473428,12.0,12.0,,F,False,False,True,False,False,False,1.0,1.0,4.0
4734,473429,12.0,12.0,,F,False,False,True,False,False,False,1.0,2.0,4.0
4735,473501,14.0,14.0,,F,False,False,True,False,False,False,2.0,2.0,3.0
4735,473502,55.0,50.0,60.0,M,False,False,False,True,False,False,3.0,2.0,1.0
4735,473503,14.0,14.0,,M,False,False,True,False,False,False,1.0,2.0,4.0
4735,473504,28.0,27.0,30.0,M,False,False,True,False,False,False,1.0,2.0,3.0
4735,473505,14.0,14.0,,M,False,False,True,False,False,False,1.0,2.0,4.0
4735,473506,14.0,14.0,,M,False,False,True,False,False,False,1.0,2.0,4.0
4735,473507,14.0,14.0,,F,False,False,True,False,False,False,2.0,2.0,4.0
4735,473508,14.0,14.0,,M,False,False,True,False,False,False,2.0,2.0,4.0
4735,473509,14.0,14.0,,F,False,False,True,False,False,False,2.0,2.0,3.0
4735,473510,14.0,14.0,,F,False,False,True,False,False,False,2.0,2.0,3.0
4735,473511,14.0,14.0,,F,False,False,True,False,False,False,2.0,2.0,3.0
4735,473512,14.0,14.0,,M,False,False,True,False,False,False,1.0,2.0,5.0
4735,473513,51.0,50.0,52.0,M,False,False,True,False,False,False,2.0,2.0,3.0
4735,473514,35.0,32.0,38.0,F,False,False,True,False,False,False,2.0,2.0,3.0
4735,473515,33.0,30.0,37.0,F,False,False,True,False,False,False,2.0,2.0,3.0
4735,473516,38.0,38.0,,F,True,False,False,False,False,False,1.0,1.0,5.0
4735,473517,14.0,14.0,,M,False,False,True,False,False,False,1.0,2.0,4.0
4735,473518,16.0,16.0,,F,True,False,False,False,False,False,1.0,1.0,4.0
4735,473519,14.0,14.0,,M,False,False,True,False,False,False,1.0,2.0,4.0
4735,473520,14.0,14.0,,M,False,False,False,False,False,True,1.0,2.0,5.0
4735,473521,41.0,40.0,42.0,F,False,False,False,False,False,True,1.0,2.0,2.0
4735,473522,14.0,14.0,,M,False,False,True,False,False,False,1.0,2.0,5.0
4735,473523,50.0,50.0,,F,False,False,True,False,False,False,1.0,2.0,4.0
4735,473524,14.0,14.0,,F,False,False,True,False,False,False,1.0,2.0,5.0
4735,473525,14.0,14.0,,M,False,False,True,False,False,False,1.0,2.0,5.0
4735,473526,14.0,14.0,,M,False,False,True,False,False,False,1.0,2.0,5.0
4735,473527,14.0,14.0,,M,False,False,True,False,False,False,1.0,2.0,4.0
4735,473528,13.0,13.0,,M,False,False,True,False,False,False,1.0,2.0,4.0
4735,473529,14.0,14.0,,M,False,False,True,False,False,False,1.0,2.0,5.0
4737,473701,18.0,18.0,,F,True,False,False,False,False,False,5.0,2.0,
4737,473702,22.0,22.0,,M,True,False,False,False,False,False,1.0,1.0,3.0
4737,473703,1.0,1.0,,F,True,False,False,False,False,False,1.0,1.0,2.0
4737,473704,14.0,14.0,,M,True,False,False,True,False,False,5.0,2.0,
4738,473801,7.0,3.0,11.0,,False,False,False,False,True,False,5.0,2.0,3.0
4738,473802,7.0,7.0,,M,False,False,True,False,False,False,2.0,1.0,4.0
4738,473803,7.0,7.0,,F,False,False,True,False,False,False,2.0,1.0,4.0
4738,473804,7.0,7.0,,F,False,False,True,False,False,False,2.0,1.0,4.0
4738,473805,35.0,30.0,40.0,F,False,False,True,False,False,False,1.0,2.0,5.0
4738,473806,40.0,30.0,50.0,M,False,False,False,False,False,True,4.0,1.0,2.0
4738,473807,35.0,20.0,50.0,F,False,False,False,False,False,True,2.0,2.0,2.0
4738,473808,7.0,3.0,11.0,,False,False,False,False,True,False,5.0,2.0,3.0
4738,473809,35.0,20.0,50.0,F,False,False,False,False,False,True,2.0,2.0,2.0
4738,473810,7.0,3.0,11.0,,False,False,False,False,True,False,5.0,2.0,3.0
4738,473811,7.0,3.0,11.0,,False,False,False,False,True,False,5.0,2.0,3.0
4738,473812,7.0,3.0,11.0,,False,False,False,False,True,False,5.0,2.0,3.0
4738,473813,8.0,8.0,,F,False,False,True,False,False,False,2.0,1.0,4.0
4738,473814,8.0,8.0,,F,False,False,True,False,False,False,2.0,1.0,4.0
4738,473815,35.0,20.0,50.0,F,False,False,False,False,False,True,,2.0,2.0
4738,473816,15.0,15.0,,F,True,False,False,False,False,False,1.0,1.0,5.0
4738,473817,3.0,3.0,,F,True,False,False,False,False,False,1.0,1.0,5.0
4738,473818,5.0,5.0,,F,True,False,False,False,False,False,1.0,1.0,5.0
4738,473819,8.0,8.0,,F,False,False,True,False,False,False,2.0,1.0,4.0
4738,473820,13.0,13.0,,M,True,False,False,False,False,False,1.0,1.0,5.0
4738,473821,7.0,7.0,,F,False,False,True,False,False,False,2.0,1.0,4.0
4738,473822,17.0,17.0,,M,True,False,False,False,False,False,1.0,1.0,5.0
4738,473823,19.0,19.0,,F,True,False,False,False,False,False,1.0,1.0,5.0
4738,473824,37.0,35.0,40.0,F,True,False,False,False,False,False,1.0,1.0,5.0
4738,473825,42.0,40.0,45.0,M,True,False,False,False,False,False,1.0,1.0,5.0
4738,473826,8.0,8.0,,F,False,False,True,False,False,False,2.0,1.0,4.0
4738,473827,7.0,7.0,,M,False,False,True,False,False,False,2.0,1.0,4.0
4738,473828,7.0,7.0,,M,False,False,True,False,False,False,2.0,1.0,4.0
4738,473829,0.0,0.0,,F,True,False,False,False,False,False,1.0,1.0,5.0
4739,473901,15.0,15.0,,M,False,False,False,False,True,False,2.0,1.0,4.0
4739,473902,15.0,15.0,,F,False,False,True,False,False,False,1.0,1.0,5.0
4739,473903,50.0,45.0,55.0,F,False,True,False,False,False,False,1.0,2.0,5.0
4739,473904,65.0,60.0,70.0,M,False,True,False,False,False,False,2.0,2.0,4.0
4739,473905,15.0,15.0,,M,False,False,False,False,True,False,1.0,1.0,3.0
4739,473906,32.0,30.0,35.0,F,False,False,True,False,False,False,1.0,2.0,3.0
4739,473907,16.0,16.0,,M,False,False,False,False,True,False,2.0,1.0,4.0
4739,473908,15.0,15.0,,F,False,False,True,False,False,False,1.0,2.0,5.0
4739,473909,16.0,16.0,,M,False,False,False,False,True,False,1.0,1.0,3.0
4739,473910,15.0,15.0,,F,False,False,True,False,False,False,1.0,1.0,5.0
4739,473911,19.0,19.0,,M,True,True,False,False,False,False,1.0,1.0,5.0
4739,473912,38.0,38.0,,F,True,False,False,False,False,False,1.0,1.0,5.0
4739,473913,0.0,0.0,,F,True,False,False,False,False,False,1.0,1.0,5.0
4739,473914,15.0,15.0,,F,False,False,True,False,False,False,1.0,1.0,5.0
4739,473915,15.0,15.0,,F,False,False,True,False,False,False,1.0,2.0,5.0
4739,473916,15.0,15.0,,F,False,False,True,False,False,False,1.0,2.0,5.0
4739,473917,15.0,15.0,,F,False,False,True,False,False,False,1.0,1.0,5.0
4740,474001,55.0,50.0,60.0,M,False,False,True,False,False,False,1.0,2.0,2.0
4740,474002,12.0,11.0,13.0,M,False,False,True,True,False,False,1.0,1.0,5.0
4740,474003,11.0,11.0,,M,False,False,True,False,False,False,1.0,2.0,2.0
4740,474004,15.0,15.0,,M,False,False,True,False,False,False,1.0,1.0,2.0
4740,474005,11.0,11.0,,F,False,False,True,False,False,False,1.0,1.0,5.0
4740,474006,11.0,11.0,,M,True,False,False,False,False,False,1.0,1.0,4.0
4740,474007,11.0,11.0,12.0,M,True,False,True,False,False,False,1.0,1.0,2.0
4740,474008,40.0,35.0,45.0,M,False,False,False,True,False,False,1.0,2.0,1.0
4740,474009,43.0,43.0,,M,True,False,False,False,False,False,1.0,1.0,5.0
4740,474010,16.0,16.0,,F,True,False,True,False,False,False,1.0,1.0,5.0
4740,474011,42.0,35.0,50.0,F,False,False,True,False,False,False,2.0,1.0,4.0
4740,474012,47.0,35.0,60.0,M,False,False,True,False,False,False,2.0,2.0,4.0
4740,474013,13.0,13.0,,F,True,False,True,False,False,False,1.0,1.0,5.0
4740,474014,40.0,40.0,,F,True,False,False,False,False,False,1.0,1.0,5.0
4740,474015,42.0,35.0,50.0,F,False,False,True,False,False,False,1.0,2.0,4.0
4740,474016,42.0,35.0,50.0,F,False,False,True,False,False,False,2.0,2.0,4.0
4740,474017,47.0,35.0,60.0,M,False,False,True,False,False,False,2.0,2.0,4.0
4740,474018,11.0,11.0,,M,True,False,True,False,False,False,1.0,1.0,5.0
4741,474101,41.0,41.0,,F,False,False,False,False,False,True,3.0,1.0,4.0
4741,474102,35.0,30.0,40.0,F,False,False,True,False,False,False,1.0,2.0,2.0
4741,474103,45.0,45.0,,M,False,False,False,False,False,False,1.0,1.0,4.0
4741,474104,17.0,17.0,,F,False,False,False,False,False,True,3.0,1.0,4.0
4741,474105,11.0,11.0,,F,False,False,False,False,False,True,2.0,1.0,2.0
4741,474106,18.0,18.0,,F,False,False,False,False,False,True,3.0,1.0,4.0
4741,474107,18.0,18.0,,M,False,False,False,False,False,True,3.0,1.0,4.0
4741,474108,40.0,40.0,,F,False,False,True,False,False,False,1.0,2.0,2.0
4741,474109,42.0,42.0,,F,False,False,True,False,False,False,1.0,2.0,2.0
4741,474110,27.0,25.0,30.0,F,False,False,True,False,False,False,1.0,2.0,1.0
4741,474111,35.0,30.0,40.0,F,False,False,True,False,False,False,1.0,2.0,1.0
4741,474112,55.0,50.0,60.0,F,False,False,True,False,False,False,1.0,2.0,2.0
4741,474113,7.0,7.0,,M,False,False,False,False,True,False,2.0,2.0,2.0
4741,474114,13.0,13.0,,F,True,False,False,False,False,False,1.0,1.0,4.0
4741,474115,35.0,30.0,40.0,F,False,False,True,False,False,False,1.0,2.0,2.0
4741,474116,10.0,10.0,,F,False,False,True,False,True,False,1.0,1.0,3.0
4741,474117,10.0,10.0,,M,False,False,True,False,True,False,1.0,1.0,3.0
4741,474118,7.0,7.0,,F,True,False,False,False,False,False,1.0,1.0,4.0
4741,474119,35.0,30.0,40.0,F,False,False,False,False,True,False,1.0,1.0,3.0
4741,474120,10.0,10.0,,F,False,False,True,False,False,False,1.0,1.0,4.0
4741,474121,35.0,30.0,40.0,F,False,False,True,False,False,False,1.0,2.0,3.0
4741,474122,10.0,10.0,,F,False,False,True,False,False,False,1.0,,3.0
4741,474123,10.0,10.0,,M,False,False,True,False,False,False,1.0,2.0,2.0
4741,474124,10.0,10.0,,F,False,False,True,False,False,False,1.0,2.0,2.0
4741,474125,35.0,30.0,40.0,M,False,False,True,False,False,False,1.0,2.0,3.0
4741,474126,55.0,50.0,60.0,F,False,False,False,False,False,True,2.0,2.0,1.0
4741,474127,65.0,60.0,70.0,M,False,False,False,False,False,True,2.0,2.0,1.0
4741,474128,42.0,42.0,,F,True,False,True,False,False,False,1.0,1.0,5.0
4742,474201,52.0,52.0,,M,False,False,False,False,False,True,3.0,2.0,4.0
4742,474202,79.0,79.0,,M,False,False,False,False,False,True,2.0,1.0,4.0
4742,474203,30.0,30.0,,M,True,False,False,False,False,False,2.0,1.0,3.0
4742,474204,50.0,45.0,55.0,M,True,False,False,False,False,False,4.0,2.0,3.0
4742,474205,82.0,80.0,85.0,F,False,False,False,False,False,True,4.0,2.0,4.0
4742,474206,51.0,51.0,,F,False,False,False,False,False,True,3.0,2.0,4.0
4742,474207,48.0,48.0,,M,False,False,False,False,False,True,4.0,2.0,4.0
4742,474208,13.0,12.0,14.0,M,False,False,True,False,False,False,1.0,1.0,5.0
4742,474209,13.0,12.0,14.0,F,False,False,True,False,True,False,1.0,1.0,5.0
4742,474210,75.0,75.0,,F,False,False,False,False,False,True,2.0,1.0,4.0
4742,474211,14.0,14.0,,F,True,False,False,False,False,False,1.0,1.0,5.0
4742,474212,26.0,26.0,,F,False,False,False,False,False,True,3.0,2.0,4.0
4742,474213,39.0,39.0,,F,True,False,False,False,False,False,1.0,1.0,5.0
4742,474214,42.0,42.0,,M,True,False,False,False,False,False,1.0,1.0,5.0
4742,474215,13.0,12.0,14.0,M,False,False,False,False,True,False,2.0,1.0,4.0
4743,474301,6.0,6.0,,F,True,False,False,False,False,False,1.0,1.0,5.0
4743,474302,9.0,9.0,,M,True,False,False,False,False,False,1.0,1.0,5.0
4743,474303,33.0,33.0,,F,True,False,False,False,False,False,1.0,1.0,5.0
4743,474304,36.0,36.0,,M,True,False,False,False,False,False,1.0,1.0,5.0
4744,474401,12.0,12.0,,F,True,False,False,False,False,False,1.0,1.0,5.0
4744,474402,22.0,20.0,25.0,F,False,False,False,False,False,True,5.0,1.0,1.0
4744,474403,42.0,42.0,,M,True,False,False,False,False,False,1.0,1.0,5.0
4744,474404,62.0,62.0,,F,True,False,False,False,False,False,2.0,1.0,4.0
4744,474405,14.0,14.0,,F,False,False,False,False,True,False,1.0,1.0,5.0
4744,474406,43.0,43.0,,F,True,False,False,False,False,False,1.0,1.0,5.0
4745,474501,11.0,11.0,,M,False,False,True,False,False,False,1.0,2.0,5.0
4745,474502,5.0,5.0,,M,False,False,True,False,False,False,,2.0,5.0
4745,474503,45.0,45.0,,F,False,False,True,False,False,False,1.0,2.0,5.0
4745,474504,6.0,6.0,,F,True,False,False,False,False,False,1.0,1.0,5.0
4745,474505,19.0,19.0,,M,True,False,False,False,False,False,1.0,1.0,5.0
4745,474506,43.0,43.0,,M,True,False,False,False,False,False,1.0,2.0,5.0
4745,474507,39.0,39.0,,F,True,False,False,False,False,False,1.0,1.0,5.0
4746,474601,4.0,4.0,,M,False,False,False,False,False,True,3.0,2.0,3.0
4746,474602,27.0,25.0,30.0,F,False,False,False,False,False,True,5.0,2.0,4.0
4746,474603,12.0,12.0,,M,False,True,False,False,False,False,2.0,2.0,4.0
4746,474604,9.0,9.0,,M,False,True,False,False,False,False,2.0,2.0,4.0
4746,474605,8.0,8.0,,M,False,True,False,False,False,False,2.0,2.0,4.0
4746,474606,32.0,30.0,35.0,F,False,True,False,False,False,False,2.0,2.0,4.0
4746,474607,52.0,52.0,,M,False,False,False,False,False,True,1.0,1.0,4.0
4746,474608,0.0,0.0,,F,False,False,False,False,False,True,3.0,1.0,3.0
4746,474609,3.0,3.0,,F,False,False,False,False,False,True,3.0,1.0,3.0
4746,474610,6.0,6.0,,M,False,False,False,False,False,True,1.0,1.0,4.0
4746,474611,27.0,25.0,30.0,F,False,False,False,False,False,True,3.0,2.0,3.0
4746,474612,2.0,2.0,,F,False,False,False,False,False,True,5.0,1.0,3.0
4746,474613,29.0,29.0,,F,False,False,False,False,False,True,1.0,2.0,4.0
4746,474614,52.0,50.0,55.0,F,False,False,False,False,False,True,2.0,2.0,4.0
4746,474615,10.0,10.0,,M,True,False,False,False,False,False,1.0,1.0,4.0
4746,474616,10.0,10.0,,M,True,False,False,False,False,False,1.0,2.0,3.0
4746,474617,45.0,45.0,,F,True,False,False,False,False,False,1.0,1.0,5.0
4746,474618,0.0,0.0,,F,False,False,False,False,False,True,5.0,1.0,3.0
4746,474619,4.0,4.0,,F,False,False,False,False,False,True,3.0,2.0,3.0
4747,474701,10.0,10.0,,F,True,False,False,False,False,False,1.0,2.0,5.0
4747,474702,50.0,50.0,,M,False,False,False,False,False,True,5.0,2.0,2.0
4747,474703,30.0,30.0,,F,False,False,False,False,False,True,5.0,1.0,1.0
4747,474704,35.0,35.0,,M,False,False,False,False,False,True,5.0,1.0,1.0
4747,474705,6.0,6.0,,M,True,False,False,False,False,False,1.0,1.0,5.0
4747,474706,12.0,12.0,,M,True,False,False,False,False,False,1.0,2.0,5.0
4747,474707,37.0,37.0,,M,True,False,False,False,False,False,1.0,2.0,5.0
4747,474708,36.0,36.0,,F,True,False,False,False,False,False,1.0,1.0,5.0
4747,474709,19.0,19.0,,M,True,False,False,False,False,False,2.0,1.0,4.0
4747,474710,4.0,4.0,,F,True,False,False,False,False,False,1.0,1.0,5.0
4748,474801,8.0,8.0,,M,False,False,True,False,False,False,1.0,1.0,3.0
4748,474802,6.0,6.0,,M,False,False,True,False,False,False,2.0,2.0,2.0
4748,474803,22.0,20.0,25.0,F,False,False,True,False,False,False,1.0,2.0,2.0
4748,474804,32.0,30.0,35.0,F,False,False,True,False,False,False,2.0,2.0,2.0
4748,474805,41.0,40.0,42.0,F,False,False,True,False,False,False,1.0,2.0,1.0
4748,474806,32.0,30.0,35.0,F,False,False,True,False,False,False,1.0,2.0,1.0
4748,474807,8.0,8.0,,M,False,False,True,False,False,False,1.0,2.0,2.0
4748,474808,8.0,8.0,,M,False,False,True,False,False,False,1.0,1.0,3.0
4748,474809,9.0,9.0,,F,False,False,True,False,False,False,1.0,1.0,3.0
4748,474810,10.0,10.0,,F,False,False,True,False,False,False,1.0,1.0,3.0
4748,474811,42.0,42.0,,F,True,False,False,False,False,False,1.0,1.0,4.0
4748,474812,43.0,43.0,,M,True,False,False,False,False,False,1.0,1.0,3.0
4748,474813,8.0,8.0,,M,False,False,True,False,False,False,1.0,2.0,2.0
4748,474814,12.0,12.0,,M,True,False,False,False,False,False,1.0,1.0,4.0
4748,474815,30.0,30.0,,F,False,False,True,False,False,False,1.0,2.0,4.0
4748,474816,47.0,45.0,50.0,F,False,False,True,False,False,False,1.0,2.0,3.0
4748,474817,42.0,40.0,45.0,F,False,False,True,False,False,False,1.0,2.0,3.0
4748,474818,40.0,40.0,,F,False,False,False,True,False,False,1.0,1.0,3.0
4748,474819,9.0,9.0,,M,False,False,True,False,False,False,1.0,1.0,3.0
4749,474901,9.0,9.0,,F,False,False,True,False,False,False,1.0,2.0,1.0
4749,474902,9.0,9.0,,M,False,False,True,False,False,False,1.0,1.0,1.0
4749,474903,9.0,9.0,,M,False,False,True,False,False,False,1.0,2.0,1.0
4749,474904,9.0,9.0,,M,False,False,True,False,False,False,1.0,2.0,1.0
4749,474905,9.0,9.0,,M,False,False,True,False,False,False,1.0,2.0,1.0
4749,474906,25.0,20.0,30.0,F,False,False,True,False,False,False,1.0,2.0,1.0
4749,474907,9.0,9.0,,M,False,False,True,False,False,False,1.0,2.0,1.0
4749,474908,9.0,9.0,,M,False,False,True,False,False,False,1.0,2.0,1.0
4749,474909,9.0,9.0,,F,False,False,True,False,False,False,1.0,2.0,1.0
4749,474910,9.0,9.0,,F,False,False,True,False,False,False,1.0,2.0,1.0
4749,474911,9.0,9.0,,M,False,False,True,False,False,False,1.0,2.0,1.0
4749,474912,9.0,9.0,,M,False,False,True,False,False,False,1.0,2.0,1.0
4749,474913,9.0,9.0,,F,False,False,True,False,False,False,1.0,2.0,1.0
4749,474914,9.0,9.0,,M,False,False,True,False,False,False,1.0,2.0,1.0
4749,474915,9.0,9.0,,F,False,False,True,False,False,False,1.0,2.0,1.0
4749,474916,36.0,36.0,,M,True,False,False,False,False,False,1.0,2.0,1.0
4749,474917,9.0,9.0,,M,False,False,True,False,False,False,1.0,1.0,1.0
4749,474918,33.0,33.0,,F,True,False,False,False,False,False,1.0,1.0,1.0
4749,474919,30.0,20.0,40.0,M,False,False,True,False,False,False,1.0,2.0,2.0
4749,474920,1.0,1.0,,M,True,False,False,False,False,False,1.0,2.0,1.0
4749,474921,16.0,16.0,,F,True,False,False,False,False,False,1.0,2.0,1.0
4749,474922,7.0,7.0,,M,True,False,False,False,False,False,1.0,2.0,1.0
4749,474923,60.0,60.0,,F,False,False,True,False,False,False,1.0,2.0,1.0
4749,474924,11.0,11.0,,F,False,False,True,False,False,False,1.0,1.0,1.0
4749,474925,9.0,9.0,,M,False,False,True,False,False,False,1.0,1.0,1.0
4749,474926,9.0,9.0,,M,False,False,True,False,False,False,1.0,2.0,1.0
4749,474927,25.0,20.0,30.0,F,False,False,True,False,False,False,1.0,2.0,1.0
4749,474928,58.0,58.0,,F,False,False,True,False,False,False,1.0,2.0,1.0
4749,474929,11.0,11.0,,M,True,False,False,False,False,False,1.0,2.0,1.0
4750,475001,10.0,10.0,,F,True,False,False,False,False,False,1.0,2.0,2.0
4750,475002,23.0,23.0,,F,False,False,False,False,True,False,2.0,1.0,5.0
4750,475003,28.0,28.0,,M,False,False,False,False,True,False,2.0,1.0,5.0
4750,475004,7.0,7.0,,M,True,False,False,False,False,False,1.0,1.0,5.0
4750,475005,70.0,70.0,,F,True,False,False,False,False,False,1.0,2.0,1.0
4750,475006,68.0,68.0,,M,True,False,False,False,False,False,1.0,1.0,3.0
4751,475101,20.0,20.0,,M,False,False,False,False,False,True,1.0,1.0,4.0
4751,475102,10.0,10.0,,M,False,False,False,False,False,True,1.0,2.0,3.0
4751,475103,43.0,43.0,,M,True,False,False,False,False,False,1.0,1.0,5.0
4751,475104,8.0,8.0,,F,True,False,False,False,False,False,1.0,1.0,5.0
4751,475105,13.0,13.0,,M,False,False,False,False,False,True,1.0,1.0,5.0
4751,475106,17.0,17.0,,M,False,False,False,False,False,True,1.0,2.0,4.0
4751,475107,30.0,30.0,,F,True,False,False,False,False,False,1.0,1.0,5.0
4752,475201,9.0,9.0,,F,False,False,True,False,False,False,1.0,1.0,5.0
4752,475202,30.0,30.0,,F,True,False,False,False,False,False,1.0,1.0,5.0
4752,475203,1.0,1.0,,,True,False,False,False,False,False,2.0,1.0,2.0
4752,475204,10.0,10.0,,F,True,False,False,False,False,False,1.0,1.0,3.0
4752,475205,4.0,4.0,,F,True,False,False,False,False,False,1.0,2.0,
4752,475206,42.0,42.0,,M,True,False,False,False,False,False,1.0,1.0,4.0
4752,475207,12.0,12.0,,M,True,False,False,False,False,False,1.0,2.0,5.0
4752,475208,12.0,12.0,,F,True,False,False,False,False,False,1.0,1.0,5.0
4752,475209,17.0,17.0,,F,True,False,False,False,False,False,1.0,1.0,3.0
4752,475210,10.0,10.0,,F,True,False,False,False,False,False,1.0,1.0,3.0
4753,475301,10.0,10.0,,F,False,False,True,False,False,False,1.0,,5.0
4753,475302,35.0,35.0,,F,True,False,False,False,False,False,2.0,,4.0
4753,475303,31.0,31.0,,F,True,False,False,False,False,False,1.0,,5.0
4753,475304,72.0,72.0,,F,True,False,False,False,False,False,2.0,,5.0
4753,475305,5.0,5.0,,M,True,False,False,False,False,False,3.0,1.0,3.0
4753,475306,71.0,71.0,,,True,False,False,False,False,False,2.0,,
4753,475307,10.0,10.0,,F,True,False,False,False,False,False,1.0,1.0,5.0
4753,475308,34.0,34.0,,M,True,False,False,False,False,False,1.0,1.0,
4754,475401,13.0,13.0,,F,False,False,True,False,False,False,1.0,2.0,2.0
4754,475402,33.0,33.0,,F,False,False,True,False,False,False,1.0,2.0,3.0
4754,475403,36.0,36.0,,M,True,False,False,False,False,False,1.0,2.0,5.0
4754,475404,5.0,5.0,,F,True,False,False,False,False,False,1.0,2.0,5.0
4754,475405,9.0,9.0,,M,False,False,False,False,True,False,1.0,2.0,5.0
4754,475406,11.0,11.0,,F,False,False,False,False,True,False,1.0,2.0,5.0
4754,475407,50.0,50.0,,M,False,False,True,False,False,False,1.0,2.0,4.0
4754,475408,30.0,30.0,,M,False,False,True,False,False,False,1.0,2.0,2.0
4754,475409,29.0,29.0,,F,False,False,True,False,False,False,1.0,2.0,3.0
4754,475410,35.0,35.0,,F,True,False,False,False,False,False,1.0,1.0,5.0
4754,475411,15.0,15.0,,M,False,False,False,False,True,False,1.0,1.0,5.0
4754,475412,13.0,13.0,,F,False,False,True,False,False,False,1.0,2.0,4.0
4754,475413,27.0,27.0,,M,False,False,True,False,False,False,2.0,2.0,
4754,475414,12.0,12.0,,F,True,False,False,False,False,False,1.0,2.0,5.0
4754,475415,1.0,1.0,,M,True,False,False,False,False,False,1.0,,5.0
4754,475416,5.0,5.0,,F,True,False,False,False,False,False,1.0,1.0,5.0
4754,475417,9.0,9.0,,M,True,False,False,False,False,False,1.0,1.0,5.0
4754,475418,14.0,14.0,,F,False,False,True,False,False,False,1.0,2.0,3.0
4755,475501,9.0,9.0,,,False,False,True,False,True,False,2.0,,4.0
4755,475502,13.0,11.0,16.0,M,False,False,False,False,True,False,1.0,1.0,3.0
4755,475503,13.0,11.0,16.0,F,False,False,True,False,False,False,1.0,2.0,4.0
4755,475504,13.0,11.0,16.0,M,False,False,False,False,True,False,1.0,2.0,4.0
4755,475505,13.0,11.0,16.0,M,False,False,False,False,True,False,1.0,2.0,4.0
4756,475601,51.0,51.0,,F,True,False,False,False,False,False,1.0,2.0,5.0
4756,475602,13.0,13.0,,M,False,False,False,False,True,False,2.0,2.0,4.0
4756,475603,9.0,9.0,,M,True,False,False,False,False,False,1.0,2.0,5.0
4756,475604,9.0,9.0,,F,True,False,False,False,False,False,1.0,2.0,5.0
4756,475605,12.0,12.0,,M,False,False,False,False,True,False,2.0,2.0,4.0
4756,475606,12.0,12.0,,M,True,False,False,False,False,False,1.0,2.0,5.0
4756,475607,10.0,10.0,,M,False,False,True,False,False,False,1.0,2.0,4.0
4756,475608,10.0,10.0,,M,False,False,True,False,False,False,1.0,2.0,4.0
4756,475609,10.0,10.0,,M,False,False,True,False,False,False,1.0,2.0,4.0
4756,475610,54.0,54.0,,M,True,False,False,False,False,False,1.0,2.0,5.0
4756,475611,5.0,5.0,,M,True,False,False,False,False,False,1.0,2.0,5.0
4757,475701,16.0,16.0,,M,False,False,True,False,False,False,1.0,2.0,4.0
4757,475702,37.0,35.0,40.0,F,True,False,False,False,False,False,3.0,,4.0
4757,475703,15.0,15.0,,M,True,False,False,False,True,False,3.0,1.0,4.0
4757,475704,13.0,13.0,,F,True,False,False,False,True,False,3.0,2.0,4.0
4757,475705,19.0,18.0,20.0,M,False,False,False,False,True,False,4.0,2.0,4.0
4757,475706,17.0,16.0,18.0,M,False,False,False,False,True,False,4.0,2.0,4.0
4757,475707,55.0,50.0,60.0,M,False,False,False,False,True,False,2.0,2.0,4.0
4757,475708,19.0,18.0,20.0,M,False,False,False,False,False,True,4.0,,1.0
4757,475709,37.0,35.0,40.0,M,False,False,False,True,False,False,3.0,1.0,2.0
4757,475710,35.0,30.0,40.0,M,False,False,False,False,False,True,5.0,2.0,2.0
4757,475711,35.0,30.0,40.0,F,False,False,False,False,False,True,5.0,2.0,2.0
4757,475712,27.0,25.0,30.0,F,False,False,False,False,False,True,4.0,2.0,3.0
4757,475713,15.0,15.0,,M,False,False,True,False,True,False,1.0,1.0,4.0
4757,475714,37.0,35.0,40.0,M,True,False,False,False,False,False,3.0,,4.0
4757,475715,37.0,35.0,40.0,F,False,False,False,True,False,False,3.0,1.0,2.0
4757,475716,14.0,14.0,,F,False,False,True,False,True,False,1.0,,4.0
4757,475717,17.0,17.0,,F,True,False,False,False,False,False,1.0,2.0,4.0
4757,475718,15.0,15.0,,F,False,False,True,False,False,False,1.0,2.0,4.0
4757,475719,15.0,15.0,,M,False,False,True,False,False,False,1.0,1.0,4.0
4757,475720,71.0,71.0,,M,True,False,False,True,False,False,,1.0,4.0
4757,475721,35.0,35.0,,M,False,False,True,False,False,False,1.0,2.0,3.0
4757,475722,36.0,36.0,,M,False,False,False,False,False,True,2.0,2.0,1.0
4757,475723,37.0,37.0,,F,False,False,True,False,False,False,1.0,1.0,2.0
4757,475724,40.0,40.0,,F,False,False,False,False,False,True,2.0,2.0,4.0
4757,475725,43.0,43.0,,M,False,False,False,False,False,True,2.0,2.0,4.0
4757,475726,50.0,50.0,,M,False,False,False,False,False,True,5.0,2.0,1.0
4757,475727,60.0,60.0,,F,False,False,False,False,False,True,5.0,2.0,2.0
4757,475728,22.0,21.0,24.0,F,False,False,False,True,False,False,4.0,1.0,2.0
4757,475729,63.0,63.0,,F,True,False,False,True,False,False,1.0,2.0,5.0
4758,475801,10.0,10.0,,M,False,False,False,False,True,False,1.0,2.0,4.0
4758,475802,8.0,8.0,,M,False,False,True,False,False,False,1.0,2.0,5.0
4758,475803,8.0,8.0,,F,False,False,True,False,False,False,1.0,2.0,5.0
4758,475804,8.0,8.0,,M,False,False,True,False,False,False,1.0,2.0,5.0
4758,475805,8.0,8.0,,F,False,False,False,False,True,False,1.0,1.0,4.0
4758,475806,7.0,7.0,,M,False,False,False,False,True,False,2.0,2.0,3.0
4758,475807,9.0,9.0,,F,False,False,False,False,True,False,2.0,2.0,3.0
4758,475808,10.0,10.0,,M,False,False,False,False,True,False,2.0,2.0,3.0
4758,475809,8.0,8.0,,F,False,False,False,False,True,False,2.0,2.0,3.0
4758,475810,8.0,8.0,,F,False,False,True,False,False,False,1.0,2.0,5.0
4758,475811,76.0,76.0,,M,True,False,False,False,False,False,2.0,1.0,4.0
4758,475812,8.0,8.0,,F,False,False,True,False,False,False,1.0,1.0,5.0
4758,475813,8.0,8.0,,M,False,False,False,False,True,False,2.0,2.0,3.0
4758,475814,41.0,41.0,,F,True,False,False,False,False,False,1.0,1.0,5.0
4758,475815,8.0,8.0,,F,False,False,True,False,False,False,1.0,1.0,5.0
4758,475816,11.0,11.0,,M,True,False,False,False,False,False,1.0,1.0,5.0
4758,475817,8.0,8.0,,M,False,False,True,False,False,False,1.0,2.0,5.0
4758,475818,53.0,53.0,,M,False,False,False,False,False,False,1.0,1.0,4.0
4758,475819,8.0,8.0,,F,False,False,True,False,False,False,1.0,1.0,5.0
4758,475820,8.0,8.0,,F,False,False,True,False,False,False,1.0,1.0,5.0
4758,475821,8.0,8.0,,F,False,False,True,False,False,False,1.0,1.0,5.0
4758,475822,8.0,8.0,,F,False,False,True,False,False,False,1.0,1.0,5.0
4758,475823,8.0,8.0,,M,False,False,True,False,False,False,1.0,2.0,5.0
4758,475824,8.0,8.0,,F,False,False,True,False,False,False,1.0,2.0,5.0
4758,475825,10.0,10.0,,M,True,False,False,False,False,False,1.0,1.0,5.0
4759,475901,42.0,40.0,45.0,M,False,False,False,True,False,False,5.0,2.0,1.0
4759,475902,39.0,39.0,,M,True,False,False,False,False,False,1.0,2.0,3.0
4759,475903,2.0,2.0,,F,True,False,False,False,True,False,2.0,1.0,4.0
4759,475904,44.0,44.0,,F,True,False,False,False,False,False,1.0,1.0,3.0
4759,475905,35.0,30.0,40.0,M,False,False,False,False,False,True,5.0,2.0,1.0
4759,475906,55.0,50.0,60.0,M,False,False,False,True,False,False,5.0,2.0,1.0
4759,475907,17.0,17.0,,M,False,False,False,False,True,False,3.0,2.0,1.0
4759,475908,16.0,16.0,,M,True,False,False,True,True,False,2.0,1.0,4.0
4759,475909,16.0,16.0,,M,True,False,False,True,True,False,2.0,1.0,4.0
4759,475910,19.0,19.0,,M,True,False,False,False,False,False,1.0,2.0,4.0
4759,475911,18.0,18.0,,M,True,False,False,True,True,False,1.0,1.0,5.0
4759,475912,44.0,44.0,,M,True,False,False,False,True,False,2.0,1.0,4.0
4759,475913,15.0,15.0,,F,False,False,False,False,True,False,3.0,2.0,1.0
4760,476001,9.0,9.0,,F,False,False,True,False,False,False,1.0,2.0,5.0
4760,476002,9.0,9.0,,M,False,False,True,False,False,False,2.0,2.0,1.0
4760,476003,9.0,9.0,,F,False,False,True,False,False,False,1.0,2.0,1.0
4760,476004,24.0,24.0,,F,False,False,True,False,False,False,1.0,2.0,3.0
4760,476005,9.0,9.0,,F,False,False,True,False,False,False,1.0,2.0,5.0
4760,476006,9.0,9.0,,F,False,False,True,False,False,False,1.0,2.0,5.0
4760,476007,9.0,9.0,,F,True,False,True,False,False,False,1.0,1.0,5.0
4760,476008,44.0,44.0,,M,True,False,False,False,False,False,1.0,1.0,
4760,476009,45.0,45.0,,F,True,False,False,False,False,False,1.0,1.0,5.0
4760,476010,9.0,9.0,,M,True,False,True,False,False,False,1.0,1.0,5.0
4760,476011,9.0,9.0,,F,False,False,True,False,False,False,1.0,2.0,5.0
4760,476012,9.0,9.0,,F,False,False,True,False,False,False,2.0,2.0,2.0
4761,476101,16.0,16.0,,M,False,False,False,False,True,False,1.0,1.0,4.0
4761,476102,16.0,16.0,,M,False,False,True,False,False,False,1.0,1.0,3.0
4761,476103,37.0,35.0,40.0,F,False,False,True,False,False,False,2.0,2.0,3.0
4761,476104,14.0,14.0,,F,False,False,False,False,True,False,2.0,1.0,4.0
4761,476105,13.0,13.0,,F,False,False,False,False,True,False,2.0,1.0,4.0
4761,476106,16.0,16.0,,M,False,False,False,False,True,False,2.0,1.0,4.0
4761,476107,15.0,15.0,,M,False,False,False,False,True,False,2.0,1.0,4.0
4761,476108,35.0,30.0,40.0,M,False,False,False,False,True,False,2.0,2.0,4.0
4761,476109,16.0,16.0,,F,False,False,False,False,True,False,1.0,2.0,4.0
4761,476110,16.0,16.0,,M,False,False,False,False,True,False,1.0,1.0,3.0
4761,476111,16.0,16.0,,F,False,False,True,False,False,False,1.0,1.0,3.0
4761,476112,16.0,16.0,,M,False,False,True,False,False,False,1.0,2.0,2.0
4761,476113,16.0,16.0,,F,False,False,False,False,True,False,1.0,1.0,4.0
4761,476114,16.0,16.0,,M,False,False,True,False,False,False,1.0,2.0,3.0
4761,476115,27.0,20.0,35.0,F,False,False,True,False,False,False,2.0,2.0,3.0
4761,476116,22.0,20.0,25.0,F,False,False,True,False,False,False,2.0,2.0,3.0
4761,476117,45.0,40.0,50.0,M,False,False,True,False,False,False,1.0,2.0,3.0
4761,476118,16.0,16.0,,M,False,False,True,False,False,False,1.0,2.0,3.0
4761,476119,16.0,16.0,,M,False,False,False,True,False,False,1.0,2.0,3.0
4761,476120,45.0,40.0,50.0,F,False,False,True,False,False,False,2.0,2.0,3.0
4761,476121,16.0,16.0,,F,False,False,True,False,False,False,1.0,1.0,2.0
4761,476122,16.0,16.0,,F,False,False,True,False,False,False,1.0,1.0,2.0
4761,476123,16.0,16.0,,F,False,False,True,False,False,False,1.0,1.0,3.0
4761,476124,16.0,16.0,,F,False,False,True,False,False,False,1.0,2.0,3.0
4762,476201,15.0,15.0,,F,False,False,True,False,False,False,2.0,1.0,3.0
4762,476202,27.0,25.0,30.0,F,False,False,True,False,False,False,2.0,2.0,3.0
4762,476203,32.0,30.0,35.0,F,False,False,True,False,False,False,2.0,2.0,3.0
4762,476204,16.0,16.0,,F,False,False,True,False,False,False,2.0,2.0,1.0
4762,476205,32.0,30.0,35.0,F,False,False,True,False,False,False,4.0,2.0,2.0
4762,476206,37.0,35.0,40.0,F,False,False,True,False,False,False,4.0,1.0,1.0
4762,476207,16.0,16.0,,F,False,False,True,False,False,False,2.0,2.0,3.0
4762,476208,16.0,16.0,,F,False,False,True,False,False,False,1.0,2.0,3.0
4762,476209,16.0,16.0,,F,False,False,True,False,False,False,3.0,2.0,1.0
4762,476210,16.0,16.0,,F,False,False,True,False,False,False,2.0,2.0,1.0
4762,476211,37.0,35.0,40.0,F,False,False,True,False,False,False,2.0,2.0,3.0
4762,476212,31.0,28.0,35.0,F,False,False,True,False,False,False,2.0,2.0,3.0
4762,476213,16.0,16.0,,F,False,False,True,False,False,False,2.0,2.0,4.0
4762,476214,16.0,16.0,,F,False,False,True,False,False,False,2.0,2.0,1.0
4762,476215,16.0,16.0,,F,False,False,True,False,False,False,1.0,1.0,4.0
4762,476216,46.0,46.0,,F,True,False,False,False,False,False,1.0,1.0,
4762,476217,48.0,48.0,,M,True,False,False,True,False,False,1.0,1.0,
4762,476218,52.0,50.0,55.0,F,False,False,True,False,False,False,1.0,2.0,3.0
4762,476219,15.0,15.0,,F,False,False,True,False,False,False,1.0,1.0,3.0
4762,476220,16.0,16.0,,F,False,False,True,False,False,False,2.0,2.0,2.0
4762,476221,16.0,16.0,,F,False,False,True,False,False,False,1.0,1.0,4.0
4762,476222,15.0,15.0,,F,False,False,True,False,False,False,1.0,1.0,4.0
4762,476223,16.0,16.0,,F,False,False,True,False,False,False,3.0,2.0,2.0
4762,476224,16.0,16.0,,F,False,False,True,False,False,False,1.0,2.0,4.0
4762,476225,32.0,30.0,35.0,M,False,False,True,False,False,False,,2.0,3.0
4762,476226,15.0,15.0,,F,False,False,True,False,False,False,1.0,2.0,4.0
4762,476227,15.0,15.0,,F,False,False,True,False,False,False,1.0,1.0,4.0
4762,476228,16.0,16.0,,F,False,False,True,False,False,False,3.0,2.0,
4762,476229,16.0,16.0,,F,False,False,True,False,False,False,1.0,1.0,4.0
4763,476301,35.0,30.0,40.0,M,True,False,False,False,False,False,1.0,2.0,5.0
4763,476302,7.0,5.0,10.0,M,True,False,False,False,False,False,3.0,1.0,3.0
4763,476303,35.0,30.0,40.0,F,True,False,False,False,False,False,1.0,1.0,5.0
4763,476304,55.0,50.0,61.0,F,True,False,False,False,False,False,1.0,1.0,5.0
4763,476305,25.0,20.0,30.0,M,True,False,False,False,False,False,3.0,1.0,3.0
4764,476401,35.0,30.0,40.0,F,True,False,False,False,False,False,1.0,1.0,3.0
4764,476402,55.0,50.0,60.0,F,True,False,False,False,False,False,2.0,1.0,4.0
4764,476403,13.0,12.0,14.0,F,False,False,True,False,False,False,1.0,2.0,5.0
4764,476404,13.0,13.0,14.0,F,False,False,True,False,False,False,1.0,2.0,5.0
4764,476405,35.0,30.0,40.0,M,False,False,True,False,False,False,1.0,2.0,5.0
4764,476406,60.0,55.0,65.0,M,True,False,False,False,False,False,1.0,1.0,5.0
4765,476501,15.0,15.0,,M,False,False,True,False,False,False,2.0,2.0,1.0
4765,476502,43.0,43.0,,F,False,False,True,False,False,False,2.0,2.0,2.0
4765,476503,49.0,47.0,52.0,F,False,False,False,False,True,False,5.0,2.0,1.0
4765,476504,15.0,15.0,,F,False,False,True,False,False,False,2.0,2.0,2.0
4765,476505,15.0,15.0,,F,False,False,True,False,False,False,1.0,2.0,2.0
4765,476506,44.0,44.0,,M,True,False,False,False,False,False,1.0,2.0,5.0
4765,476507,13.0,13.0,,F,True,False,False,False,False,False,1.0,2.0,4.0
4765,476508,7.0,7.0,,M,False,False,False,False,False,False,1.0,2.0,4.0
4765,476509,33.0,29.0,37.0,F,False,False,True,False,False,False,2.0,2.0,3.0
4765,476510,35.0,32.0,39.0,M,False,False,True,False,False,False,2.0,2.0,3.0
4765,476511,15.0,15.0,,M,False,False,True,False,False,False,1.0,2.0,1.0
4765,476512,14.0,14.0,,M,False,False,False,False,True,False,2.0,2.0,4.0
4765,476513,15.0,15.0,,M,False,False,True,False,False,False,1.0,1.0,3.0
4765,476514,15.0,15.0,,F,False,False,True,False,False,False,2.0,2.0,1.0
4765,476515,14.0,14.0,,F,False,False,True,False,False,False,2.0,2.0,2.0
4765,476516,14.0,14.0,,F,False,False,True,False,False,False,2.0,1.0,3.0
4765,476517,15.0,15.0,,F,False,False,True,False,True,False,1.0,1.0,4.0
4765,476518,15.0,15.0,,M,False,False,True,False,False,False,2.0,1.0,4.0
4765,476519,15.0,15.0,,M,False,False,True,False,False,False,1.0,2.0,4.0
4765,476520,14.0,14.0,,M,False,False,True,False,False,False,2.0,1.0,
4765,476521,14.0,14.0,,M,False,False,True,False,False,False,2.0,1.0,1.0
4765,476522,15.0,15.0,,F,False,False,True,False,False,False,1.0,2.0,4.0
4765,476523,50.0,45.0,55.0,M,False,False,False,True,False,False,5.0,2.0,2.0
4765,476524,45.0,40.0,50.0,F,False,False,True,False,False,False,2.0,2.0,1.0
4765,476525,42.0,42.0,,F,True,False,False,False,False,False,1.0,2.0,4.0
4765,476526,15.0,15.0,,F,False,False,False,False,False,False,1.0,2.0,4.0
4765,476527,15.0,15.0,,F,False,False,True,False,False,False,1.0,1.0,4.0
4766,476601,9.0,9.0,,M,False,False,True,False,False,False,1.0,1.0,2.0
4766,476602,4.0,4.0,,M,True,False,False,False,False,False,1.0,1.0,5.0
4766,476603,9.0,9.0,,M,False,False,False,False,True,False,1.0,1.0,4.0
4766,476604,9.0,9.0,,M,False,False,True,False,False,False,1.0,1.0,2.0
4766,476605,10.0,10.0,,M,False,False,True,False,False,False,1.0,1.0,2.0
4766,476606,7.0,7.0,,M,False,False,False,False,True,False,1.0,1.0,4.0
4766,476607,8.0,8.0,,M,False,False,True,False,False,False,1.0,1.0,2.0
4766,476608,9.0,9.0,,M,False,False,True,False,False,False,,1.0,2.0
4766,476609,9.0,9.0,,M,False,False,True,False,False,False,1.0,1.0,2.0
4766,476610,9.0,9.0,,M,False,False,True,False,False,False,1.0,1.0,2.0
4766,476611,35.0,30.0,40.0,F,False,False,True,False,False,False,1.0,2.0,5.0
4766,476612,12.0,12.0,,M,True,False,False,False,False,False,1.0,2.0,5.0
4766,476613,53.0,53.0,,M,True,False,False,False,False,False,1.0,1.0,5.0
4766,476614,37.0,37.0,,F,True,False,False,False,False,False,1.0,1.0,5.0
4766,476615,9.0,9.0,,M,False,False,True,False,False,False,1.0,1.0,2.0
4767,476701,17.0,15.0,20.0,M,False,False,False,False,True,False,2.0,1.0,4.0
4767,476702,42.0,40.0,45.0,M,True,False,False,False,True,False,2.0,2.0,5.0
4767,476703,42.0,40.0,45.0,F,True,False,False,False,True,False,1.0,1.0,5.0
4767,476704,17.0,15.0,20.0,F,True,False,False,False,True,False,1.0,1.0,5.0
4767,476705,22.0,20.0,25.0,F,True,False,False,False,True,False,1.0,,5.0
4768,476801,52.0,52.0,,M,True,False,False,False,False,False,1.0,1.0,4.0
4768,476802,16.0,16.0,,F,False,True,False,False,False,False,1.0,1.0,3.0
4768,476803,25.0,20.0,30.0,F,False,True,False,False,False,False,2.0,2.0,5.0
4768,476804,45.0,40.0,50.0,F,False,True,False,False,False,False,2.0,2.0,5.0
4768,476805,47.0,40.0,55.0,M,False,True,False,False,False,False,2.0,2.0,5.0
4768,476806,45.0,40.0,50.0,M,False,True,False,False,False,False,2.0,2.0,5.0
4768,476807,45.0,40.0,50.0,F,False,True,False,False,False,False,2.0,2.0,5.0
4768,476808,40.0,40.0,,F,True,False,False,False,False,False,1.0,1.0,4.0
4768,476809,22.0,20.0,25.0,M,False,True,False,False,False,False,2.0,2.0,4.0
4768,476810,21.0,21.0,,M,False,True,False,False,False,False,2.0,2.0,4.0
4768,476811,19.0,19.0,,M,False,True,False,False,False,False,1.0,2.0,4.0
4768,476812,16.0,16.0,,F,False,True,False,False,False,False,2.0,2.0,5.0
4768,476813,17.0,17.0,,M,False,False,False,False,True,False,1.0,1.0,2.0
4769,476901,37.0,37.0,,M,True,False,False,False,False,False,1.0,1.0,5.0
4769,476902,10.0,10.0,,M,True,False,False,False,False,False,1.0,1.0,5.0
4769,476903,36.0,36.0,,F,True,False,False,False,False,False,1.0,1.0,2.0
4769,476904,9.0,9.0,,M,True,False,False,False,False,False,1.0,1.0,5.0
4769,476905,35.0,35.0,,M,True,False,False,False,False,False,3.0,1.0,5.0
4769,476906,9.0,9.0,,M,True,False,False,False,False,False,1.0,1.0,5.0
4770,477001,9.0,9.0,,M,True,False,False,False,False,False,1.0,1.0,4.0
4770,477002,36.0,36.0,,M,True,False,False,False,False,False,1.0,2.0,4.0
4770,477003,18.0,18.0,,F,False,True,False,False,False,False,1.0,2.0,5.0
4770,477004,35.0,35.0,,F,True,False,False,False,False,False,1.0,2.0,4.0
4770,477005,9.0,9.0,,M,True,False,False,False,False,False,1.0,1.0,4.0
4770,477006,13.0,13.0,,F,True,False,False,False,False,False,1.0,1.0,4.0
4770,477007,10.0,10.0,,M,True,False,False,False,False,False,1.0,1.0,4.0
4770,477008,28.0,28.0,,F,False,False,False,False,False,True,2.0,2.0,3.0
4771,477101,9.0,9.0,,F,True,False,False,False,False,False,1.0,1.0,2.0
4771,477102,6.0,6.0,,M,True,False,False,False,False,False,1.0,2.0,3.0
4771,477103,28.0,28.0,,F,True,False,False,False,False,False,1.0,1.0,5.0
4771,477104,34.0,34.0,,F,True,False,False,False,False,False,1.0,1.0,2.0
4771,477105,1.0,1.0,,F,True,False,False,False,False,False,1.0,2.0,2.0
4772,477201,9.0,9.0,,F,False,False,True,False,False,False,1.0,1.0,5.0
4772,477202,9.0,9.0,,M,False,False,True,False,False,False,1.0,1.0,5.0
4772,477203,8.0,8.0,,F,False,False,True,False,False,False,1.0,1.0,5.0
4772,477204,27.0,25.0,30.0,M,False,False,False,False,False,True,4.0,,1.0
4772,477205,8.0,8.0,,M,False,False,True,False,False,False,1.0,1.0,5.0
4772,477206,9.0,9.0,,M,False,False,True,False,False,False,,2.0,5.0
4772,477207,8.0,8.0,,M,False,False,True,False,False,False,1.0,2.0,5.0
4772,477208,8.0,8.0,,M,False,False,True,False,False,False,1.0,2.0,5.0
4772,477209,9.0,9.0,,F,False,False,True,False,False,False,1.0,1.0,5.0
4772,477210,8.0,8.0,,M,False,False,True,False,False,False,1.0,1.0,5.0
4772,477211,8.0,8.0,,M,False,False,True,False,False,False,1.0,1.0,5.0
4772,477212,8.0,8.0,,M,False,False,True,False,False,False,1.0,1.0,5.0
4772,477213,8.0,8.0,,M,False,False,True,False,False,False,1.0,1.0,5.0
4772,477214,9.0,9.0,,M,False,False,True,False,False,False,1.0,2.0,5.0
4772,477215,8.0,8.0,,M,False,False,True,False,False,False,1.0,2.0,5.0
4772,477216,8.0,8.0,,M,False,False,True,False,False,False,1.0,2.0,5.0
4772,477217,9.0,9.0,,M,False,False,True,False,False,False,1.0,2.0,5.0
4772,477218,8.0,8.0,,F,False,False,True,False,False,False,1.0,2.0,5.0
4772,477219,36.0,36.0,,M,True,False,False,False,False,False,1.0,1.0,5.0
4772,477220,10.0,10.0,,M,True,False,True,False,False,False,1.0,1.0,5.0
4772,477221,8.0,8.0,,M,False,False,True,False,False,False,1.0,1.0,5.0
4772,477222,8.0,8.0,,F,False,False,True,False,False,False,1.0,1.0,5.0
4772,477223,36.0,35.0,38.0,F,False,False,True,False,False,False,1.0,2.0,5.0
4772,477224,8.0,8.0,,M,False,False,True,False,False,False,1.0,2.0,5.0
4772,477225,8.0,8.0,,M,False,False,True,False,False,False,1.0,2.0,5.0
4772,477226,8.0,8.0,,F,False,False,True,False,False,False,1.0,2.0,5.0
4772,477227,8.0,8.0,,F,False,False,True,False,False,False,1.0,2.0,5.0
4772,477228,8.0,8.0,,F,False,False,True,False,False,False,1.0,2.0,5.0
4772,477229,38.0,38.0,,F,True,False,False,False,False,False,1.0,1.0,5.0
4773,477301,44.0,44.0,,M,True,False,False,False,False,False,1.0,1.0,4.0
4773,477302,8.0,8.0,,F,True,False,False,False,False,False,1.0,1.0,4.0
4773,477303,52.0,50.0,55.0,M,False,False,True,False,False,False,1.0,2.0,4.0
4773,477304,27.0,25.0,30.0,F,False,False,True,False,False,False,1.0,2.0,4.0
4773,477305,43.0,43.0,,F,True,False,False,False,False,False,1.0,1.0,4.0
4773,477306,10.0,10.0,,M,True,False,False,False,False,False,1.0,2.0,4.0
4773,477307,17.0,17.0,,M,False,False,True,False,False,False,2.0,2.0,1.0
4773,477308,16.0,16.0,,M,False,False,True,False,False,False,1.0,2.0,4.0
4773,477309,16.0,16.0,,F,False,False,True,False,False,False,1.0,2.0,3.0
4773,477310,16.0,16.0,,F,False,False,True,False,False,False,1.0,1.0,4.0
4773,477311,16.0,16.0,,F,False,False,True,False,False,False,1.0,1.0,4.0
4773,477312,16.0,16.0,,F,False,False,True,False,False,False,1.0,1.0,3.0
4773,477313,47.0,45.0,50.0,F,False,False,True,False,False,False,1.0,2.0,4.0
4774,477401,40.0,40.0,,M,False,False,True,False,False,False,1.0,2.0,3.0
4774,477402,18.0,18.0,,F,False,False,True,False,False,False,2.0,1.0,2.0
4774,477403,16.0,16.0,,M,True,False,False,False,False,False,2.0,2.0,2.0
4774,477404,18.0,18.0,,M,False,False,True,False,False,False,2.0,2.0,2.0
4774,477405,19.0,19.0,,M,False,False,True,False,False,False,2.0,2.0,2.0
4774,477406,19.0,19.0,,M,False,False,True,False,False,False,2.0,2.0,3.0
4774,477407,20.0,20.0,,F,False,False,True,False,False,False,2.0,1.0,2.0
4774,477408,17.0,17.0,,F,False,False,True,False,False,False,2.0,1.0,3.0
4774,477409,18.0,18.0,,M,False,False,True,False,False,False,2.0,2.0,4.0
4774,477410,19.0,19.0,,M,False,False,True,False,False,False,1.0,2.0,2.0
4774,477411,18.0,18.0,,M,False,False,True,False,False,False,1.0,2.0,3.0
4774,477412,19.0,19.0,,M,False,False,True,False,False,False,2.0,2.0,2.0
4774,477413,20.0,20.0,,M,False,False,True,False,False,False,2.0,2.0,1.0
4774,477414,17.0,17.0,,F,False,False,True,False,False,False,2.0,1.0,2.0
4774,477415,43.0,43.0,,F,True,False,False,False,False,False,1.0,1.0,4.0
4774,477416,19.0,19.0,,M,False,False,True,False,False,False,1.0,2.0,2.0
4774,477417,20.0,20.0,,F,False,False,True,False,False,False,2.0,1.0,2.0
4776,477601,18.0,18.0,,F,False,True,False,False,False,False,2.0,2.0,4.0
4776,477602,37.0,35.0,40.0,F,False,True,False,False,False,False,5.0,2.0,1.0
4776,477603,19.0,19.0,,M,True,False,False,False,False,False,2.0,2.0,4.0
4776,477604,10.0,10.0,,M,True,False,False,False,False,False,2.0,1.0,4.0
4776,477605,53.0,53.0,,F,True,False,False,False,False,False,2.0,2.0,4.0
4776,477606,55.0,55.0,,M,True,False,False,False,False,False,1.0,1.0,5.0
4776,477607,16.0,16.0,,M,False,True,False,False,False,False,2.0,1.0,4.0
4776,477608,16.0,16.0,,F,False,True,False,False,False,False,2.0,2.0,4.0
4776,477609,19.0,19.0,,M,True,False,False,True,False,False,1.0,1.0,5.0
4776,477610,17.0,17.0,,F,False,True,False,False,True,False,1.0,1.0,5.0
4776,477611,50.0,48.0,52.0,F,False,True,False,False,False,False,4.0,2.0,1.0
4776,477612,54.0,54.0,,F,False,True,False,False,False,False,2.0,2.0,4.0
4776,477613,35.0,35.0,,M,False,True,False,False,False,False,1.0,2.0,5.0
4776,477614,47.0,47.0,,F,True,False,False,False,False,False,1.0,1.0,5.0
4776,477615,17.0,17.0,,M,False,True,False,False,False,False,2.0,2.0,4.0
4777,477701,17.0,16.0,18.0,,False,False,True,False,False,False,1.0,2.0,3.0
4777,477702,17.0,16.0,18.0,,False,False,True,False,False,False,1.0,2.0,3.0
4777,477703,17.0,16.0,18.0,,False,False,True,False,False,False,1.0,2.0,3.0
4777,477704,17.0,16.0,18.0,,False,False,True,False,False,False,1.0,2.0,3.0
4777,477705,17.0,16.0,18.0,,False,False,True,False,False,False,1.0,1.0,3.0
4777,477706,17.0,16.0,18.0,,False,False,True,False,False,False,1.0,2.0,3.0
4777,477707,4.0,4.0,,M,True,False,False,False,False,False,1.0,1.0,4.0
4777,477708,17.0,16.0,18.0,,False,False,True,False,False,False,1.0,2.0,3.0
4777,477709,17.0,16.0,18.0,,False,False,True,False,False,False,1.0,1.0,3.0
4777,477710,17.0,16.0,18.0,,False,False,True,False,False,False,1.0,2.0,3.0
4777,477711,24.0,24.0,,F,True,False,False,False,False,False,1.0,1.0,4.0
4777,477712,54.0,54.0,,F,True,False,False,False,False,False,1.0,1.0,5.0
4777,477713,57.0,57.0,,M,True,False,False,False,False,False,1.0,2.0,2.0
4777,477714,17.0,17.0,,M,False,False,True,False,False,False,2.0,1.0,3.0
4777,477715,16.0,16.0,,F,False,False,True,False,False,False,1.0,1.0,4.0
4777,477716,17.0,16.0,18.0,,False,False,True,False,False,False,1.0,2.0,3.0
4778,477801,41.0,41.0,,M,True,False,False,False,False,False,1.0,2.0,3.0
4778,477802,40.0,40.0,,F,False,False,False,False,False,True,1.0,2.0,
4778,477803,34.0,34.0,,F,True,False,False,False,False,False,1.0,1.0,4.0
4778,477804,17.0,17.0,,M,False,False,True,False,False,False,1.0,1.0,4.0
4778,477805,15.0,15.0,,F,False,False,True,False,False,False,1.0,2.0,4.0
4778,477806,51.0,51.0,,F,False,False,False,False,False,True,1.0,1.0,3.0
4779,477901,14.0,14.0,,M,False,False,True,False,False,False,1.0,2.0,4.0
4779,477902,14.0,14.0,,M,False,False,True,False,False,False,1.0,2.0,4.0
4779,477903,45.0,45.0,,F,True,False,False,False,False,False,1.0,2.0,4.0
4779,477904,61.0,61.0,,F,True,False,False,False,False,False,,2.0,3.0
4779,477905,4.0,4.0,,F,False,False,False,False,True,False,5.0,2.0,2.0
4779,477906,4.0,4.0,,F,False,False,False,False,False,False,,2.0,1.0
4780,478001,6.0,6.0,,F,True,False,False,False,False,False,1.0,,5.0
4780,478002,40.0,40.0,,M,True,False,False,False,False,False,2.0,1.0,4.0
4780,478003,38.0,38.0,,F,True,False,False,False,False,False,2.0,1.0,4.0
4780,478004,8.0,8.0,,M,True,False,False,False,False,False,1.0,1.0,5.0
4780,478005,32.0,32.0,,F,True,False,False,False,False,False,1.0,1.0,5.0
4780,478006,11.0,11.0,,M,True,False,False,False,False,False,1.0,1.0,5.0
4781,478101,8.0,8.0,,M,True,False,False,True,False,False,1.0,1.0,5.0
4781,478102,39.0,39.0,,F,True,False,False,True,False,False,1.0,1.0,5.0
4781,478103,40.0,40.0,,M,True,False,False,False,False,False,1.0,1.0,5.0
4781,478104,79.0,79.0,,F,False,False,False,False,False,True,2.0,1.0,3.0
4781,478105,32.0,30.0,35.0,F,False,False,False,False,True,False,5.0,2.0,1.0
4781,478106,58.0,58.0,,F,False,False,False,False,False,True,2.0,1.0,3.0
4781,478107,54.0,54.0,,M,False,False,False,False,False,True,2.0,1.0,3.0
4782,478201,32.0,32.0,,M,True,False,False,False,False,False,1.0,1.0,5.0
4782,478202,13.0,13.0,,F,False,False,False,False,False,True,4.0,1.0,4.0
4782,478203,8.0,8.0,,M,True,False,False,False,False,False,1.0,1.0,5.0
4782,478204,30.0,30.0,,F,True,False,False,False,False,False,1.0,1.0,5.0
4783,478301,55.0,55.0,,F,True,False,False,False,False,False,2.0,2.0,2.0
4783,478302,13.0,13.0,,M,True,False,False,False,False,False,2.0,1.0,
4783,478303,11.0,11.0,,F,False,False,True,False,False,False,2.0,1.0,4.0
4783,478304,11.0,11.0,,M,True,False,False,False,False,False,2.0,1.0,
4783,478305,55.0,55.0,,M,True,False,False,False,False,False,1.0,1.0,2.0
4783,478306,14.0,14.0,,M,True,False,False,False,False,False,2.0,1.0,4.0
4783,478307,35.0,35.0,,M,True,False,False,False,False,False,2.0,2.0,1.0
4783,478308,11.0,11.0,,M,False,False,True,False,False,False,1.0,1.0,3.0
4783,478309,45.0,40.0,50.0,M,False,False,True,False,False,False,2.0,2.0,2.0
4783,478310,11.0,11.0,,F,False,False,True,False,False,False,1.0,1.0,4.0
4783,478311,10.0,10.0,,M,False,False,True,False,False,False,1.0,1.0,4.0
4783,478312,52.0,50.0,55.0,F,False,False,True,False,False,False,2.0,2.0,3.0
4783,478313,37.0,30.0,45.0,M,False,False,True,False,False,False,2.0,2.0,2.0
4783,478314,11.0,11.0,,M,False,False,True,False,False,False,1.0,1.0,5.0
4783,478315,10.0,10.0,,M,False,False,True,False,False,False,1.0,1.0,4.0
4783,478316,64.0,64.0,,M,True,False,False,False,False,False,1.0,1.0,5.0
4783,478317,45.0,40.0,50.0,M,False,False,True,False,False,False,1.0,1.0,2.0
4783,478318,51.0,51.0,,F,True,False,False,False,False,False,1.0,1.0,5.0
4783,478319,10.0,10.0,,F,False,False,False,False,False,False,2.0,2.0,
4783,478320,10.0,10.0,,M,False,False,True,False,False,False,1.0,1.0,5.0
4783,478321,11.0,11.0,,F,False,False,True,False,False,False,1.0,1.0,5.0
4783,478322,52.0,50.0,55.0,F,False,False,True,False,False,False,1.0,1.0,
4783,478323,11.0,11.0,,F,False,False,True,False,False,False,1.0,1.0,5.0
4783,478324,11.0,11.0,,F,False,False,True,False,False,False,1.0,1.0,5.0
4783,478325,11.0,11.0,,M,False,False,True,False,False,False,1.0,1.0,5.0
4783,478326,11.0,11.0,,F,False,False,True,False,False,False,1.0,1.0,5.0
4783,478327,11.0,11.0,,F,False,False,True,False,False,False,1.0,1.0,5.0
4783,478328,45.0,40.0,50.0,F,False,False,True,False,False,False,2.0,2.0,4.0
4783,478329,35.0,30.0,40.0,F,False,False,True,False,False,False,1.0,2.0,1.0
4784,478401,27.0,27.0,,M,True,False,False,False,False,False,3.0,1.0,2.0
4784,478402,12.0,12.0,,F,False,False,True,False,False,False,1.0,1.0,1.0
4784,478403,12.0,12.0,,F,False,False,True,False,False,False,1.0,2.0,1.0
4784,478404,28.0,27.0,30.0,F,False,False,True,False,False,False,1.0,2.0,2.0
4784,478405,12.0,12.0,,F,False,False,True,False,False,False,1.0,1.0,2.0
4784,478406,9.0,9.0,,M,True,False,False,False,False,False,1.0,1.0,3.0
4784,478407,9.0,9.0,,M,True,False,False,False,False,False,1.0,2.0,3.0
4784,478408,7.0,7.0,8.0,M,True,False,False,False,False,False,1.0,2.0,3.0
4784,478409,12.0,12.0,,F,True,False,False,False,False,False,1.0,1.0,3.0
4784,478410,12.0,12.0,,F,False,False,True,False,False,False,1.0,2.0,1.0
4784,478411,35.0,35.0,,F,False,False,False,False,False,True,1.0,,2.0
4784,478412,12.0,12.0,,F,False,False,True,False,False,False,1.0,1.0,3.0
4784,478413,12.0,12.0,,F,False,False,True,False,False,False,1.0,2.0,1.0
4784,478414,12.0,12.0,,F,False,False,True,True,False,False,1.0,1.0,4.0
4784,478415,28.0,27.0,30.0,F,False,False,True,False,False,False,2.0,2.0,3.0
4784,478416,12.0,12.0,,F,False,False,True,False,False,False,1.0,2.0,2.0
4784,478417,26.0,25.0,27.0,M,False,False,True,False,False,False,1.0,2.0,3.0
4784,478418,12.0,12.0,,F,False,False,True,False,False,False,1.0,1.0,3.0
4784,478419,52.0,50.0,54.0,F,True,False,False,False,False,False,1.0,1.0,5.0
4784,478420,49.0,49.0,50.0,M,True,False,False,False,False,False,1.0,1.0,5.0
4784,478421,12.0,12.0,,F,False,False,True,False,False,False,1.0,2.0,1.0
4784,478422,12.0,12.0,,F,False,False,True,False,False,False,1.0,2.0,1.0
4784,478423,12.0,12.0,,F,False,False,True,False,False,False,2.0,2.0,2.0
4785,478501,16.0,16.0,,F,False,False,True,False,False,False,1.0,2.0,4.0
4785,478502,17.0,17.0,,F,False,False,True,False,False,False,1.0,2.0,4.0
4785,478503,65.0,65.0,,M,True,False,False,False,False,False,3.0,1.0,4.0
4785,478504,60.0,60.0,,F,True,False,False,False,False,False,3.0,1.0,5.0
4785,478505,12.0,12.0,,F,True,False,False,False,False,False,2.0,2.0,2.0
4785,478506,12.0,12.0,,F,True,False,False,False,False,False,2.0,2.0,2.0
4785,478507,15.0,15.0,,F,False,False,True,False,False,False,1.0,1.0,4.0
4785,478508,16.0,16.0,,M,False,False,True,False,False,False,1.0,2.0,4.0
4785,478509,12.0,12.0,,F,True,False,False,False,False,False,1.0,1.0,5.0
4785,478510,16.0,16.0,,M,False,False,True,False,False,False,1.0,1.0,4.0
4785,478511,16.0,16.0,,F,False,False,True,False,False,False,1.0,2.0,4.0
4785,478512,42.0,42.0,,M,True,False,False,False,False,False,1.0,1.0,4.0
4785,478513,16.0,16.0,,M,False,False,True,False,False,False,1.0,2.0,4.0
4785,478514,16.0,16.0,,M,False,False,True,False,False,False,1.0,2.0,4.0
4785,478515,16.0,16.0,,M,False,False,True,False,False,False,1.0,2.0,4.0
4785,478516,16.0,16.0,,M,False,False,True,False,False,False,1.0,2.0,4.0
4785,478517,40.0,40.0,,F,True,False,False,False,False,False,1.0,1.0,4.0
4786,478601,15.0,15.0,,M,False,False,False,False,False,True,1.0,1.0,3.0
4786,478602,13.0,13.0,,M,False,False,False,False,True,False,,2.0,2.0
4786,478603,19.0,19.0,,F,False,False,False,False,False,True,2.0,1.0,3.0
4786,478604,15.0,15.0,,M,False,False,False,False,False,True,,2.0,4.0
4786,478605,15.0,15.0,,F,False,False,False,False,False,True,5.0,1.0,4.0
4786,478606,58.0,58.0,,F,False,False,True,False,False,False,2.0,2.0,3.0
4786,478607,15.0,15.0,,F,False,False,False,False,True,False,5.0,2.0,3.0
4786,478608,21.0,21.0,,M,False,False,True,False,False,False,3.0,1.0,3.0
4786,478609,15.0,15.0,,F,False,False,True,False,False,False,2.0,2.0,3.0
4786,478610,14.0,14.0,,M,False,False,False,False,False,True,2.0,1.0,2.0
4786,478611,15.0,15.0,,F,False,False,True,False,False,False,1.0,1.0,2.0
4786,478612,15.0,15.0,,F,False,False,True,False,False,False,1.0,2.0,4.0
4786,478613,14.0,14.0,,F,False,False,False,False,True,False,2.0,1.0,4.0
4786,478614,15.0,15.0,,M,False,False,True,False,False,False,2.0,1.0,3.0
4786,478615,15.0,15.0,,F,False,False,False,False,False,True,3.0,1.0,3.0
4786,478616,15.0,15.0,,M,False,False,True,False,False,False,2.0,1.0,3.0
4786,478617,15.0,15.0,,M,False,False,True,False,False,False,2.0,1.0,3.0
4786,478618,46.0,46.0,,F,True,False,False,False,False,False,1.0,1.0,4.0
4786,478619,15.0,15.0,,M,False,False,True,False,False,False,2.0,2.0,3.0
4786,478620,15.0,15.0,,M,False,False,True,False,False,False,2.0,1.0,3.0
4786,478621,15.0,15.0,,M,False,False,True,False,False,False,2.0,1.0,3.0
4786,478622,15.0,15.0,,M,False,False,True,False,False,False,2.0,1.0,3.0
4786,478623,15.0,15.0,,M,False,False,True,False,False,False,2.0,1.0,3.0
4786,478624,15.0,15.0,,F,False,False,False,False,True,False,2.0,1.0,3.0
4786,478625,15.0,15.0,,F,False,False,True,False,False,False,2.0,2.0,3.0
4786,478626,15.0,15.0,,M,False,False,True,False,False,False,2.0,1.0,3.0
4786,478627,14.0,14.0,,F,False,False,True,False,False,False,2.0,1.0,2.0
4786,478628,14.0,14.0,,M,False,False,True,False,False,False,2.0,2.0,1.0
4786,478629,16.0,16.0,,M,False,False,False,False,True,False,2.0,2.0,2.0
4787,478701,47.0,45.0,50.0,F,False,False,True,False,False,False,1.0,,3.0
4787,478702,8.0,8.0,9.0,F,False,False,True,False,False,False,1.0,2.0,3.0
4787,478703,42.0,40.0,45.0,F,False,False,True,False,False,False,1.0,2.0,4.0
4787,478704,8.0,8.0,9.0,M,False,False,True,False,False,False,1.0,1.0,4.0
4787,478705,8.0,8.0,9.0,M,False,False,True,False,False,False,1.0,2.0,4.0
4787,478706,8.0,8.0,9.0,M,False,False,True,False,False,False,1.0,2.0,4.0
4787,478707,45.0,40.0,50.0,M,False,False,True,False,False,False,1.0,2.0,4.0
4787,478708,47.0,45.0,50.0,F,False,False,True,False,False,False,1.0,2.0,3.0
4787,478709,57.0,55.0,60.0,F,False,False,True,False,False,False,2.0,2.0,3.0
4787,478710,10.0,10.0,11.0,M,False,False,True,False,False,False,2.0,,2.0
4787,478711,8.0,8.0,9.0,,False,False,True,False,False,False,1.0,2.0,3.0
4787,478712,8.0,8.0,9.0,F,False,False,True,False,False,False,1.0,2.0,3.0
4787,478713,52.0,45.0,60.0,F,False,False,True,False,False,False,1.0,,3.0
4787,478714,41.0,41.0,,M,True,False,False,False,False,False,1.0,1.0,5.0
4787,478715,39.0,39.0,,F,False,False,True,False,False,False,1.0,2.0,1.0
4787,478716,41.0,41.0,,F,True,False,False,False,False,False,1.0,1.0,5.0
4787,478717,8.0,8.0,,F,False,False,True,False,False,False,1.0,2.0,4.0
4787,478718,9.0,9.0,10.0,M,False,False,True,False,False,False,1.0,2.0,2.0
4787,478719,11.0,11.0,,M,True,False,False,False,False,False,1.0,1.0,5.0
4787,478720,7.0,7.0,8.0,M,False,False,True,False,False,False,1.0,2.0,2.0
4787,478721,11.0,11.0,,M,False,False,True,False,False,False,1.0,2.0,2.0
4787,478722,8.0,8.0,9.0,F,False,False,True,False,False,False,1.0,2.0,4.0
4787,478723,9.0,9.0,,M,False,False,True,False,False,False,1.0,1.0,4.0
4787,478724,8.0,8.0,9.0,M,False,False,True,False,False,False,1.0,1.0,4.0
4787,478725,9.0,9.0,,M,False,False,True,False,False,False,1.0,2.0,4.0
4787,478726,8.0,8.0,9.0,M,False,False,True,False,False,False,1.0,2.0,4.0
4787,478727,9.0,9.0,,M,False,False,True,False,False,False,1.0,1.0,4.0
4787,478728,9.0,9.0,,M,False,False,True,False,False,False,1.0,2.0,4.0
4787,478729,13.0,13.0,,M,True,False,False,False,False,False,1.0,1.0,5.0
4788,478801,18.0,18.0,,M,False,False,True,False,True,False,2.0,2.0,3.0
4788,478802,17.0,17.0,,M,False,False,True,False,False,False,1.0,1.0,4.0
4788,478803,47.0,47.0,,M,True,False,False,False,False,False,1.0,1.0,4.0
4788,478804,44.0,44.0,,F,True,False,False,False,False,False,1.0,1.0,4.0
4788,478805,13.0,13.0,,F,True,False,False,False,False,False,1.0,2.0,3.0
4788,478806,18.0,18.0,,M,False,False,False,False,True,False,3.0,1.0,3.0
4788,478807,18.0,18.0,,F,False,False,False,False,True,False,4.0,2.0,2.0
4788,478808,17.0,17.0,,F,False,False,True,False,True,False,1.0,1.0,4.0
4788,478809,17.0,17.0,,M,False,False,True,False,False,False,1.0,1.0,3.0
4788,478810,17.0,17.0,,F,False,False,True,False,False,False,1.0,2.0,4.0
4788,478811,17.0,17.0,,F,False,False,True,False,False,False,2.0,1.0,4.0
4788,478812,17.0,17.0,,F,False,False,True,False,False,False,1.0,1.0,3.0
4788,478813,17.0,17.0,,M,False,False,True,False,True,False,1.0,1.0,4.0
4788,478814,13.0,13.0,,F,True,False,False,False,False,False,1.0,2.0,4.0
4788,478815,44.0,44.0,,F,True,False,False,False,False,False,1.0,1.0,5.0
4788,478816,17.0,17.0,,F,False,False,False,False,True,False,2.0,1.0,3.0
4788,478817,45.0,40.0,50.0,M,False,False,False,False,True,False,5.0,2.0,1.0
4789,478901,32.0,30.0,35.0,M,False,False,False,False,True,False,4.0,2.0,2.0
4789,478902,27.0,25.0,29.0,F,False,False,False,False,True,False,5.0,,1.0
4789,478903,76.0,76.0,,F,False,False,False,False,True,False,4.0,2.0,2.0
4789,478904,14.0,14.0,,M,True,False,False,False,False,False,1.0,2.0,5.0
4789,478905,47.0,47.0,,M,True,False,False,False,False,False,1.0,2.0,5.0
4789,478906,75.0,75.0,,F,True,False,False,False,False,False,2.0,2.0,4.0
4789,478907,27.0,25.0,29.0,F,False,False,False,False,True,False,5.0,,1.0
4789,478908,41.0,41.0,,F,True,False,False,False,False,False,1.0,1.0,5.0
4790,479001,11.0,11.0,,M,False,False,False,False,False,True,,1.0,2.0
4790,479002,13.0,13.0,,M,False,False,False,False,False,True,,2.0,4.0
4790,479003,12.0,12.0,,M,True,False,False,False,False,True,,1.0,3.0
4790,479004,15.0,15.0,,M,True,False,False,False,False,False,1.0,2.0,5.0
4790,479005,39.0,39.0,,M,True,False,False,False,False,False,,1.0,5.0
4790,479006,5.0,5.0,,F,False,False,False,False,False,True,,2.0,3.0
4791,479101,45.0,40.0,50.0,F,False,False,False,False,False,True,2.0,2.0,1.0
4791,479102,15.0,15.0,,M,True,False,False,False,False,False,1.0,1.0,5.0
4791,479103,12.0,12.0,,M,False,False,True,False,False,False,1.0,2.0,4.0
4791,479104,12.0,12.0,,M,False,False,True,False,False,False,1.0,2.0,4.0
4791,479105,50.0,50.0,,M,True,False,False,False,False,False,1.0,1.0,5.0
4791,479106,70.0,70.0,,F,False,False,False,False,False,True,2.0,1.0,4.0
4791,479107,50.0,50.0,,M,False,False,False,True,False,False,1.0,2.0,3.0
4791,479108,41.0,41.0,,F,True,False,False,False,False,False,1.0,1.0,5.0
4792,479201,13.0,13.0,,F,False,False,True,False,False,False,1.0,2.0,3.0
4792,479202,13.0,13.0,14.0,F,False,False,True,False,False,False,1.0,2.0,3.0
4792,479203,12.0,12.0,,F,True,False,False,False,False,False,2.0,2.0,3.0
4792,479204,14.0,14.0,,M,True,False,False,False,False,False,2.0,2.0,3.0
4792,479205,14.0,14.0,,M,False,False,True,False,False,False,1.0,2.0,3.0
4792,479206,20.0,20.0,,F,False,False,True,False,False,False,1.0,2.0,3.0
4792,479207,35.0,35.0,,F,False,False,True,False,False,False,,2.0,2.0
4792,479208,45.0,45.0,,F,False,False,True,False,False,False,1.0,2.0,2.0
4792,479209,30.0,30.0,,M,False,False,True,False,False,False,1.0,2.0,2.0
4792,479210,13.0,13.0,,M,False,False,True,False,False,False,1.0,2.0,2.0
4792,479211,13.0,13.0,,F,False,False,True,False,False,False,1.0,2.0,4.0
4792,479212,13.0,13.0,,F,False,False,True,False,False,False,1.0,2.0,4.0
4792,479213,13.0,13.0,,M,False,False,True,False,False,False,1.0,2.0,3.0
4792,479214,13.0,13.0,,F,False,False,True,False,False,False,1.0,2.0,4.0
4792,479215,13.0,13.0,,F,False,False,True,False,False,False,1.0,1.0,5.0
4792,479216,13.0,13.0,,M,True,False,False,False,False,False,1.0,1.0,3.0
4792,479217,35.0,35.0,,F,True,False,False,False,False,False,3.0,2.0,4.0
4792,479218,32.0,32.0,,F,True,False,False,True,False,False,1.0,1.0,5.0
4792,479219,17.0,17.0,,M,True,False,False,False,False,False,1.0,2.0,4.0
4792,479220,12.0,12.0,,F,False,False,True,False,False,False,1.0,2.0,5.0
4792,479221,13.0,13.0,,F,False,False,True,False,False,False,1.0,1.0,4.0
4792,479222,12.0,12.0,,F,False,False,True,False,False,False,1.0,,5.0
4792,479223,12.0,12.0,13.0,F,False,False,True,False,False,False,1.0,2.0,5.0
4792,479224,37.0,35.0,40.0,M,False,False,True,False,False,False,1.0,2.0,4.0
4792,479225,13.0,13.0,,M,False,False,True,False,False,False,1.0,2.0,4.0
4792,479226,12.0,12.0,,F,False,False,True,False,False,False,1.0,2.0,4.0
4792,479227,9.0,9.0,,F,True,False,False,False,True,False,1.0,2.0,4.0
4792,479228,47.0,45.0,50.0,M,False,False,True,False,False,False,1.0,2.0,3.0
4792,479229,12.0,12.0,,M,False,False,True,False,False,False,1.0,1.0,4.0
4793,479301,30.0,30.0,,M,True,False,False,False,False,False,1.0,1.0,5.0
4793,479302,14.0,14.0,,F,False,False,True,False,False,False,2.0,1.0,4.0
4793,479303,14.0,14.0,,M,False,False,True,False,False,False,1.0,1.0,4.0
4793,479304,14.0,14.0,,F,False,False,True,False,False,False,1.0,2.0,4.0
4793,479305,14.0,14.0,,M,False,False,True,False,False,False,1.0,1.0,4.0
4793,479306,14.0,14.0,,M,False,False,True,False,False,False,1.0,1.0,4.0
4793,479307,32.0,32.0,,F,True,False,False,False,False,False,1.0,1.0,5.0
4793,479308,13.0,13.0,,M,False,False,True,False,False,False,1.0,1.0,4.0
4794,479401,42.0,40.0,45.0,M,False,False,True,False,False,False,1.0,2.0,3.0
4794,479402,14.0,14.0,15.0,M,False,False,True,False,False,False,1.0,1.0,4.0
4794,479403,15.0,15.0,,M,False,False,True,False,False,False,1.0,1.0,2.0
4794,479404,15.0,15.0,,M,False,False,True,False,False,False,1.0,1.0,4.0
4794,479405,15.0,15.0,,M,False,False,True,False,False,False,1.0,2.0,4.0
4794,479406,12.0,12.0,13.0,M,False,False,True,False,False,False,1.0,2.0,1.0
4794,479407,16.0,16.0,,M,False,False,True,False,False,False,1.0,2.0,3.0
4794,479408,15.0,15.0,,F,False,False,True,False,False,False,1.0,1.0,4.0
4794,479409,15.0,15.0,,F,False,False,True,False,False,False,1.0,1.0,4.0
4794,479410,15.0,15.0,,M,False,False,True,False,False,False,1.0,2.0,3.0
4794,479411,14.0,14.0,15.0,F,False,False,True,False,False,False,1.0,2.0,3.0
4794,479412,15.0,15.0,,M,False,False,True,False,False,False,1.0,2.0,4.0
4794,479413,15.0,15.0,,M,False,False,True,False,False,False,1.0,,3.0
4794,479414,15.0,15.0,,M,False,False,True,False,False,False,1.0,1.0,5.0
4794,479415,15.0,15.0,,F,False,False,True,False,False,False,1.0,1.0,4.0
4794,479416,15.0,15.0,,M,False,False,True,False,False,False,1.0,,4.0
4794,479417,13.0,13.0,,M,False,False,True,False,False,False,1.0,2.0,3.0
4794,479418,15.0,15.0,,M,False,False,True,False,False,False,1.0,1.0,5.0
4794,479419,15.0,15.0,,F,False,False,True,False,False,False,1.0,1.0,5.0
4794,479420,6.0,6.0,,F,True,False,False,False,False,False,1.0,,5.0
4794,479421,38.0,38.0,,F,True,False,False,False,False,False,1.0,1.0,5.0
4794,479422,15.0,15.0,,M,False,False,True,False,False,False,1.0,,5.0
4794,479423,15.0,15.0,,F,False,False,True,False,False,False,1.0,1.0,3.0
4794,479424,14.0,14.0,,F,False,False,True,False,False,False,1.0,2.0,2.0
4794,479425,15.0,15.0,,F,False,False,True,False,False,False,1.0,1.0,4.0
4794,479426,15.0,15.0,,F,False,False,True,False,False,False,1.0,1.0,4.0
4794,479427,15.0,15.0,,F,False,False,True,False,False,False,1.0,1.0,4.0
4794,479428,15.0,15.0,,M,False,False,True,False,False,False,1.0,2.0,3.0
4794,479429,15.0,15.0,,M,False,False,True,False,False,False,1.0,1.0,2.0
4795,479501,12.0,12.0,13.0,F,True,False,False,False,False,False,1.0,2.0,5.0
4795,479502,47.0,45.0,50.0,M,False,True,False,False,False,False,5.0,2.0,1.0
4795,479503,45.0,40.0,50.0,M,False,True,False,False,False,False,5.0,2.0,1.0
4795,479504,22.0,20.0,25.0,F,False,True,False,False,False,False,2.0,2.0,1.0
4795,479505,31.0,30.0,33.0,F,False,False,False,False,True,False,5.0,1.0,2.0
4795,479506,35.0,30.0,40.0,M,True,False,False,False,False,False,1.0,2.0,5.0
4795,479507,32.0,30.0,35.0,F,True,False,False,False,False,False,1.0,1.0,5.0
4795,479508,9.0,8.0,10.0,F,True,False,False,False,False,False,1.0,2.0,5.0
4795,479509,6.0,5.0,8.0,F,True,False,False,False,False,False,1.0,2.0,5.0
4796,479601,16.0,16.0,,F,False,False,True,False,False,False,2.0,2.0,3.0
4796,479602,15.0,15.0,,M,False,False,True,False,False,False,1.0,2.0,4.0
4796,479603,16.0,16.0,,M,False,False,True,False,False,False,1.0,2.0,4.0
4796,479604,16.0,16.0,,M,False,False,True,False,False,False,1.0,2.0,4.0
4796,479605,16.0,16.0,,M,False,False,True,False,False,False,2.0,1.0,4.0
4796,479606,16.0,16.0,,M,False,False,True,False,False,False,1.0,,4.0
4796,479607,16.0,16.0,,M,False,False,True,False,False,False,1.0,2.0,4.0
4796,479608,15.0,15.0,,F,False,False,True,False,False,False,1.0,1.0,4.0
4796,479609,16.0,16.0,,M,False,False,True,False,False,False,2.0,2.0,4.0
4796,479610,53.0,53.0,,F,False,False,False,False,False,True,2.0,2.0,2.0
4796,479611,16.0,16.0,,F,False,False,False,False,False,True,2.0,1.0,3.0
4796,479612,16.0,16.0,,F,False,False,True,False,False,False,1.0,2.0,4.0
4796,479613,16.0,16.0,,F,False,False,True,False,False,False,2.0,2.0,3.0
4796,479614,16.0,16.0,,M,False,False,True,False,False,False,1.0,1.0,4.0
4796,479615,43.0,43.0,,F,True,False,False,False,False,False,1.0,1.0,5.0
4796,479616,45.0,45.0,,M,True,False,False,False,False,False,1.0,1.0,5.0
4796,479617,9.0,9.0,,F,True,False,False,False,False,False,1.0,2.0,5.0
4796,479618,15.0,15.0,,F,False,False,True,False,False,False,2.0,2.0,3.0
4796,479619,13.0,13.0,,F,True,False,False,False,False,False,1.0,2.0,5.0
4796,479620,16.0,16.0,,F,False,False,True,False,False,False,1.0,2.0,4.0
4796,479621,13.0,13.0,,F,False,False,True,False,False,False,2.0,2.0,1.0
4796,479622,15.0,15.0,,F,False,False,True,False,False,False,1.0,2.0,3.0
4796,479623,16.0,16.0,,F,False,False,True,False,False,False,1.0,2.0,3.0
4796,479624,16.0,16.0,,F,False,False,True,False,False,False,1.0,2.0,3.0
4796,479625,15.0,15.0,,F,False,False,True,False,False,False,1.0,1.0,3.0
4796,479626,16.0,16.0,,M,False,False,True,False,False,False,1.0,2.0,4.0
4796,479627,16.0,16.0,,F,False,False,True,False,False,False,1.0,1.0,4.0
4796,479628,16.0,16.0,,F,False,False,True,False,False,False,1.0,1.0,4.0
4796,479629,16.0,16.0,,F,False,False,True,False,False,False,1.0,1.0,3.0
4797,479701,4.0,4.0,,F,False,False,False,False,True,False,3.0,1.0,4.0
4797,479702,33.0,30.0,36.0,F,False,False,True,False,False,False,3.0,1.0,2.0
4797,479703,35.0,30.0,40.0,F,False,False,True,False,False,False,1.0,1.0,3.0
4797,479704,35.0,30.0,40.0,F,False,False,True,False,False,False,1.0,2.0,3.0
4797,479705,9.0,9.0,,F,True,False,False,False,False,False,2.0,2.0,3.0
4797,479706,5.0,5.0,,M,True,False,False,False,False,False,2.0,2.0,1.0
4797,479707,32.0,30.0,35.0,F,True,False,False,False,False,False,2.0,2.0,1.0
4797,479708,42.0,39.0,45.0,F,True,False,False,False,False,False,2.0,2.0,1.0
4797,479709,1.0,1.0,,M,False,False,False,True,True,False,3.0,1.0,4.0
4797,479710,64.0,64.0,,M,True,False,False,False,False,False,2.0,1.0,4.0
4797,479711,6.0,6.0,,F,False,False,False,False,True,False,3.0,1.0,4.0
4797,479712,37.0,37.0,,F,False,False,False,False,True,False,3.0,2.0,4.0
4797,479713,34.0,33.0,36.0,F,False,False,True,False,False,False,1.0,1.0,5.0
4797,479714,7.0,7.0,8.0,M,False,False,True,False,False,False,1.0,1.0,5.0
4797,479715,37.0,37.0,,F,False,False,False,True,True,False,3.0,2.0,4.0
4797,479716,42.0,42.0,,M,True,False,False,False,False,False,1.0,1.0,3.0
4797,479717,3.0,3.0,,M,True,False,False,True,True,False,1.0,1.0,5.0
4797,479718,5.0,5.0,,F,True,False,False,True,True,False,1.0,1.0,5.0
4797,479719,7.0,7.0,8.0,M,False,False,True,False,False,False,1.0,1.0,5.0
4797,479720,38.0,38.0,,F,True,False,False,True,True,False,1.0,1.0,5.0
4797,479721,7.0,7.0,8.0,M,False,False,True,False,False,False,1.0,1.0,5.0
4797,479722,7.0,7.0,8.0,F,False,False,True,False,False,False,1.0,1.0,5.0
4797,479723,7.0,7.0,8.0,F,False,False,True,False,False,False,1.0,1.0,5.0
4797,479724,7.0,7.0,8.0,F,False,False,True,False,False,False,1.0,1.0,5.0
4797,479725,7.0,7.0,8.0,M,False,False,True,False,False,False,1.0,1.0,5.0
4797,479726,7.0,7.0,8.0,M,False,False,True,False,False,False,1.0,1.0,5.0
4797,479727,7.0,7.0,8.0,M,False,False,True,False,False,False,1.0,1.0,5.0
4797,479728,10.0,10.0,,F,True,False,True,True,True,False,1.0,1.0,5.0
4798,479801,16.0,16.0,,F,True,False,True,False,False,False,1.0,1.0,5.0
4798,479802,8.0,8.0,,M,True,False,False,False,False,True,1.0,2.0,5.0
4798,479803,15.0,15.0,,M,False,False,True,False,False,False,2.0,2.0,4.0
4798,479804,16.0,16.0,,F,False,False,True,False,False,False,2.0,1.0,3.0
4798,479805,41.0,41.0,,M,True,True,False,False,False,True,1.0,1.0,5.0
4798,479806,27.0,25.0,30.0,M,False,False,False,False,False,False,,2.0,
4798,479807,18.0,18.0,,F,True,False,False,False,False,False,2.0,2.0,4.0
4798,479808,22.0,20.0,25.0,M,True,False,False,False,False,False,3.0,2.0,3.0
4798,479809,41.0,41.0,,F,True,True,False,False,False,True,1.0,1.0,5.0
4798,479810,15.0,15.0,,M,True,False,True,False,False,False,1.0,2.0,4.0
4798,479811,16.0,16.0,,F,False,False,True,False,False,False,2.0,2.0,3.0
4798,479812,16.0,16.0,,F,True,False,True,False,False,False,1.0,2.0,4.0
4798,479813,16.0,16.0,,M,False,False,True,False,False,False,1.0,2.0,4.0
4798,479814,16.0,16.0,,F,True,False,True,False,False,False,1.0,1.0,5.0
4798,479815,16.0,16.0,,M,False,False,True,False,False,False,1.0,1.0,4.0
4798,479816,16.0,16.0,,M,False,False,True,False,False,False,1.0,1.0,4.0
4798,479817,14.0,14.0,,M,True,False,True,False,False,True,1.0,1.0,5.0
4799,479901,9.0,9.0,,F,False,False,True,False,False,False,1.0,2.0,5.0
4799,479902,9.0,9.0,,F,False,False,True,False,False,False,1.0,2.0,5.0
4799,479903,8.0,8.0,,F,False,False,True,False,False,False,1.0,2.0,5.0
4799,479904,9.0,9.0,,M,False,False,True,False,False,False,1.0,2.0,5.0
4799,479905,8.0,8.0,,F,False,False,True,False,False,False,1.0,1.0,5.0
4799,479906,8.0,8.0,,F,False,False,True,False,False,False,1.0,1.0,5.0
4799,479907,8.0,8.0,,F,False,False,True,False,False,False,1.0,2.0,5.0
4799,479908,8.0,8.0,,F,False,False,True,False,False,False,1.0,2.0,5.0
4799,479909,34.0,34.0,,M,True,False,False,False,True,False,2.0,1.0,4.0
4799,479910,8.0,8.0,,M,False,False,True,False,False,False,1.0,2.0,5.0
4799,479911,24.0,24.0,,F,True,False,False,False,False,False,2.0,1.0,4.0
4799,479912,8.0,8.0,,M,False,False,True,False,False,False,1.0,2.0,5.0
4799,479913,40.0,40.0,,F,True,False,False,True,False,False,1.0,1.0,2.0
4799,479914,8.0,8.0,,M,False,False,True,False,False,False,1.0,1.0,5.0
4799,479915,32.0,32.0,,F,False,False,True,False,False,False,1.0,2.0,5.0
4799,479916,7.0,7.0,,F,False,False,True,True,False,False,1.0,1.0,5.0
4799,479917,9.0,9.0,,F,False,False,True,False,False,False,1.0,1.0,5.0
4799,479918,9.0,9.0,,F,False,False,True,False,False,False,1.0,1.0,5.0
4799,479919,45.0,45.0,,M,False,False,True,False,False,False,1.0,2.0,5.0
4799,479920,9.0,9.0,,M,False,False,True,False,False,False,1.0,1.0,5.0
4799,479921,8.0,8.0,,F,False,False,True,False,False,False,1.0,1.0,5.0
4799,479922,9.0,9.0,,F,False,False,True,False,False,False,1.0,2.0,5.0
4799,479923,39.0,39.0,,F,False,False,True,False,False,False,1.0,2.0,5.0
4799,479924,40.0,40.0,,M,False,False,True,False,False,False,1.0,2.0,5.0
4799,479925,42.0,42.0,,F,True,False,False,True,True,True,1.0,1.0,5.0
4800,480001,19.0,19.0,,F,False,False,True,False,False,False,1.0,2.0,5.0
4800,480002,27.0,25.0,30.0,M,False,False,False,False,True,False,3.0,2.0,1.0
4800,480003,22.0,20.0,25.0,F,False,False,False,False,True,False,3.0,1.0,1.0
4800,480004,42.0,40.0,45.0,M,False,False,False,True,False,False,3.0,2.0,1.0
4800,480005,20.0,18.0,23.0,F,False,False,False,False,True,False,5.0,2.0,1.0
4800,480006,22.0,20.0,25.0,F,False,False,False,False,True,False,5.0,2.0,1.0
4800,480007,25.0,25.0,,F,False,False,True,False,False,False,1.0,2.0,4.0
4800,480008,19.0,19.0,,F,False,False,True,False,False,False,1.0,2.0,4.0
4800,480009,19.0,19.0,,F,False,False,True,False,False,False,1.0,2.0,3.0
4800,480010,60.0,60.0,,F,False,False,True,False,False,False,1.0,2.0,3.0
4800,480011,58.0,58.0,,F,True,False,False,False,False,False,1.0,1.0,5.0
4800,480012,50.0,50.0,,M,True,False,False,False,False,False,1.0,2.0,4.0
4800,480013,19.0,19.0,,M,False,False,True,False,False,False,1.0,2.0,4.0
4800,480014,52.0,50.0,55.0,M,False,False,True,False,False,False,1.0,2.0,5.0
4801,480101,30.0,30.0,,M,True,False,False,False,False,False,1.0,1.0,4.0
4801,480102,9.0,9.0,,M,False,False,False,False,True,False,1.0,2.0,4.0
4801,480103,30.0,30.0,,F,True,False,False,False,False,False,1.0,1.0,4.0
4801,480104,8.0,8.0,,M,False,False,False,False,True,False,1.0,2.0,4.0
4801,480105,8.0,8.0,,M,False,False,False,False,True,False,1.0,2.0,4.0
4802,480201,15.0,15.0,,M,False,False,False,False,True,False,5.0,2.0,1.0
4802,480202,8.0,8.0,,M,False,False,False,False,True,False,5.0,1.0,1.0
4802,480203,10.0,10.0,,F,False,False,False,False,True,False,5.0,1.0,1.0
4802,480204,6.0,6.0,,F,False,False,False,False,True,False,5.0,2.0,1.0
4802,480205,12.0,12.0,,F,False,False,False,False,True,False,5.0,1.0,1.0
4802,480206,5.0,5.0,,M,False,False,False,False,True,False,5.0,2.0,1.0
4802,480207,37.0,35.0,40.0,M,False,False,False,False,False,True,5.0,2.0,2.0
4802,480208,27.0,25.0,30.0,F,False,False,False,False,False,True,5.0,2.0,1.0
4802,480209,11.0,11.0,,M,False,False,False,False,True,False,5.0,2.0,1.0
4802,480210,4.0,4.0,,M,False,False,False,False,True,False,5.0,2.0,1.0
4802,480211,41.0,41.0,,M,False,False,False,False,True,False,1.0,1.0,5.0
4802,480212,39.0,39.0,,F,False,False,False,False,True,False,1.0,1.0,5.0
4802,480213,13.0,13.0,,F,False,False,False,False,True,False,1.0,1.0,5.0
4802,480214,11.0,11.0,,M,False,False,False,False,True,False,1.0,1.0,5.0
4802,480215,10.0,10.0,,F,False,False,False,False,True,False,1.0,1.0,5.0
4802,480216,15.0,15.0,,M,False,False,False,False,True,False,5.0,1.0,1.0
4803,480301,13.0,13.0,,F,True,False,False,False,False,False,1.0,2.0,3.0
4803,480302,10.0,10.0,,M,True,False,False,False,False,False,1.0,2.0,5.0
4803,480303,9.0,9.0,,M,True,False,False,False,False,False,1.0,2.0,5.0
4803,480304,15.0,15.0,,M,True,False,False,False,False,False,1.0,2.0,5.0
4803,480305,31.0,31.0,,F,True,False,False,False,False,False,1.0,2.0,5.0
4803,480306,31.0,31.0,,F,True,False,False,False,False,False,2.0,2.0,5.0
4803,480307,12.0,12.0,,M,False,False,True,False,False,False,1.0,2.0,2.0
4803,480308,34.0,34.0,,F,True,False,False,False,False,False,1.0,2.0,5.0
4803,480309,62.0,62.0,,F,True,False,False,False,False,False,1.0,2.0,5.0
4803,480310,12.0,12.0,,F,False,False,True,False,False,False,1.0,2.0,5.0
4803,480311,13.0,13.0,,F,False,False,True,False,False,False,1.0,2.0,2.0
4803,480312,12.0,12.0,,F,False,False,True,False,False,False,1.0,2.0,2.0
4803,480313,13.0,13.0,,M,False,False,True,False,False,False,1.0,2.0,2.0
4804,480401,3.0,3.0,,M,False,False,False,False,False,True,2.0,1.0,3.0
4804,480402,2.0,2.0,,M,True,False,False,False,False,True,1.0,1.0,5.0
4804,480403,25.0,25.0,,M,False,False,False,False,False,True,2.0,2.0,1.0
4804,480404,26.0,26.0,,F,False,False,False,False,True,True,1.0,1.0,2.0
4804,480405,10.0,10.0,,M,True,False,False,False,True,False,1.0,1.0,4.0
4804,480406,8.0,8.0,,M,True,False,False,False,True,False,1.0,1.0,4.0
4804,480407,41.0,41.0,,M,False,False,False,False,False,True,3.0,1.0,2.0
4804,480408,12.0,12.0,,M,True,False,False,False,True,True,2.0,1.0,4.0
4804,480409,27.0,27.0,,F,True,False,False,False,False,False,4.0,1.0,4.0
4804,480410,35.0,35.0,,F,True,False,False,True,False,True,1.0,1.0,5.0
4804,480411,41.0,41.0,,M,True,False,False,True,False,False,1.0,1.0,5.0
4804,480412,40.0,40.0,,F,False,False,False,False,False,True,2.0,1.0,2.0
4805,480501,32.0,32.0,,F,False,False,False,False,False,True,2.0,2.0,1.0
4805,480502,70.0,70.0,,M,False,False,False,False,False,True,5.0,2.0,1.0
4805,480503,50.0,50.0,,M,False,False,False,False,False,True,5.0,2.0,1.0
4805,480504,22.0,22.0,,M,False,False,False,False,False,True,5.0,2.0,1.0
4805,480505,30.0,30.0,,M,False,False,False,True,False,True,5.0,2.0,1.0
4805,480506,20.0,20.0,,M,False,False,False,True,False,False,5.0,2.0,1.0
4805,480507,32.0,32.0,,F,False,False,False,False,False,True,2.0,2.0,2.0
4805,480508,14.0,14.0,,M,False,False,False,False,False,True,1.0,2.0,4.0
4805,480509,1.0,1.0,,F,True,False,False,False,False,False,1.0,1.0,5.0
4805,480510,3.0,3.0,,F,True,False,False,False,False,False,1.0,1.0,5.0
4805,480511,27.0,27.0,,M,True,False,False,False,False,False,1.0,1.0,5.0
4805,480512,36.0,36.0,,F,True,False,False,False,False,False,1.0,1.0,5.0
4805,480513,40.0,40.0,,M,False,False,False,False,False,True,3.0,2.0,1.0
4806,480601,36.0,36.0,,F,True,False,False,False,False,True,,2.0,5.0
4806,480602,9.0,9.0,,F,True,False,False,False,False,False,1.0,1.0,5.0
4806,480603,39.0,39.0,,M,True,False,False,False,False,True,,1.0,5.0
4806,480604,0.0,0.0,,F,True,False,False,False,False,True,1.0,1.0,
4806,480605,16.0,16.0,,,True,False,False,False,False,True,,1.0,5.0
4806,480606,17.0,17.0,,F,True,False,False,False,False,True,,1.0,5.0
4806,480607,19.0,19.0,,M,True,False,False,False,False,True,,2.0,5.0
4806,480608,11.0,11.0,,F,True,False,False,False,False,False,1.0,1.0,5.0
4806,480609,13.0,13.0,,M,False,False,False,False,False,True,2.0,2.0,5.0
4806,480610,42.0,42.0,,F,True,False,False,False,False,False,1.0,1.0,5.0
4806,480611,12.0,12.0,,F,False,False,False,False,False,True,1.0,1.0,4.0
4806,480612,12.0,12.0,,F,False,False,False,False,False,True,1.0,1.0,5.0
4806,480613,16.0,16.0,,F,True,False,True,True,False,False,1.0,1.0,5.0
4807,480701,3.0,3.0,4.0,M,False,False,False,False,False,True,5.0,2.0,2.0
4807,480702,28.0,28.0,,F,False,False,False,False,False,True,1.0,1.0,2.0
4807,480703,5.0,5.0,,M,False,False,False,False,False,True,1.0,2.0,2.0
4807,480704,38.0,38.0,,F,False,False,False,False,False,True,2.0,2.0,3.0
4807,480705,13.0,13.0,14.0,F,False,False,False,False,False,True,5.0,1.0,2.0
4807,480706,6.0,6.0,7.0,F,False,False,False,False,False,True,5.0,2.0,2.0
4807,480707,33.0,30.0,36.0,F,False,False,False,False,False,True,5.0,2.0,2.0
4807,480708,4.0,4.0,5.0,M,False,False,False,False,False,True,5.0,2.0,1.0
4807,480709,6.0,6.0,,F,False,False,False,False,False,True,1.0,2.0,2.0
4807,480710,1.0,1.0,,F,False,False,False,False,False,True,5.0,1.0,2.0
4807,480711,21.0,21.0,,F,False,False,False,False,False,True,5.0,2.0,1.0
4807,480712,15.0,15.0,16.0,M,False,False,False,False,False,True,5.0,2.0,3.0
4807,480713,31.0,31.0,32.0,M,False,False,False,False,False,True,2.0,1.0,2.0
4807,480714,7.0,7.0,8.0,F,False,False,False,False,False,True,5.0,2.0,1.0
4807,480715,29.0,29.0,,F,False,False,False,False,False,True,2.0,2.0,4.0
4807,480716,40.0,40.0,,M,False,False,False,False,False,True,2.0,2.0,3.0
4807,480717,32.0,30.0,35.0,F,False,False,False,False,False,True,5.0,2.0,2.0
4807,480718,33.0,33.0,,F,True,False,False,False,False,False,1.0,1.0,5.0
4807,480719,14.0,14.0,,F,True,False,False,False,False,False,1.0,1.0,5.0
4807,480720,1.0,1.0,,F,True,False,False,False,False,False,1.0,1.0,5.0
4807,480721,26.0,26.0,,M,False,False,False,False,False,True,2.0,2.0,4.0
4807,480722,8.0,8.0,,F,False,False,False,False,False,True,2.0,1.0,4.0
4807,480723,7.0,7.0,,M,False,False,False,False,False,True,2.0,2.0,4.0
4807,480724,5.0,5.0,,M,False,False,False,False,False,True,2.0,2.0,4.0
4807,480725,1.0,1.0,,M,False,False,False,False,False,True,2.0,1.0,4.0
4807,480726,7.0,7.0,8.0,F,False,False,False,False,False,True,2.0,2.0,3.0
4807,480727,5.0,5.0,6.0,M,False,False,False,False,False,True,5.0,2.0,2.0
4807,480728,20.0,19.0,21.0,M,False,False,False,False,False,True,5.0,2.0,1.0
4807,480729,16.0,16.0,,M,True,False,False,False,False,False,1.0,1.0,5.0
4808,480801,9.0,9.0,,M,False,False,True,False,False,False,1.0,2.0,5.0
4808,480802,32.0,30.0,35.0,F,True,False,True,False,False,False,1.0,2.0,4.0
4808,480803,36.0,36.0,,F,True,False,True,False,False,False,1.0,2.0,2.0
4808,480804,60.0,60.0,,F,True,False,False,False,False,False,1.0,2.0,1.0
4808,480805,22.0,20.0,25.0,F,False,False,True,False,False,False,1.0,2.0,5.0
4808,480806,37.0,35.0,40.0,M,False,False,True,False,False,False,1.0,2.0,3.0
4808,480807,9.0,9.0,,M,False,False,True,False,False,False,1.0,2.0,5.0
4808,480808,10.0,10.0,,F,False,False,True,False,False,False,1.0,2.0,5.0
4808,480809,9.0,9.0,,F,False,False,True,False,False,False,1.0,2.0,5.0
4808,480810,10.0,10.0,,F,False,False,True,False,False,False,1.0,2.0,5.0
4808,480811,10.0,10.0,,M,False,False,True,False,False,False,1.0,2.0,5.0
4808,480812,42.0,40.0,45.0,F,False,False,True,False,False,False,1.0,2.0,3.0
4808,480813,39.0,39.0,,M,True,False,False,False,True,False,1.0,2.0,5.0
4808,480814,42.0,42.0,,F,True,False,True,False,False,False,1.0,2.0,4.0
4808,480815,9.0,9.0,,M,True,False,False,False,False,False,1.0,2.0,4.0
4808,480816,10.0,10.0,,M,False,False,True,False,False,True,1.0,2.0,5.0
4808,480817,3.0,3.0,,F,True,False,False,False,False,False,1.0,2.0,4.0
4808,480818,2.0,2.0,,F,True,False,False,False,False,False,1.0,2.0,4.0
4808,480819,42.0,42.0,,F,True,False,False,False,False,False,1.0,2.0,5.0
4808,480820,12.0,12.0,,F,True,False,False,False,False,False,1.0,2.0,5.0
4808,480821,10.0,10.0,,M,False,False,True,False,False,True,1.0,2.0,5.0
4808,480822,10.0,10.0,,F,False,False,True,False,False,False,1.0,2.0,5.0
4808,480823,10.0,10.0,,F,False,False,True,False,False,False,1.0,1.0,5.0
4808,480824,9.0,9.0,,M,False,False,True,False,False,False,1.0,1.0,5.0
4808,480825,10.0,10.0,,M,False,False,True,False,False,True,1.0,2.0,5.0
4808,480826,9.0,9.0,,M,False,False,True,False,False,False,1.0,2.0,5.0
4809,480901,17.0,17.0,,F,False,False,False,False,True,False,2.0,1.0,4.0
4809,480902,16.0,16.0,,M,False,False,False,False,True,False,2.0,1.0,4.0
4809,480903,15.0,15.0,,F,False,False,False,False,True,False,1.0,1.0,4.0
4809,480904,12.0,12.0,,M,False,False,True,False,False,False,1.0,1.0,3.0
4809,480905,13.0,13.0,,F,False,False,True,False,False,False,1.0,1.0,3.0
4809,480906,12.0,12.0,,F,False,False,True,False,False,False,1.0,1.0,4.0
4809,480907,12.0,12.0,,F,False,False,True,False,False,False,1.0,1.0,4.0
4809,480908,17.0,17.0,,F,False,False,False,False,True,False,2.0,2.0,4.0
4809,480909,16.0,16.0,,M,False,False,False,False,True,False,2.0,1.0,4.0
4809,480910,12.0,12.0,,F,False,False,True,False,False,False,1.0,2.0,3.0
4809,480911,14.0,14.0,,F,False,False,False,False,True,False,2.0,2.0,4.0
4809,480912,13.0,13.0,,F,False,False,True,False,False,False,1.0,2.0,3.0
4809,480913,44.0,44.0,,M,True,False,False,False,False,False,1.0,1.0,4.0
4809,480914,13.0,13.0,,F,False,False,True,False,False,False,1.0,1.0,3.0
4809,480915,15.0,15.0,,M,False,False,False,False,True,False,2.0,2.0,4.0
4809,480916,12.0,12.0,,M,False,False,True,False,False,False,1.0,1.0,3.0
4809,480917,13.0,13.0,,F,False,False,True,False,False,False,1.0,1.0,3.0
4809,480918,12.0,12.0,,F,False,False,True,False,False,False,1.0,1.0,4.0
4809,480919,40.0,40.0,,F,True,False,False,False,False,False,1.0,1.0,4.0
4809,480920,15.0,15.0,,M,True,False,False,False,False,False,1.0,1.0,4.0
4809,480921,13.0,13.0,,F,False,False,True,False,False,False,1.0,1.0,4.0
4810,481001,17.0,17.0,,F,True,False,False,False,False,False,1.0,1.0,4.0
4810,481002,38.0,38.0,,F,True,False,False,False,False,False,,2.0,4.0
4810,481003,41.0,41.0,,M,True,False,False,False,False,False,,2.0,4.0
4810,481004,17.0,17.0,,F,False,False,False,False,True,False,1.0,,5.0
4810,481005,17.0,17.0,,F,False,False,False,False,True,False,1.0,,5.0
4811,481101,18.0,18.0,,M,False,False,False,False,True,False,1.0,2.0,5.0
4811,481102,18.0,18.0,,M,False,False,False,False,True,False,1.0,2.0,5.0
4811,481103,18.0,18.0,,M,False,False,False,False,True,False,1.0,2.0,5.0
4811,481104,65.0,65.0,,F,True,False,False,False,False,False,1.0,2.0,4.0
4811,481105,68.0,68.0,,M,True,False,False,False,False,False,1.0,2.0,4.0
4811,481106,18.0,18.0,,M,False,False,False,False,True,False,1.0,2.0,5.0
4812,481201,32.0,30.0,35.0,M,False,False,False,False,False,True,2.0,2.0,1.0
4812,481202,27.0,25.0,30.0,F,False,False,False,False,False,True,3.0,2.0,2.0
4812,481203,10.0,10.0,,M,True,False,False,False,False,False,1.0,1.0,4.0
4812,481204,7.0,7.0,,F,True,False,False,False,False,False,1.0,1.0,5.0
4812,481205,31.0,31.0,,M,True,False,False,False,False,False,1.0,1.0,5.0
4812,481206,28.0,28.0,,F,True,False,False,False,False,False,1.0,1.0,5.0
4812,481207,2.0,2.0,,M,False,False,False,False,False,True,3.0,1.0,2.0
4813,481301,65.0,65.0,,F,True,False,False,False,False,False,1.0,2.0,2.0
4813,481302,47.0,45.0,50.0,F,False,True,False,False,False,False,2.0,1.0,3.0
4813,481303,18.0,18.0,,M,False,True,False,False,False,False,1.0,2.0,2.0
4813,481304,17.0,17.0,,M,True,False,False,False,False,False,1.0,1.0,4.0
4813,481305,52.0,50.0,55.0,F,False,True,False,False,False,False,3.0,1.0,4.0
4813,481306,68.0,68.0,,M,True,False,False,False,False,False,1.0,2.0,2.0
4813,481307,36.0,36.0,,F,False,True,False,False,False,False,2.0,2.0,3.0
4813,481308,7.0,5.0,10.0,F,False,True,False,False,False,False,4.0,1.0,3.0
4813,481309,52.0,50.0,55.0,F,False,True,False,False,False,False,2.0,,3.0
4813,481310,67.0,65.0,70.0,F,False,True,False,False,False,False,2.0,1.0,4.0
4813,481311,72.0,70.0,75.0,F,False,True,False,False,False,False,3.0,1.0,3.0
4813,481312,32.0,30.0,35.0,M,False,False,False,False,False,True,1.0,2.0,2.0
4813,481313,10.0,10.0,,F,True,False,False,False,False,False,1.0,1.0,3.0
4813,481314,7.0,7.0,,M,True,False,False,False,False,False,1.0,1.0,3.0
4813,481315,39.0,39.0,,F,True,False,False,False,False,False,1.0,2.0,3.0
4813,481316,24.0,24.0,,F,False,True,False,False,False,False,1.0,1.0,5.0
4813,481317,37.0,37.0,,M,True,False,False,False,False,False,1.0,2.0,3.0
4813,481318,37.0,35.0,40.0,F,False,True,False,False,False,False,2.0,1.0,3.0
4814,481401,15.0,15.0,,F,False,False,False,False,True,False,1.0,1.0,5.0
4814,481402,21.0,21.0,,M,False,False,False,False,True,False,3.0,2.0,5.0
4814,481403,19.0,19.0,,F,False,False,False,False,True,False,1.0,1.0,5.0
4814,481404,12.0,12.0,,F,False,False,False,False,True,False,1.0,1.0,5.0
4814,481405,13.0,13.0,,F,False,False,False,False,True,False,1.0,1.0,5.0
4814,481406,17.0,17.0,,F,False,False,False,False,True,False,1.0,1.0,5.0
4814,481407,16.0,16.0,,F,False,False,False,False,True,False,1.0,1.0,5.0
4814,481408,15.0,15.0,,F,True,False,False,False,False,False,2.0,,4.0
4814,481409,19.0,19.0,,M,False,False,False,False,True,False,3.0,2.0,5.0
4814,481410,16.0,16.0,,F,False,False,False,False,True,False,1.0,1.0,5.0
4814,481411,15.0,15.0,,F,False,False,False,False,True,False,1.0,1.0,5.0
4814,481412,37.0,35.0,40.0,F,True,False,False,False,False,False,1.0,2.0,3.0
4814,481413,12.0,12.0,,M,True,False,False,False,False,False,1.0,1.0,5.0
4814,481414,16.0,16.0,,M,True,False,False,False,False,False,1.0,,5.0
4814,481415,13.0,13.0,,M,True,False,False,False,False,False,1.0,1.0,5.0
4814,481416,14.0,14.0,,F,False,False,False,False,True,False,1.0,1.0,5.0
4814,481417,42.0,40.0,45.0,M,False,False,False,False,False,True,2.0,2.0,1.0
4814,481418,37.0,35.0,40.0,M,True,False,False,False,False,False,1.0,1.0,
4814,481419,16.0,16.0,,F,True,False,False,False,False,False,2.0,,4.0
4815,481501,16.0,16.0,,F,False,False,False,False,True,False,1.0,1.0,4.0
4815,481502,17.0,17.0,,F,False,False,False,False,True,False,1.0,,5.0
4815,481503,14.0,14.0,,M,True,False,False,False,False,False,1.0,1.0,
4815,481504,16.0,16.0,,F,True,False,False,False,False,False,1.0,1.0,4.0
4815,481505,15.0,15.0,,F,True,False,False,False,False,False,1.0,2.0,4.0
4815,481506,15.0,15.0,,F,True,False,False,False,False,False,1.0,1.0,4.0
4815,481507,14.0,14.0,,M,False,False,True,False,False,False,1.0,1.0,1.0
4815,481508,15.0,15.0,,F,False,False,True,False,False,False,1.0,1.0,1.0
4815,481509,15.0,15.0,,M,False,False,True,False,False,False,1.0,2.0,1.0
4815,481510,16.0,16.0,,M,False,False,True,False,False,False,1.0,1.0,2.0
4815,481511,15.0,15.0,,M,False,False,True,False,False,False,1.0,1.0,2.0
4815,481512,14.0,14.0,,M,False,False,True,False,False,False,1.0,1.0,3.0
4815,481513,15.0,15.0,,M,False,False,False,False,True,False,2.0,2.0,4.0
4815,481514,14.0,14.0,,M,False,False,False,True,False,False,3.0,2.0,2.0
4815,481515,14.0,14.0,,F,True,False,False,False,False,False,1.0,1.0,4.0
4815,481516,13.0,13.0,,M,True,False,False,False,False,False,1.0,1.0,5.0
4815,481517,16.0,16.0,,M,True,False,False,False,False,False,1.0,1.0,5.0
4815,481518,15.0,15.0,,F,False,False,False,False,True,False,1.0,2.0,4.0
4815,481519,17.0,17.0,,F,True,False,False,False,False,False,2.0,1.0,3.0
4815,481520,16.0,16.0,,M,False,False,False,False,True,False,2.0,1.0,1.0
4815,481521,16.0,16.0,,F,True,False,False,False,False,False,1.0,1.0,5.0
4815,481522,18.0,18.0,,M,False,False,False,False,True,False,4.0,2.0,2.0
4815,481523,16.0,16.0,,F,True,False,False,False,False,False,3.0,1.0,2.0
4815,481524,16.0,16.0,,M,False,False,False,False,False,True,2.0,2.0,
4815,481525,21.0,21.0,,M,False,False,False,True,False,False,5.0,2.0,2.0
4815,481526,17.0,17.0,,F,False,False,True,False,False,False,1.0,1.0,2.0
4815,481527,16.0,16.0,,F,True,False,False,False,False,False,2.0,2.0,1.0
4816,481601,43.0,41.0,45.0,M,False,False,False,False,True,False,2.0,,3.0
4816,481602,10.0,10.0,,M,False,False,False,True,False,False,1.0,2.0,3.0
4816,481603,51.0,50.0,53.0,F,False,False,False,True,False,False,4.0,2.0,4.0
4816,481604,42.0,40.0,45.0,M,False,False,True,False,False,False,2.0,2.0,
4816,481605,62.0,60.0,65.0,M,False,True,False,False,False,False,3.0,1.0,3.0
4816,481606,57.0,55.0,60.0,F,False,False,False,True,False,False,,2.0,2.0
4816,481607,67.0,65.0,70.0,M,False,False,False,False,False,True,3.0,1.0,2.0
4816,481608,37.0,35.0,40.0,M,False,False,False,True,False,False,2.0,2.0,3.0
4816,481609,31.0,30.0,33.0,F,True,False,False,False,False,False,1.0,1.0,5.0
4816,481610,19.0,19.0,20.0,F,False,False,False,False,False,True,,1.0,2.0
4816,481611,27.0,25.0,30.0,M,False,False,False,False,True,False,1.0,2.0,4.0
4817,481701,15.0,14.0,16.0,M,False,False,True,False,False,False,2.0,2.0,2.0
4817,481702,44.0,42.0,47.0,F,True,False,False,False,False,False,2.0,2.0,1.0
4817,481703,18.0,17.0,20.0,M,False,False,True,False,False,False,2.0,1.0,2.0
4817,481704,62.0,60.0,65.0,F,True,False,False,False,False,False,1.0,2.0,1.0
4817,481705,16.0,16.0,,F,False,False,True,False,False,False,2.0,2.0,1.0
4817,481706,12.0,12.0,,F,True,False,False,False,False,False,1.0,1.0,2.0
4817,481707,16.0,15.0,18.0,F,False,False,True,False,False,False,2.0,2.0,1.0
4817,481708,22.0,20.0,25.0,F,True,False,False,False,False,False,1.0,,1.0
4817,481709,18.0,18.0,,F,False,False,True,False,False,False,1.0,1.0,2.0
4817,481710,57.0,55.0,60.0,M,True,False,False,False,False,False,3.0,1.0,2.0
4817,481711,38.0,36.0,40.0,F,False,False,False,False,True,False,4.0,2.0,1.0
4817,481712,32.0,30.0,35.0,M,False,True,False,False,True,False,,2.0,1.0
4817,481713,24.0,23.0,26.0,F,False,False,False,True,False,False,1.0,1.0,2.0
4817,481714,30.0,28.0,32.0,F,True,False,False,False,False,False,3.0,2.0,1.0
4819,481901,9.0,9.0,,M,False,False,True,False,False,False,1.0,2.0,5.0
4819,481902,9.0,9.0,,M,False,False,True,False,False,False,1.0,2.0,5.0
4819,481903,11.0,11.0,,F,False,False,True,False,False,False,2.0,2.0,4.0
4819,481904,9.0,9.0,,M,False,False,True,False,False,False,1.0,1.0,5.0
4819,481905,9.0,9.0,,F,False,False,True,False,False,False,1.0,1.0,5.0
4819,481906,27.0,25.0,30.0,F,False,False,True,False,False,False,1.0,2.0,5.0
4819,481907,11.0,11.0,,M,False,False,True,False,False,False,2.0,2.0,4.0
4819,481908,9.0,9.0,,M,False,False,True,False,False,False,1.0,2.0,
4819,481909,9.0,9.0,,M,False,False,True,False,False,False,1.0,2.0,5.0
4819,481910,9.0,9.0,,M,False,False,True,False,False,False,1.0,2.0,5.0
4819,481911,8.0,8.0,,F,False,False,True,False,False,False,1.0,2.0,5.0
4819,481912,9.0,9.0,,F,False,False,True,False,False,False,1.0,2.0,5.0
4819,481913,62.0,60.0,65.0,M,False,False,False,False,False,True,1.0,1.0,4.0
4819,481914,9.0,9.0,,F,False,False,True,False,False,False,1.0,2.0,5.0
4819,481915,63.0,63.0,,F,False,False,False,False,False,True,1.0,1.0,4.0
4819,481916,34.0,34.0,,M,True,False,False,False,False,False,1.0,1.0,4.0
4819,481917,9.0,9.0,,F,False,False,True,False,False,False,1.0,,5.0
4819,481918,9.0,9.0,,F,False,False,True,False,False,False,1.0,2.0,5.0
4819,481919,33.0,33.0,,F,True,False,False,False,False,False,1.0,1.0,4.0
4819,481920,42.0,40.0,45.0,F,False,False,False,False,False,True,2.0,2.0,3.0
4819,481921,7.0,7.0,,M,False,False,False,False,False,True,2.0,2.0,3.0
4819,481922,6.0,6.0,,M,False,False,False,False,False,True,2.0,2.0,3.0
4819,481923,10.0,10.0,,M,False,False,True,False,False,False,1.0,2.0,3.0
4819,481924,9.0,9.0,,F,False,False,True,False,False,False,1.0,2.0,5.0
4819,481925,9.0,9.0,,F,False,False,True,False,False,False,1.0,2.0,5.0
4819,481926,47.0,45.0,50.0,M,False,False,True,False,False,False,2.0,2.0,4.0
4819,481927,9.0,9.0,,M,False,False,True,False,False,False,1.0,2.0,5.0
4819,481928,9.0,9.0,,F,False,False,True,False,False,False,1.0,2.0,5.0
4819,481929,9.0,9.0,,M,False,False,True,False,False,False,1.0,2.0,5.0
4820,482001,15.0,15.0,,F,False,False,True,False,False,False,1.0,2.0,1.0
4820,482002,16.0,16.0,,F,False,False,True,False,False,False,1.0,2.0,2.0
4820,482003,16.0,16.0,,F,False,False,True,False,False,False,1.0,2.0,3.0
4820,482004,16.0,16.0,,F,False,False,True,False,False,False,1.0,2.0,3.0
4820,482005,32.0,32.0,,F,False,False,True,False,False,False,1.0,2.0,2.0
4820,482006,16.0,16.0,,M,False,False,True,False,False,False,1.0,1.0,3.0
4820,482007,24.0,24.0,,F,False,False,True,False,False,False,1.0,2.0,3.0
4820,482008,16.0,16.0,,M,False,False,True,False,False,False,1.0,1.0,3.0
4820,482009,14.0,14.0,,F,False,False,True,False,False,False,1.0,2.0,1.0
4820,482010,15.0,15.0,,M,False,False,True,False,False,False,1.0,2.0,3.0
4820,482011,16.0,16.0,,F,False,False,True,False,False,False,1.0,2.0,3.0
4820,482012,16.0,16.0,,M,False,False,True,False,False,False,1.0,2.0,3.0
4820,482013,16.0,16.0,,M,False,False,True,False,False,False,1.0,1.0,3.0
4820,482014,16.0,16.0,,M,False,False,True,False,False,False,1.0,1.0,3.0
4820,482015,36.0,36.0,,F,True,False,False,False,False,False,1.0,2.0,1.0
4820,482016,16.0,16.0,,M,False,False,True,False,False,False,1.0,2.0,3.0
4820,482017,15.0,15.0,,M,False,False,True,False,False,False,1.0,1.0,3.0
4820,482018,15.0,15.0,,F,False,False,True,False,False,False,1.0,1.0,3.0
4820,482019,15.0,15.0,,F,False,False,True,False,False,False,1.0,2.0,2.0
4820,482020,29.0,29.0,,F,False,False,True,False,False,False,2.0,2.0,1.0
4820,482021,16.0,16.0,,M,False,False,True,False,False,False,1.0,2.0,4.0
4820,482022,16.0,16.0,,M,False,False,True,False,False,False,1.0,2.0,3.0
4820,482023,16.0,16.0,,M,False,False,True,False,False,False,1.0,2.0,3.0
4820,482024,16.0,16.0,,M,False,False,True,False,False,False,1.0,2.0,4.0
4820,482025,15.0,15.0,,M,False,False,True,False,False,False,1.0,2.0,3.0
4820,482026,16.0,16.0,,M,False,False,True,False,False,False,1.0,2.0,3.0
4820,482027,16.0,16.0,,M,False,False,True,False,False,False,1.0,2.0,3.0
4820,482028,16.0,16.0,,M,False,False,True,False,False,False,1.0,2.0,3.0
4820,482029,15.0,15.0,,F,False,False,True,False,False,False,1.0,1.0,2.0
4821,482101,15.0,15.0,,M,False,False,False,False,True,False,1.0,2.0,5.0
4821,482102,21.0,21.0,,F,True,False,False,False,False,False,1.0,1.0,3.0
4821,482103,16.0,16.0,,F,False,False,False,False,True,False,1.0,2.0,5.0
4821,482104,13.0,13.0,,M,False,False,False,False,True,False,1.0,2.0,5.0
4821,482105,16.0,16.0,,M,False,False,False,False,True,False,1.0,2.0,5.0
4821,482106,57.0,57.0,,M,True,False,False,False,False,False,2.0,2.0,3.0
4821,482107,49.0,49.0,,F,True,False,False,False,False,False,1.0,2.0,4.0
4821,482108,16.0,16.0,,M,True,False,False,False,True,False,1.0,2.0,5.0
4821,482109,16.0,16.0,,M,False,False,False,False,True,False,1.0,2.0,5.0
4821,482110,14.0,14.0,,F,False,False,False,False,True,False,1.0,2.0,5.0
4821,482111,19.0,19.0,,F,True,False,False,False,False,False,1.0,1.0,3.0
4822,482201,16.0,16.0,,M,False,False,False,False,True,False,1.0,2.0,5.0
4822,482202,30.0,30.0,,M,False,True,False,False,False,False,2.0,2.0,2.0
4822,482203,78.0,78.0,,F,True,False,False,False,False,False,2.0,1.0,3.0
4822,482204,16.0,16.0,,F,False,False,False,False,True,False,1.0,2.0,5.0
4822,482205,16.0,16.0,,F,False,False,False,False,True,False,1.0,1.0,5.0
4822,482206,12.0,12.0,,F,True,False,False,False,False,False,1.0,1.0,5.0
4822,482207,42.0,42.0,,M,True,False,False,False,False,False,1.0,1.0,4.0
4822,482208,59.0,59.0,,F,True,False,False,False,False,False,1.0,1.0,5.0
4822,482209,50.0,45.0,55.0,F,False,False,False,False,False,True,1.0,2.0,1.0
4822,482210,17.0,17.0,,M,True,False,False,False,False,False,1.0,2.0,5.0
4823,482301,19.0,19.0,,F,True,False,False,False,False,False,1.0,1.0,5.0
4823,482302,16.0,16.0,,F,False,True,False,False,False,False,1.0,1.0,4.0
4823,482303,16.0,16.0,,F,False,True,False,False,False,False,1.0,2.0,4.0
4823,482304,11.0,11.0,,F,True,False,False,False,False,False,1.0,1.0,5.0
4823,482305,38.0,38.0,,M,True,False,False,False,False,False,1.0,2.0,5.0
4823,482306,41.0,41.0,,F,True,False,False,False,False,False,1.0,1.0,5.0
4823,482307,17.0,17.0,,F,False,True,False,False,False,False,1.0,2.0,4.0
4824,482401,50.0,45.0,55.0,F,True,False,False,False,False,False,1.0,1.0,5.0
4824,482402,28.0,25.0,31.0,M,True,False,False,False,False,False,1.0,1.0,5.0
4824,482403,13.0,12.0,14.0,M,True,False,False,False,False,False,2.0,2.0,2.0
4824,482404,47.0,45.0,50.0,M,True,False,False,False,False,False,2.0,2.0,1.0
4824,482405,50.0,45.0,55.0,F,True,False,False,False,False,False,1.0,2.0,1.0
4824,482406,29.0,26.0,33.0,F,True,False,False,False,False,False,2.0,1.0,3.0
4824,482407,6.0,6.0,,F,True,False,False,False,False,False,1.0,1.0,5.0
4824,482408,10.0,10.0,,F,True,False,False,False,False,False,1.0,1.0,5.0
4824,482409,11.0,11.0,,F,True,False,False,False,False,False,1.0,1.0,5.0
4824,482410,28.0,25.0,31.0,F,True,False,False,False,False,False,1.0,1.0,5.0
4825,482501,60.0,60.0,,F,False,False,False,False,True,False,2.0,1.0,3.0
4825,482502,37.0,35.0,40.0,F,False,False,True,False,False,False,1.0,2.0,4.0
4825,482503,39.0,38.0,40.0,F,False,False,True,False,False,False,2.0,2.0,5.0
4825,482504,11.0,11.0,,F,False,False,True,False,False,False,1.0,1.0,5.0
4825,482505,26.0,25.0,28.0,F,False,False,False,False,False,True,4.0,1.0,2.0
4825,482506,43.0,42.0,45.0,F,False,False,False,False,True,False,2.0,2.0,2.0
4825,482507,51.0,50.0,53.0,M,False,False,False,True,False,False,2.0,2.0,2.0
4825,482508,11.0,11.0,,F,False,False,True,False,False,False,1.0,1.0,5.0
4825,482509,42.0,40.0,45.0,F,False,False,True,False,False,False,1.0,2.0,5.0
4825,482510,10.0,10.0,,F,False,False,True,False,False,False,1.0,1.0,5.0
4825,482511,11.0,11.0,,F,False,False,True,False,False,False,1.0,1.0,5.0
4825,482512,11.0,11.0,,F,False,False,True,False,False,False,1.0,2.0,5.0
4825,482513,48.0,48.0,,F,True,False,False,False,False,False,1.0,1.0,5.0
4825,482514,9.0,9.0,,F,True,False,False,False,False,False,1.0,1.0,5.0
4825,482515,10.0,10.0,,F,False,False,True,False,False,False,1.0,1.0,5.0
4825,482516,47.0,45.0,50.0,F,False,False,False,False,False,True,2.0,2.0,2.0
4826,482601,11.0,11.0,,F,False,False,True,False,False,False,1.0,2.0,2.0
4826,482602,11.0,11.0,,F,False,False,True,False,False,False,1.0,2.0,3.0
4826,482603,10.0,10.0,,M,False,False,True,False,False,False,1.0,2.0,3.0
4826,482604,11.0,11.0,,F,False,False,True,False,False,False,1.0,2.0,3.0
4826,482605,11.0,11.0,,F,False,False,True,False,False,False,1.0,1.0,2.0
4826,482606,11.0,11.0,,F,False,False,True,False,False,False,1.0,2.0,2.0
4826,482607,11.0,11.0,,M,False,False,True,False,False,False,1.0,2.0,2.0
4826,482608,10.0,10.0,,M,False,False,True,False,False,False,1.0,2.0,4.0
4826,482609,11.0,11.0,,F,False,False,True,False,False,False,1.0,2.0,3.0
4826,482610,11.0,11.0,,F,False,False,True,False,False,False,1.0,2.0,3.0
4826,482611,11.0,11.0,,M,False,False,True,False,False,False,1.0,2.0,3.0
4826,482612,11.0,11.0,,F,False,False,True,False,False,False,1.0,2.0,4.0
4826,482613,10.0,10.0,,F,False,False,True,False,False,False,1.0,2.0,2.0
4826,482614,11.0,11.0,,M,False,False,True,False,False,False,1.0,2.0,3.0
4826,482615,38.0,38.0,,M,True,False,False,False,False,False,1.0,2.0,3.0
4826,482616,11.0,11.0,,M,False,False,True,False,False,False,1.0,2.0,4.0
4826,482617,11.0,11.0,,F,False,False,True,False,False,False,1.0,2.0,3.0
4826,482618,36.0,36.0,,F,True,False,False,False,False,False,1.0,2.0,4.0
4826,482619,1.0,1.0,,M,True,False,False,False,False,False,1.0,1.0,3.0
4826,482620,6.0,6.0,,F,True,False,False,False,False,False,1.0,2.0,5.0
4826,482621,2.0,2.0,,F,True,False,False,False,False,False,2.0,2.0,1.0
4826,482622,16.0,16.0,,F,True,False,False,False,False,False,2.0,2.0,2.0
4826,482623,6.0,6.0,,F,True,False,False,False,False,False,2.0,2.0,1.0
4826,482624,11.0,11.0,,F,True,False,False,False,False,False,1.0,2.0,3.0
4826,482625,11.0,11.0,,M,False,False,True,False,False,False,1.0,2.0,2.0
4826,482626,23.0,23.0,,F,True,False,False,False,False,False,2.0,2.0,1.0
4826,482627,3.0,3.0,,M,True,False,False,False,False,False,2.0,2.0,1.0
4826,482628,10.0,10.0,,F,False,False,True,False,False,False,1.0,2.0,3.0
4826,482629,41.0,41.0,,F,True,False,False,False,False,False,2.0,2.0,1.0
4827,482701,43.0,43.0,,M,True,False,False,False,False,False,1.0,1.0,
4827,482702,37.0,35.0,40.0,F,False,False,True,False,False,False,1.0,,1.0
4827,482703,37.0,35.0,40.0,F,False,False,False,True,False,False,1.0,2.0,3.0
4827,482704,11.0,11.0,,M,False,False,True,False,False,False,1.0,2.0,1.0
4827,482705,12.0,12.0,,M,False,False,True,False,False,False,1.0,2.0,3.0
4827,482706,12.0,12.0,,F,False,False,True,False,False,False,1.0,2.0,3.0
4827,482707,42.0,40.0,45.0,F,False,False,True,False,False,False,1.0,2.0,3.0
4827,482708,12.0,12.0,,M,False,False,True,False,False,False,1.0,1.0,3.0
4827,482709,11.0,11.0,,M,True,False,False,False,False,False,1.0,2.0,
4827,482710,12.0,12.0,,F,True,False,False,False,False,False,1.0,1.0,1.0
4827,482711,12.0,12.0,,F,True,False,False,False,False,False,1.0,2.0,
4827,482712,11.0,11.0,,F,False,False,True,False,False,False,1.0,1.0,1.0
4827,482713,12.0,12.0,,F,True,False,False,False,False,False,1.0,2.0,
4827,482714,11.0,11.0,,F,True,False,False,False,False,False,1.0,2.0,1.0
4827,482715,12.0,12.0,,M,False,False,True,False,False,False,1.0,1.0,1.0
4827,482716,12.0,12.0,,F,False,False,False,True,False,False,1.0,2.0,2.0
4827,482717,18.0,18.0,,F,False,False,True,False,False,False,1.0,2.0,1.0
4827,482718,11.0,11.0,,F,False,False,True,False,False,False,1.0,1.0,1.0
4827,482719,29.0,29.0,,F,True,False,False,False,False,False,1.0,2.0,
4827,482720,12.0,12.0,,F,True,False,False,False,False,False,1.0,2.0,2.0
4827,482721,12.0,12.0,,F,False,False,False,True,False,False,1.0,1.0,2.0
4827,482722,12.0,12.0,,F,False,False,True,True,False,False,1.0,2.0,1.0
4827,482723,12.0,12.0,,F,False,False,False,False,False,False,1.0,1.0,1.0
4827,482724,11.0,11.0,,M,False,False,True,False,False,False,1.0,1.0,1.0
4827,482725,11.0,11.0,,M,False,False,True,False,False,False,1.0,1.0,1.0
4827,482726,15.0,15.0,,M,False,False,True,False,False,False,1.0,1.0,1.0
4827,482727,11.0,11.0,,F,False,False,True,False,False,False,1.0,1.0,1.0
4827,482728,12.0,12.0,,M,False,False,True,False,False,False,1.0,2.0,1.0
4827,482729,9.0,9.0,,M,True,False,False,False,False,False,1.0,1.0,
4828,482801,8.0,8.0,,F,False,False,True,False,False,False,1.0,2.0,5.0
4828,482802,8.0,8.0,,M,False,False,True,False,False,False,1.0,2.0,5.0
4828,482803,9.0,9.0,,M,False,False,True,False,False,False,1.0,2.0,5.0
4828,482804,9.0,9.0,,M,False,False,True,False,False,False,1.0,2.0,5.0
4828,482805,8.0,8.0,,M,False,False,True,False,False,False,1.0,2.0,5.0
4828,482806,8.0,8.0,,M,False,False,True,False,False,False,1.0,2.0,5.0
4828,482807,8.0,8.0,,M,False,False,True,False,False,False,1.0,2.0,5.0
4828,482808,9.0,9.0,,M,False,False,True,False,False,False,1.0,2.0,5.0
4828,482809,9.0,9.0,,M,False,False,True,False,False,False,1.0,2.0,5.0
4828,482810,9.0,9.0,,M,False,False,True,False,False,False,1.0,2.0,5.0
4828,482811,9.0,9.0,,M,False,False,True,False,False,False,1.0,2.0,5.0
4828,482812,9.0,9.0,,M,False,False,True,False,False,False,1.0,2.0,5.0
4828,482813,9.0,9.0,,M,False,False,True,False,False,False,1.0,2.0,5.0
4828,482814,37.0,37.0,,F,True,False,False,False,False,False,1.0,1.0,5.0
4828,482815,9.0,9.0,,M,False,False,True,False,False,False,1.0,2.0,5.0
4828,482816,9.0,9.0,,F,False,False,True,False,False,False,1.0,2.0,5.0
4828,482817,9.0,9.0,,F,False,False,True,False,False,False,1.0,2.0,5.0
4828,482818,38.0,38.0,,M,True,False,False,False,False,False,1.0,2.0,5.0
4828,482819,8.0,8.0,,F,False,False,True,False,False,False,1.0,1.0,5.0
4828,482820,9.0,9.0,,F,False,False,True,False,False,False,1.0,2.0,5.0
4828,482821,9.0,9.0,,F,False,False,True,False,False,False,1.0,2.0,5.0
4828,482822,39.0,39.0,,F,False,False,True,False,False,False,1.0,1.0,5.0
4828,482823,8.0,8.0,,F,False,False,True,False,False,False,1.0,2.0,5.0
4828,482824,9.0,9.0,,F,False,False,True,False,False,False,1.0,2.0,5.0
4828,482825,8.0,8.0,,F,False,False,True,False,False,False,1.0,1.0,5.0
4828,482826,9.0,9.0,,F,False,False,True,False,False,False,1.0,2.0,5.0
4828,482827,9.0,9.0,,F,False,False,True,False,False,False,1.0,1.0,5.0
4828,482828,9.0,9.0,,F,False,False,True,False,False,False,1.0,2.0,5.0
4828,482829,8.0,8.0,,F,True,False,False,False,False,False,1.0,1.0,4.0
4829,482901,42.0,42.0,,F,True,False,False,False,False,False,1.0,1.0,5.0
4829,482902,45.0,45.0,,M,False,False,True,False,False,False,1.0,2.0,5.0
4829,482903,23.0,23.0,,F,False,False,True,False,False,False,1.0,1.0,5.0
4829,482904,42.0,42.0,,F,False,False,True,False,False,False,1.0,1.0,5.0
4829,482905,25.0,25.0,,F,False,False,True,False,False,False,1.0,1.0,5.0
4829,482906,16.0,16.0,,F,False,False,True,False,False,False,1.0,1.0,5.0
4829,482907,16.0,16.0,,M,False,False,True,False,False,False,1.0,2.0,5.0
4829,482908,16.0,16.0,,M,False,False,True,False,False,False,1.0,2.0,5.0
4829,482909,16.0,16.0,,M,False,False,True,False,False,False,1.0,2.0,5.0
4829,482910,16.0,16.0,,M,False,False,True,False,False,False,1.0,2.0,5.0
4829,482911,52.0,52.0,,M,False,False,True,False,False,False,1.0,2.0,5.0
4829,482912,8.0,8.0,,F,False,False,False,False,False,True,1.0,1.0,2.0
4829,482913,16.0,16.0,,F,False,False,True,False,False,False,1.0,1.0,5.0
4829,482914,16.0,16.0,,F,False,False,True,False,False,False,1.0,1.0,5.0
4829,482915,50.0,50.0,,M,False,False,False,True,False,False,1.0,1.0,1.0
4829,482916,16.0,16.0,,M,False,False,True,False,False,False,1.0,1.0,5.0
4829,482917,30.0,30.0,,F,False,False,True,False,False,False,1.0,1.0,5.0
4829,482918,12.0,12.0,,F,True,False,False,False,False,False,1.0,1.0,5.0
4829,482919,16.0,16.0,,F,False,False,True,False,False,False,1.0,1.0,5.0
4829,482920,16.0,16.0,,M,False,False,True,False,False,False,1.0,1.0,5.0
4829,482921,16.0,16.0,,M,False,False,True,False,False,False,1.0,1.0,5.0
4829,482922,16.0,16.0,,M,False,False,True,False,False,False,1.0,1.0,5.0
4829,482923,16.0,16.0,,F,False,False,True,False,False,False,1.0,1.0,5.0
4829,482924,16.0,16.0,,F,False,False,True,False,False,False,1.0,1.0,5.0
4829,482925,16.0,16.0,,F,False,False,True,False,False,False,1.0,1.0,5.0
4829,482926,17.0,17.0,,M,False,False,True,False,False,False,1.0,2.0,5.0
4829,482927,17.0,17.0,,M,False,False,True,False,False,False,1.0,2.0,5.0
4829,482928,16.0,16.0,,M,False,False,True,False,False,False,1.0,1.0,5.0
4829,482929,17.0,17.0,,M,False,False,True,False,False,False,1.0,2.0,5.0
4830,483001,24.0,24.0,,M,False,True,False,False,False,False,2.0,2.0,4.0
4830,483002,31.0,31.0,,M,False,True,False,False,False,False,2.0,2.0,4.0
4830,483003,21.0,21.0,,F,False,True,False,False,False,False,2.0,2.0,4.0
4830,483004,18.0,18.0,,M,False,True,False,False,False,False,2.0,2.0,4.0
4830,483005,31.0,31.0,,F,False,True,False,False,False,False,2.0,2.0,4.0
4830,483006,35.0,35.0,,M,False,True,False,False,False,False,2.0,2.0,4.0
4830,483007,22.0,22.0,,F,False,True,False,False,False,False,2.0,2.0,4.0
4830,483008,23.0,23.0,,F,False,True,False,False,False,False,2.0,2.0,4.0
4830,483009,27.0,27.0,,F,False,True,False,False,False,False,2.0,2.0,4.0
4830,483010,50.0,50.0,,M,False,True,False,False,False,False,5.0,1.0,2.0
4830,483011,19.0,19.0,,M,False,True,False,False,False,False,2.0,2.0,4.0
4830,483012,51.0,51.0,,M,True,False,False,False,False,False,1.0,2.0,5.0
4830,483013,20.0,20.0,,F,False,True,False,False,False,False,2.0,2.0,4.0
4830,483014,18.0,18.0,,M,False,True,False,False,False,False,2.0,2.0,4.0
4830,483015,8.0,8.0,,F,False,False,False,False,False,False,1.0,1.0,
4830,483016,42.0,42.0,,F,False,False,False,False,False,True,2.0,1.0,2.0
4830,483017,27.0,27.0,,F,True,False,False,False,False,False,2.0,1.0,4.0
4830,483018,38.0,38.0,,F,True,False,False,False,False,False,1.0,1.0,5.0
4830,483019,24.0,24.0,,M,False,True,False,False,False,False,2.0,2.0,4.0
4830,483020,11.0,11.0,,F,True,False,False,False,False,False,1.0,1.0,5.0
4831,483101,32.0,32.0,,F,True,False,False,False,False,True,2.0,1.0,4.0
4831,483102,14.0,14.0,,M,True,False,False,False,True,False,1.0,1.0,5.0
4831,483103,9.0,9.0,,M,True,False,False,False,True,False,1.0,1.0,5.0
4831,483104,19.0,19.0,,M,True,False,False,True,True,False,1.0,1.0,5.0
4831,483105,36.0,36.0,,F,True,False,False,False,False,False,1.0,1.0,5.0
4831,483106,10.0,10.0,,F,True,False,False,False,True,False,1.0,,5.0
4831,483107,33.0,33.0,,F,True,False,False,False,False,True,2.0,,4.0
4831,483108,42.0,42.0,,M,True,False,False,False,False,False,1.0,1.0,5.0
4832,483201,17.0,16.0,19.0,M,False,False,False,False,True,False,2.0,2.0,4.0
4832,483202,45.0,40.0,50.0,M,False,False,False,False,True,False,2.0,2.0,4.0
4832,483203,18.0,17.0,20.0,M,False,False,False,False,True,False,2.0,2.0,4.0
4832,483204,16.0,16.0,,M,False,False,False,False,True,False,2.0,2.0,4.0
4832,483205,17.0,17.0,,M,False,False,False,False,True,False,2.0,2.0,4.0
4832,483206,19.0,19.0,,M,False,False,False,False,True,False,2.0,2.0,4.0
4832,483207,47.0,45.0,50.0,M,False,False,False,False,True,False,2.0,2.0,4.0
4832,483208,18.0,17.0,20.0,M,False,False,False,False,True,False,2.0,2.0,4.0
4832,483209,17.0,17.0,,F,True,False,False,False,True,False,1.0,1.0,5.0
4832,483210,17.0,17.0,,M,False,False,False,False,True,False,2.0,1.0,4.0
4832,483211,19.0,19.0,,M,False,False,False,False,True,False,2.0,1.0,4.0
4832,483212,18.0,18.0,,M,False,False,False,False,True,False,2.0,1.0,4.0
4832,483213,18.0,18.0,,M,False,False,False,False,True,False,2.0,1.0,
4832,483214,45.0,45.0,,M,True,False,False,False,False,False,1.0,2.0,5.0
4832,483215,43.0,43.0,,F,True,False,False,False,False,False,1.0,1.0,5.0
4832,483216,18.0,16.0,20.0,M,False,False,False,False,True,False,2.0,2.0,4.0
4833,483301,37.0,37.0,,M,True,False,False,False,False,False,1.0,1.0,5.0
4833,483302,3.0,3.0,,M,True,False,False,False,False,False,1.0,1.0,5.0
4833,483303,9.0,9.0,,F,False,False,False,False,True,False,2.0,1.0,4.0
4833,483304,85.0,85.0,,F,False,False,False,False,False,True,4.0,,3.0
4833,483305,38.0,38.0,,F,True,False,False,False,False,False,1.0,1.0,5.0
4834,483401,8.0,8.0,,M,True,False,False,False,True,True,2.0,1.0,4.0
4834,483402,2.0,2.0,,M,True,False,False,False,True,True,3.0,1.0,4.0
4834,483403,49.0,49.0,,F,True,False,False,False,True,True,2.0,1.0,5.0
4834,483404,25.0,25.0,,F,True,False,False,False,True,True,2.0,1.0,5.0
4834,483405,4.0,4.0,,M,True,False,False,False,True,True,2.0,1.0,5.0
4834,483406,30.0,30.0,,F,True,False,False,False,True,True,1.0,,5.0
4834,483407,26.0,26.0,,M,True,False,False,False,True,True,1.0,1.0,5.0
4834,483408,3.0,3.0,,F,True,False,False,False,True,True,1.0,1.0,5.0
4834,483409,35.0,35.0,,F,True,False,False,False,False,False,3.0,1.0,4.0
4835,483501,10.0,10.0,,M,False,False,True,False,False,False,1.0,1.0,5.0
4835,483502,10.0,10.0,,M,False,False,True,False,False,False,1.0,1.0,5.0
4835,483503,35.0,30.0,40.0,F,False,False,True,False,False,False,2.0,2.0,3.0
4835,483504,25.0,20.0,30.0,F,False,False,True,False,False,False,1.0,2.0,5.0
4835,483505,10.0,10.0,,F,False,False,True,False,False,False,1.0,2.0,5.0
4835,483506,10.0,10.0,,M,False,False,True,False,False,False,1.0,2.0,5.0
4835,483507,10.0,10.0,,M,False,False,True,False,False,False,1.0,2.0,5.0
4835,483508,10.0,10.0,,M,False,False,True,False,False,False,1.0,1.0,5.0
4835,483509,10.0,10.0,,M,False,False,True,False,False,False,1.0,1.0,5.0
4835,483510,18.0,18.0,,F,True,False,False,False,False,False,1.0,1.0,5.0
4835,483511,10.0,10.0,,M,False,False,True,False,False,False,1.0,1.0,5.0
4835,483512,10.0,10.0,,M,False,False,True,False,False,False,1.0,1.0,5.0
4835,483513,45.0,40.0,50.0,M,True,False,False,False,False,False,1.0,1.0,5.0
4835,483514,45.0,40.0,50.0,F,True,False,False,False,False,False,1.0,1.0,5.0
4835,483515,20.0,20.0,,F,True,False,False,False,False,False,1.0,1.0,5.0
4835,483516,10.0,10.0,,M,False,False,True,False,False,False,1.0,1.0,5.0
4836,483601,11.0,11.0,,M,True,False,False,False,False,False,1.0,2.0,4.0
4836,483602,9.0,9.0,,F,True,False,False,False,False,False,1.0,2.0,4.0
4836,483603,7.0,7.0,,M,True,False,False,False,False,False,2.0,,4.0
4836,483604,9.0,9.0,,M,True,False,False,False,False,False,2.0,2.0,4.0
4836,483605,14.0,14.0,,F,True,False,False,False,False,False,1.0,2.0,4.0
4836,483606,11.0,11.0,,M,True,False,False,False,False,False,1.0,2.0,4.0
4836,483607,7.0,7.0,,M,True,False,False,False,False,False,2.0,2.0,3.0
4836,483608,14.0,14.0,,M,True,False,False,False,False,False,1.0,2.0,4.0
4837,483701,10.0,10.0,,M,True,False,False,False,False,False,1.0,1.0,5.0
4837,483702,15.0,15.0,,F,False,False,True,True,False,False,1.0,1.0,5.0
4837,483703,12.0,12.0,,M,False,False,False,True,False,False,1.0,1.0,1.0
4837,483704,40.0,40.0,,F,True,False,False,False,False,False,1.0,1.0,5.0
4837,483705,5.0,5.0,,F,True,False,False,False,False,False,1.0,1.0,5.0
4837,483706,12.0,12.0,,F,False,False,False,True,False,False,1.0,1.0,1.0
4837,483707,15.0,15.0,,F,False,False,True,True,False,False,1.0,1.0,5.0
4837,483708,15.0,15.0,,M,False,False,True,False,False,False,1.0,1.0,5.0
4837,483709,14.0,14.0,,M,False,False,True,False,False,False,1.0,1.0,5.0
4838,483801,14.0,14.0,,M,False,False,True,False,False,False,2.0,2.0,2.0
4838,483802,15.0,15.0,,F,False,False,True,False,False,False,2.0,2.0,3.0
4838,483803,15.0,15.0,,M,False,False,True,False,False,False,2.0,2.0,3.0
4838,483804,39.0,39.0,,F,True,False,False,False,False,False,1.0,1.0,3.0
4838,483805,42.0,42.0,,M,True,False,False,False,False,False,1.0,1.0,4.0
4838,483806,7.0,7.0,,M,True,False,False,False,False,False,1.0,1.0,3.0
4838,483807,17.0,17.0,,M,False,False,False,True,False,False,2.0,2.0,1.0
4839,483901,15.0,15.0,,M,False,False,True,False,False,False,2.0,1.0,1.0
4839,483902,14.0,14.0,,M,False,False,True,False,False,False,2.0,1.0,5.0
4839,483903,14.0,14.0,,F,False,False,True,True,False,False,1.0,1.0,5.0
4839,483904,44.0,44.0,,F,True,False,False,False,False,False,1.0,1.0,5.0
4839,483905,9.0,9.0,,F,True,False,False,False,False,False,1.0,1.0,5.0
4839,483906,15.0,15.0,,M,False,False,True,False,False,False,1.0,1.0,5.0
4839,483907,15.0,15.0,,M,False,False,True,False,False,False,1.0,1.0,5.0
4839,483908,14.0,14.0,,M,False,False,True,False,False,False,1.0,1.0,5.0
4839,483909,14.0,14.0,,M,False,False,True,True,False,False,1.0,1.0,5.0
4839,483910,15.0,15.0,,F,False,False,True,False,False,False,1.0,1.0,5.0
4839,483911,14.0,14.0,,F,False,False,True,False,False,False,1.0,1.0,5.0
4839,483912,15.0,15.0,,F,False,False,True,False,False,False,1.0,1.0,5.0
4839,483913,15.0,15.0,,F,False,False,True,True,False,False,1.0,1.0,5.0
4839,483914,15.0,15.0,,M,False,False,True,True,False,False,1.0,1.0,5.0
4839,483915,14.0,14.0,,F,False,False,True,False,False,False,1.0,1.0,5.0
4840,484001,9.0,9.0,,M,False,False,True,False,False,False,1.0,,5.0
4840,484002,10.0,10.0,,M,False,False,True,False,False,False,2.0,2.0,5.0
4840,484003,35.0,35.0,,F,True,False,False,False,False,False,1.0,1.0,5.0
4840,484004,10.0,10.0,,M,False,False,True,False,False,False,1.0,1.0,5.0
4841,484101,21.0,21.0,,F,False,True,False,False,False,False,5.0,2.0,3.0
4841,484102,39.0,39.0,,F,True,False,False,False,False,False,1.0,1.0,5.0
4841,484103,3.0,3.0,,M,True,False,False,False,False,False,1.0,1.0,5.0
4841,484104,10.0,10.0,,F,True,False,False,False,False,False,1.0,1.0,5.0
4841,484105,1.0,1.0,,F,True,False,False,False,False,False,1.0,1.0,5.0
4841,484106,28.0,28.0,,M,False,True,False,False,False,False,1.0,2.0,5.0
4841,484107,60.0,60.0,,M,False,True,False,False,False,False,5.0,2.0,3.0
4841,484108,28.0,26.0,30.0,M,False,True,False,False,False,False,5.0,2.0,3.0
4841,484109,24.0,24.0,,F,False,True,False,False,False,False,5.0,2.0,3.0
4842,484201,10.0,10.0,,F,False,False,True,False,False,False,1.0,2.0,5.0
4842,484202,9.0,9.0,,M,False,False,True,False,False,False,1.0,1.0,5.0
4842,484203,25.0,22.0,28.0,F,False,False,True,False,False,False,1.0,2.0,5.0
4842,484204,25.0,22.0,28.0,M,False,False,True,False,False,False,1.0,2.0,5.0
4842,484205,10.0,10.0,,M,False,False,True,False,False,False,,2.0,5.0
4842,484206,10.0,10.0,,M,False,False,True,False,False,False,,2.0,5.0
4842,484207,10.0,10.0,,F,False,False,True,False,False,False,,1.0,5.0
4842,484208,10.0,10.0,,M,False,False,True,False,False,False,1.0,2.0,5.0
4842,484209,11.0,11.0,,F,True,False,False,False,False,False,2.0,1.0,5.0
4842,484210,10.0,10.0,,M,False,False,True,False,False,False,,2.0,5.0
4842,484211,9.0,9.0,,F,False,False,True,False,False,False,1.0,,5.0
4842,484212,10.0,10.0,,F,False,False,True,False,False,False,1.0,2.0,5.0
4842,484213,5.0,5.0,,F,True,False,False,False,False,False,1.0,1.0,5.0
4842,484214,39.0,39.0,,F,True,False,False,False,False,False,1.0,1.0,5.0
4842,484215,39.0,39.0,,F,True,False,False,False,False,False,1.0,1.0,5.0
4842,484216,10.0,10.0,,F,False,False,True,False,False,False,1.0,2.0,5.0
4842,484217,9.0,9.0,,M,False,False,True,False,False,False,1.0,1.0,5.0
4843,484301,12.0,12.0,,M,False,False,True,False,False,False,1.0,2.0,3.0
4843,484302,12.0,12.0,,M,False,False,True,False,False,False,1.0,2.0,4.0
4843,484303,11.0,11.0,,M,False,False,True,False,False,False,1.0,2.0,4.0
4843,484304,15.0,15.0,,F,False,False,True,False,False,False,1.0,2.0,3.0
4843,484305,14.0,14.0,,F,False,False,True,False,False,False,1.0,2.0,2.0
4843,484306,14.0,14.0,,M,False,False,True,False,False,False,1.0,2.0,2.0
4843,484307,12.0,12.0,,F,False,False,True,False,False,False,2.0,2.0,2.0
4843,484308,36.0,36.0,,F,True,False,False,False,False,False,1.0,1.0,5.0
4843,484309,12.0,12.0,,F,False,False,True,False,False,False,1.0,2.0,5.0
4843,484310,12.0,12.0,,F,False,False,True,False,False,False,1.0,2.0,5.0
4843,484311,8.0,8.0,,F,True,False,False,False,False,False,1.0,2.0,4.0
4843,484312,0.0,0.0,,F,True,False,False,False,False,False,1.0,1.0,4.0
4843,484313,3.0,3.0,,M,True,False,False,False,False,False,1.0,1.0,4.0
4843,484314,44.0,43.0,46.0,M,True,False,False,False,False,False,1.0,2.0,5.0
4843,484315,11.0,11.0,,F,False,False,True,False,False,False,1.0,2.0,3.0
4843,484316,12.0,12.0,,M,False,False,True,False,False,False,1.0,2.0,3.0
4844,484401,11.0,11.0,,M,False,False,False,False,True,False,2.0,1.0,4.0
4844,484402,69.0,69.0,,M,True,False,False,False,False,False,2.0,2.0,4.0
4844,484403,65.0,65.0,,F,True,False,False,False,False,False,2.0,1.0,3.0
4844,484404,11.0,11.0,,M,False,False,False,False,True,False,2.0,1.0,4.0
4844,484405,8.0,8.0,,M,True,False,False,False,False,False,1.0,1.0,5.0
4844,484406,39.0,39.0,,M,True,False,False,False,True,False,1.0,1.0,5.0
4844,484407,39.0,39.0,,F,True,False,False,False,True,False,1.0,1.0,5.0
4844,484408,11.0,11.0,,M,False,False,False,False,True,False,2.0,1.0,4.0
4844,484409,12.0,12.0,,M,False,False,False,False,True,False,2.0,1.0,4.0
4845,484501,11.0,11.0,,M,False,False,False,False,True,False,2.0,1.0,4.0
4845,484502,11.0,11.0,,M,False,False,False,False,True,False,2.0,1.0,4.0
4845,484503,11.0,11.0,,M,False,False,False,False,True,False,2.0,1.0,4.0
4845,484504,35.0,35.0,,F,True,False,False,False,False,False,3.0,1.0,4.0
4845,484505,11.0,11.0,,M,False,False,False,False,True,False,2.0,1.0,4.0
4845,484506,44.0,44.0,,F,False,False,False,False,True,False,2.0,2.0,4.0
4845,484507,11.0,11.0,,M,False,False,False,False,True,False,2.0,1.0,4.0
4845,484508,40.0,40.0,,M,False,False,False,False,True,False,2.0,1.0,4.0
4845,484509,40.0,40.0,,M,True,False,False,False,False,False,5.0,2.0,3.0
4845,484510,11.0,11.0,,M,False,False,False,False,True,False,2.0,1.0,4.0
4845,484511,11.0,11.0,,M,False,False,False,False,True,False,2.0,1.0,4.0
4845,484512,13.0,13.0,,F,True,False,False,False,False,False,1.0,1.0,4.0
4845,484513,11.0,11.0,,M,False,False,False,False,True,False,2.0,1.0,4.0
4845,484514,11.0,11.0,,M,False,False,False,False,True,False,2.0,1.0,4.0
4845,484515,44.0,44.0,,M,True,False,False,False,False,False,1.0,1.0,4.0
4845,484516,8.0,8.0,,M,True,False,False,False,False,False,1.0,1.0,4.0
4845,484517,12.0,12.0,,M,False,False,False,False,True,False,1.0,2.0,4.0
4845,484518,12.0,12.0,,M,False,False,False,False,True,False,1.0,2.0,4.0
4845,484519,44.0,44.0,,M,False,False,False,False,True,False,2.0,2.0,4.0
4845,484520,11.0,11.0,,M,False,False,False,False,True,False,2.0,1.0,4.0
4845,484521,11.0,11.0,,M,False,False,False,False,True,False,2.0,1.0,4.0
4846,484601,13.0,13.0,,F,True,False,False,False,False,True,1.0,2.0,4.0
4846,484602,50.0,50.0,,F,False,False,False,False,False,False,5.0,1.0,1.0
4846,484603,63.0,63.0,,F,True,False,False,False,False,False,2.0,1.0,2.0
4846,484604,69.0,69.0,,M,True,False,False,False,False,False,2.0,2.0,2.0
4846,484605,18.0,18.0,,M,True,False,False,False,False,False,1.0,1.0,4.0
4847,484701,16.0,16.0,,M,False,False,False,False,True,False,2.0,2.0,2.0
4847,484702,47.0,45.0,50.0,F,False,False,False,False,False,True,5.0,2.0,1.0
4847,484703,41.0,41.0,,F,False,False,False,False,True,False,2.0,2.0,2.0
4847,484704,16.0,16.0,,M,False,False,False,False,True,False,2.0,2.0,2.0
4847,484705,16.0,16.0,,F,False,False,True,False,True,False,1.0,1.0,5.0
4847,484706,53.0,53.0,,M,True,False,False,False,False,False,1.0,2.0,1.0
4847,484707,48.0,48.0,,F,True,False,False,False,False,False,1.0,1.0,2.0
4847,484708,19.0,19.0,,M,False,False,False,False,True,False,1.0,2.0,3.0
4848,484801,22.0,20.0,25.0,F,False,False,False,False,False,True,5.0,2.0,2.0
4848,484802,6.0,6.0,,F,True,False,False,False,False,False,2.0,1.0,3.0
4848,484803,67.0,65.0,70.0,M,True,False,False,False,False,False,1.0,2.0,2.0
4848,484804,11.0,11.0,,F,True,False,False,False,False,False,2.0,1.0,3.0
4848,484805,6.0,6.0,,F,True,False,False,False,False,False,2.0,1.0,3.0
4848,484806,6.0,6.0,,F,True,False,False,False,False,False,1.0,1.0,5.0
4848,484807,18.0,16.0,20.0,F,False,False,False,False,False,True,5.0,2.0,2.0
4848,484808,39.0,39.0,,M,True,False,False,False,False,False,3.0,1.0,4.0
4848,484809,37.0,37.0,,,True,False,False,False,False,False,1.0,1.0,4.0
4848,484810,6.0,6.0,,F,True,False,False,False,False,False,1.0,1.0,4.0
4848,484811,3.0,3.0,,F,True,False,False,False,False,False,2.0,1.0,4.0
4848,484812,34.0,34.0,,M,True,False,False,False,False,False,1.0,1.0,5.0
4848,484813,35.0,35.0,,F,True,False,False,False,False,False,1.0,1.0,5.0
4848,484814,47.0,45.0,50.0,F,False,False,False,False,False,True,5.0,2.0,2.0
4849,484901,12.0,12.0,,M,False,False,True,False,False,False,1.0,1.0,2.0
4849,484902,12.0,12.0,,M,False,False,True,False,False,False,1.0,2.0,3.0
4849,484903,12.0,12.0,,M,False,False,True,False,False,False,1.0,2.0,2.0
4849,484904,14.0,14.0,,M,False,False,False,True,False,False,1.0,2.0,3.0
4849,484905,12.0,12.0,,F,False,False,True,False,False,False,1.0,2.0,2.0
4849,484906,11.0,11.0,,M,False,False,True,False,False,False,1.0,1.0,2.0
4849,484907,11.0,11.0,12.0,M,False,False,True,False,False,False,1.0,1.0,3.0
4849,484908,11.0,11.0,,M,False,False,True,False,False,False,1.0,1.0,3.0
4849,484909,11.0,11.0,,M,False,False,True,False,False,False,1.0,1.0,3.0
4849,484910,14.0,14.0,,F,True,False,False,False,False,False,1.0,1.0,3.0
4849,484911,16.0,16.0,,F,True,False,False,False,False,False,1.0,1.0,3.0
4849,484912,54.0,54.0,,M,True,False,False,False,False,False,1.0,1.0,3.0
4849,484913,47.0,47.0,,F,True,False,False,False,False,False,1.0,1.0,4.0
4849,484914,11.0,11.0,,M,False,False,True,False,False,False,1.0,2.0,2.0
4850,485001,13.0,13.0,,F,False,False,True,False,False,False,1.0,2.0,5.0
4850,485002,12.0,12.0,,F,False,False,True,False,False,False,1.0,2.0,5.0
4850,485003,12.0,12.0,,F,False,False,True,False,False,False,1.0,2.0,5.0
4850,485004,45.0,40.0,50.0,F,False,False,True,False,False,False,2.0,2.0,3.0
4850,485005,37.0,35.0,40.0,M,False,False,True,False,False,False,2.0,2.0,3.0
4850,485006,32.0,30.0,35.0,F,False,False,True,False,False,False,2.0,2.0,3.0
4850,485007,47.0,45.0,50.0,F,False,False,True,False,False,False,2.0,2.0,3.0
4850,485008,12.0,12.0,,F,False,False,True,False,False,False,1.0,2.0,5.0
4850,485009,13.0,13.0,,F,False,False,True,False,False,False,1.0,2.0,5.0
4850,485010,37.0,35.0,40.0,M,False,False,True,False,False,False,1.0,2.0,3.0
4850,485011,12.0,12.0,,F,False,False,True,False,False,False,1.0,2.0,5.0
4850,485012,12.0,12.0,,F,False,False,True,False,False,False,1.0,2.0,5.0
4850,485013,13.0,13.0,,F,False,False,True,False,False,False,1.0,2.0,5.0
4850,485014,13.0,13.0,,F,False,False,True,False,False,False,1.0,2.0,5.0
4850,485015,37.0,37.0,,F,False,False,True,False,False,False,2.0,2.0,3.0
4850,485016,37.0,35.0,40.0,F,False,False,False,False,True,False,2.0,2.0,2.0
4850,485017,20.0,20.0,,F,True,False,False,False,False,False,1.0,1.0,5.0
4850,485018,45.0,45.0,,F,True,False,False,False,False,False,1.0,1.0,5.0
4850,485019,13.0,13.0,,F,False,False,True,False,False,False,1.0,2.0,5.0
4850,485020,12.0,12.0,,F,False,False,False,False,True,False,2.0,2.0,4.0
4850,485021,41.0,41.0,,M,False,False,False,False,True,False,2.0,2.0,2.0
4850,485022,12.0,12.0,,F,False,False,True,False,False,False,1.0,2.0,5.0
4850,485023,12.0,12.0,,F,False,False,True,False,False,False,1.0,2.0,5.0
4850,485024,12.0,12.0,,F,False,False,True,False,False,False,1.0,2.0,5.0
4850,485025,12.0,12.0,,F,False,False,True,False,False,False,1.0,2.0,5.0
4850,485026,12.0,12.0,,F,False,False,True,False,False,False,1.0,2.0,5.0
4850,485027,12.0,12.0,,F,False,False,True,False,False,False,1.0,2.0,5.0
4850,485028,60.0,55.0,65.0,,True,False,False,False,False,False,5.0,,1.0
4850,485029,49.0,49.0,,M,True,False,False,False,False,False,1.0,1.0,5.0
4851,485101,42.0,40.0,45.0,M,False,False,True,False,False,False,1.0,2.0,5.0
4851,485102,16.0,16.0,,M,False,False,True,False,False,False,1.0,2.0,5.0
4851,485103,15.0,15.0,,F,False,False,False,False,False,True,1.0,1.0,2.0
4851,485104,16.0,16.0,,F,False,False,False,False,False,True,1.0,1.0,4.0
4851,485105,35.0,35.0,,F,True,False,False,False,False,False,1.0,1.0,5.0
4851,485106,50.0,50.0,,M,False,False,False,False,False,True,1.0,1.0,3.0
4851,485107,15.0,15.0,,M,False,False,True,False,False,False,1.0,2.0,5.0
4851,485108,56.0,56.0,,M,False,False,False,False,False,True,1.0,1.0,3.0
4851,485109,36.0,36.0,,M,True,False,False,False,False,False,1.0,1.0,5.0
4851,485110,32.0,30.0,35.0,M,False,False,True,False,False,False,1.0,2.0,5.0
4851,485111,14.0,14.0,,M,False,False,True,False,False,False,1.0,2.0,5.0
4851,485112,18.0,18.0,,M,False,False,True,False,False,False,1.0,2.0,5.0
4851,485113,15.0,15.0,,M,False,False,True,False,False,False,1.0,2.0,5.0
4851,485114,20.0,20.0,,F,False,False,False,False,True,False,2.0,2.0,2.0
4851,485115,16.0,16.0,,M,False,False,True,False,False,False,1.0,1.0,5.0
4851,485116,15.0,15.0,,M,False,False,True,False,False,False,1.0,2.0,5.0
4852,485201,13.0,13.0,,F,False,False,True,False,False,False,1.0,2.0,5.0
4852,485202,15.0,15.0,,M,False,False,True,False,False,False,1.0,2.0,5.0
4852,485203,16.0,16.0,,F,False,False,True,False,False,False,1.0,2.0,5.0
4852,485204,15.0,15.0,,F,False,False,True,False,False,False,1.0,2.0,5.0
4852,485205,28.0,28.0,,F,False,False,True,False,False,False,1.0,2.0,4.0
4852,485206,40.0,40.0,,F,False,False,True,False,False,False,1.0,2.0,4.0
4852,485207,15.0,15.0,,F,False,False,True,False,False,False,1.0,2.0,5.0
4852,485208,14.0,14.0,,F,False,False,True,False,False,False,1.0,2.0,5.0
4852,485209,15.0,15.0,,F,False,False,False,False,False,True,1.0,2.0,3.0
4852,485210,30.0,30.0,,F,True,False,False,False,False,False,1.0,1.0,5.0
4852,485211,17.0,17.0,,M,False,False,False,False,False,True,1.0,1.0,4.0
4852,485212,38.0,38.0,,F,False,False,True,False,False,False,1.0,2.0,4.0
4853,485301,42.0,42.0,,M,False,False,True,False,False,False,1.0,2.0,5.0
4853,485302,16.0,16.0,,M,False,False,True,False,False,True,1.0,2.0,5.0
4853,485303,16.0,16.0,,M,False,False,True,False,False,True,1.0,2.0,5.0
4853,485304,15.0,15.0,,M,False,False,True,False,True,False,1.0,2.0,5.0
4853,485305,15.0,15.0,,M,False,False,True,False,True,False,1.0,2.0,5.0
4853,485306,15.0,15.0,,M,False,False,True,False,False,False,1.0,2.0,5.0
4853,485307,40.0,40.0,,M,False,False,True,False,False,False,1.0,2.0,5.0
4853,485308,40.0,40.0,,F,True,False,False,False,False,False,1.0,1.0,5.0
4853,485309,15.0,15.0,,M,False,False,True,False,True,False,1.0,2.0,5.0
4853,485310,27.0,27.0,,F,False,False,True,False,False,False,1.0,2.0,5.0
4853,485311,15.0,15.0,,M,False,False,True,False,True,False,1.0,2.0,5.0
4853,485312,14.0,14.0,,M,False,False,True,False,True,False,1.0,2.0,5.0
4853,485313,15.0,15.0,,M,False,False,True,False,True,True,1.0,1.0,5.0
4853,485314,17.0,17.0,,M,False,False,True,False,True,True,1.0,1.0,5.0
4853,485315,16.0,16.0,,M,False,False,True,False,False,False,1.0,1.0,5.0
4853,485316,16.0,16.0,,M,False,False,True,False,False,False,1.0,2.0,5.0
4853,485317,42.0,42.0,,M,True,False,False,False,False,False,1.0,2.0,5.0
4853,485318,15.0,15.0,,M,False,False,True,False,False,False,1.0,2.0,5.0
4854,485401,30.0,30.0,,F,False,False,False,False,False,True,2.0,2.0,1.0
4854,485402,40.0,40.0,,F,False,False,False,False,False,True,2.0,2.0,2.0
4854,485403,17.0,17.0,,M,True,False,False,False,False,False,2.0,2.0,2.0
4854,485404,35.0,35.0,,M,False,False,False,False,False,True,2.0,2.0,2.0
4854,485405,28.0,28.0,,F,False,False,False,False,True,False,1.0,2.0,2.0
4854,485406,19.0,19.0,,M,True,False,False,False,False,True,1.0,1.0,3.0
4854,485407,38.0,38.0,,F,False,False,False,False,False,True,1.0,1.0,3.0
4854,485408,17.0,17.0,,M,False,False,False,False,False,True,1.0,2.0,2.0
4854,485409,20.0,20.0,,M,True,False,False,False,False,True,1.0,1.0,5.0
4854,485410,45.0,45.0,,M,True,False,False,False,False,False,2.0,2.0,3.0
4854,485411,19.0,19.0,,M,False,False,False,False,False,True,2.0,2.0,2.0
4855,485501,28.0,28.0,,M,True,False,False,False,False,False,1.0,1.0,5.0
4855,485502,27.0,27.0,,F,True,False,False,False,False,False,1.0,1.0,5.0
4856,485601,15.0,15.0,,F,False,False,False,False,True,False,2.0,1.0,5.0
4856,485602,16.0,16.0,,M,False,False,False,False,True,False,2.0,2.0,5.0
4856,485603,16.0,16.0,,M,False,False,False,False,True,False,2.0,1.0,5.0
4856,485604,16.0,16.0,,M,False,False,False,False,True,False,2.0,2.0,5.0
4856,485605,12.0,12.0,,M,False,False,False,False,True,False,4.0,2.0,3.0
4856,485606,14.0,14.0,,F,False,False,False,False,True,False,4.0,1.0,3.0
4856,485607,40.0,40.0,,F,False,False,False,True,False,False,3.0,2.0,
4856,485608,18.0,16.0,20.0,M,False,False,False,False,True,False,5.0,2.0,1.0
4856,485609,16.0,16.0,,F,False,False,False,False,True,False,2.0,2.0,5.0
4856,485610,18.0,16.0,20.0,F,False,False,False,False,True,False,5.0,1.0,1.0
4856,485611,15.0,15.0,,F,False,False,True,False,False,False,1.0,1.0,5.0
4856,485612,14.0,14.0,,F,False,False,False,False,True,False,4.0,2.0,3.0
4856,485613,45.0,45.0,,M,False,False,False,True,False,False,3.0,2.0,3.0
4856,485614,49.0,49.0,,M,True,False,False,False,False,False,1.0,1.0,5.0
4856,485615,15.0,15.0,,F,False,False,False,False,True,False,1.0,1.0,5.0
4856,485616,16.0,16.0,,M,False,False,False,False,True,False,2.0,1.0,5.0
4856,485617,15.0,15.0,,M,False,False,False,False,True,False,2.0,1.0,5.0
4856,485618,16.0,16.0,,M,False,False,False,False,True,False,3.0,2.0,5.0
4856,485619,40.0,40.0,,F,False,False,False,True,False,False,3.0,2.0,3.0
4856,485620,47.0,47.0,,F,True,False,False,False,False,False,1.0,1.0,5.0
4857,485701,67.0,65.0,70.0,M,False,False,False,False,False,True,2.0,1.0,3.0
4857,485702,42.0,40.0,45.0,M,False,False,False,False,False,True,2.0,2.0,1.0
4857,485703,16.0,16.0,,F,False,False,True,False,False,False,1.0,2.0,5.0
4857,485704,37.0,35.0,39.0,M,True,False,False,False,False,False,1.0,2.0,5.0
4857,485705,16.0,16.0,,,False,False,False,False,True,False,1.0,2.0,3.0
4857,485706,16.0,16.0,,,False,False,False,False,True,False,1.0,2.0,3.0
4857,485707,16.0,16.0,,,False,False,False,False,True,False,1.0,2.0,3.0
4857,485708,14.0,14.0,,F,True,False,False,False,False,False,1.0,1.0,3.0
4857,485709,37.0,35.0,40.0,F,True,False,False,False,False,False,1.0,1.0,5.0
4857,485710,27.0,25.0,30.0,M,False,False,True,False,False,False,2.0,2.0,5.0
4857,485711,16.0,16.0,,F,False,False,True,False,False,False,1.0,2.0,5.0
4857,485712,16.0,16.0,,F,False,False,True,False,False,False,1.0,2.0,5.0
4857,485713,16.0,16.0,,F,False,False,True,False,False,False,1.0,1.0,5.0
4857,485714,16.0,16.0,,F,False,False,True,False,False,False,1.0,1.0,5.0
4857,485715,62.0,60.0,65.0,F,False,False,False,False,False,True,2.0,,3.0
4857,485716,27.0,25.0,30.0,M,False,False,True,False,False,False,2.0,2.0,5.0
4858,485801,30.0,25.0,35.0,M,False,False,False,False,True,False,5.0,1.0,1.0
4858,485802,18.0,18.0,,M,False,False,False,False,True,False,2.0,2.0,3.0
4858,485803,22.0,20.0,25.0,M,False,False,False,False,True,False,2.0,2.0,3.0
4858,485804,30.0,25.0,35.0,M,False,False,False,False,True,False,2.0,2.0,2.0
4858,485805,60.0,55.0,65.0,F,True,False,False,False,False,False,2.0,1.0,3.0
4858,485806,38.0,38.0,,F,True,False,False,False,False,False,1.0,1.0,3.0
4858,485807,15.0,15.0,,F,True,False,False,False,False,False,1.0,1.0,3.0
4858,485808,50.0,45.0,55.0,M,False,False,False,False,True,False,2.0,1.0,2.0
4859,485901,59.0,59.0,,F,True,False,False,False,False,False,2.0,2.0,2.0
4859,485902,64.0,64.0,,M,True,False,False,False,False,False,2.0,2.0,2.0
4859,485903,8.0,8.0,,F,True,False,False,False,False,False,5.0,2.0,3.0
4859,485904,9.0,9.0,,F,True,False,False,False,False,False,1.0,2.0,3.0
4859,485905,10.0,10.0,,F,True,False,False,False,False,False,1.0,2.0,3.0
4859,485906,6.0,6.0,,F,True,False,False,False,False,False,1.0,2.0,4.0
4859,485907,13.0,13.0,,F,True,False,False,False,False,False,1.0,2.0,5.0
4859,485908,40.0,40.0,,F,True,False,False,False,False,False,1.0,1.0,5.0
4859,485909,6.0,6.0,,F,True,False,False,False,False,False,1.0,2.0,4.0
4860,486001,15.0,15.0,,F,False,False,False,False,True,False,2.0,1.0,4.0
4860,486002,67.0,67.0,,M,True,False,False,False,True,False,2.0,1.0,5.0
4860,486003,67.0,67.0,,F,True,False,False,False,True,False,2.0,1.0,5.0
4860,486004,24.0,24.0,,F,False,False,False,False,True,False,2.0,1.0,4.0
4860,486005,23.0,23.0,,M,False,False,False,False,True,False,2.0,1.0,4.0
4860,486006,50.0,50.0,,F,False,False,False,False,True,False,2.0,1.0,4.0
4860,486007,16.0,16.0,,F,False,False,False,False,True,False,2.0,1.0,4.0
4860,486008,57.0,55.0,60.0,M,False,False,False,False,False,True,4.0,1.0,2.0
4860,486009,15.0,15.0,,F,False,False,False,False,True,False,2.0,1.0,4.0
4860,486010,42.0,42.0,,F,False,False,False,False,True,False,3.0,1.0,4.0
4860,486011,21.0,21.0,,M,True,False,False,False,True,False,1.0,1.0,4.0
4860,486012,14.0,14.0,,F,True,False,False,False,True,False,3.0,1.0,5.0
4860,486013,15.0,15.0,,F,False,False,False,False,True,False,2.0,1.0,4.0
4860,486014,17.0,17.0,,F,False,False,False,False,False,True,2.0,2.0,1.0
4860,486015,17.0,17.0,,F,True,False,False,False,True,False,1.0,1.0,5.0
4860,486016,17.0,17.0,,F,True,False,False,False,False,False,2.0,1.0,5.0
4860,486017,21.0,21.0,,F,True,False,False,False,True,False,1.0,1.0,5.0
4860,486018,44.0,44.0,,F,True,False,False,False,True,False,1.0,1.0,5.0
4860,486019,15.0,15.0,,F,True,False,False,False,True,False,2.0,1.0,5.0
4860,486020,22.0,22.0,,F,True,False,False,False,True,False,2.0,1.0,4.0
4860,486021,15.0,15.0,,F,True,False,False,False,True,False,2.0,1.0,5.0
4860,486022,13.0,13.0,,F,True,False,False,False,True,False,1.0,1.0,5.0
4860,486023,46.0,46.0,,M,True,False,False,False,False,False,2.0,1.0,4.0
4860,486024,16.0,16.0,,F,True,False,False,False,False,False,1.0,1.0,4.0
4861,486101,34.0,34.0,,M,True,False,False,False,False,False,1.0,1.0,5.0
4861,486102,12.0,12.0,,M,True,False,False,False,False,False,2.0,2.0,2.0
4861,486103,34.0,34.0,,F,True,False,False,False,False,False,1.0,1.0,5.0
4861,486104,3.0,3.0,,M,True,False,False,False,False,False,1.0,1.0,5.0
4861,486105,15.0,15.0,,M,True,False,False,False,False,False,2.0,2.0,2.0
4861,486106,7.0,7.0,,M,True,False,False,False,False,False,1.0,1.0,5.0
4861,486107,13.0,13.0,,M,True,False,False,False,False,False,2.0,2.0,4.0
4861,486108,10.0,10.0,,M,True,False,False,False,False,False,1.0,1.0,4.0
4861,486109,13.0,13.0,,M,True,False,False,False,False,False,1.0,1.0,5.0
4861,486110,9.0,9.0,,F,True,False,False,False,False,False,1.0,,4.0
4861,486111,32.0,30.0,35.0,F,False,False,False,False,False,True,5.0,2.0,2.0
4862,486201,12.0,12.0,,M,False,False,True,False,False,False,2.0,1.0,1.0
4862,486202,35.0,30.0,40.0,M,False,False,True,False,False,False,2.0,1.0,1.0
4862,486203,35.0,30.0,40.0,F,False,False,True,False,False,False,2.0,2.0,1.0
4862,486204,43.0,43.0,,F,True,False,True,False,False,False,1.0,1.0,
4862,486205,13.0,13.0,,F,False,False,True,False,False,False,2.0,1.0,1.0
4862,486206,12.0,12.0,,M,False,False,True,False,False,False,2.0,1.0,1.0
4862,486207,12.0,12.0,,M,False,False,True,False,False,False,2.0,1.0,1.0
4862,486208,13.0,13.0,,F,False,False,True,False,False,False,2.0,1.0,1.0
4862,486209,12.0,12.0,,M,False,False,True,False,False,False,2.0,1.0,1.0
4862,486210,13.0,13.0,,M,False,False,True,False,False,False,2.0,1.0,1.0
4863,486301,13.0,13.0,,M,False,False,True,False,False,False,1.0,2.0,4.0
4863,486302,13.0,13.0,,M,False,False,True,False,False,False,1.0,1.0,5.0
4863,486303,42.0,42.0,,M,True,False,False,False,False,False,1.0,1.0,4.0
4863,486304,13.0,13.0,,M,False,False,True,False,False,False,1.0,2.0,5.0
4863,486305,12.0,12.0,,M,False,False,True,False,False,False,1.0,1.0,5.0
4863,486306,13.0,13.0,,M,False,False,True,False,False,False,1.0,1.0,4.0
4863,486307,5.0,5.0,,M,True,False,False,False,False,False,1.0,1.0,5.0
4863,486308,34.0,34.0,,F,True,False,False,False,False,False,1.0,2.0,5.0
4863,486309,13.0,13.0,,M,False,False,True,False,False,False,1.0,1.0,5.0
4863,486310,13.0,13.0,,M,False,False,True,False,False,False,1.0,1.0,4.0
4864,486401,35.0,30.0,40.0,F,False,False,False,False,False,True,4.0,2.0,1.0
4864,486402,6.0,6.0,,F,False,False,False,False,False,True,2.0,1.0,4.0
4864,486403,9.0,9.0,,F,False,False,False,False,False,True,2.0,1.0,4.0
4864,486404,42.0,42.0,,F,False,False,False,False,False,True,2.0,2.0,5.0
4864,486405,53.0,53.0,,F,False,False,False,False,False,True,1.0,2.0,1.0
4864,486406,53.0,53.0,,F,True,False,False,False,False,False,1.0,1.0,4.0
4864,486407,31.0,31.0,,F,True,False,False,False,False,False,1.0,1.0,5.0
4864,486408,4.0,4.0,,M,True,False,False,False,False,False,1.0,1.0,5.0
4864,486409,18.0,18.0,,F,True,False,False,False,False,False,4.0,2.0,4.0
4864,486410,12.0,12.0,,F,False,False,False,False,False,True,1.0,1.0,5.0
4865,486501,10.0,10.0,,M,False,False,True,False,False,False,1.0,2.0,5.0
4865,486502,56.0,56.0,,M,False,False,True,False,False,False,1.0,2.0,5.0
4865,486503,11.0,11.0,,F,False,False,True,False,False,False,1.0,2.0,5.0
4865,486504,39.0,39.0,,M,True,False,False,False,False,False,1.0,1.0,5.0
4865,486505,36.0,36.0,,F,True,False,False,False,False,False,1.0,1.0,5.0
4865,486506,9.0,9.0,,M,False,False,True,False,False,False,1.0,2.0,5.0
4865,486507,9.0,9.0,,M,False,False,True,False,False,False,1.0,1.0,5.0
4865,486508,10.0,10.0,,F,False,False,True,False,False,False,1.0,2.0,5.0
4865,486509,43.0,43.0,,F,False,False,False,False,False,True,2.0,2.0,1.0
4865,486510,60.0,60.0,,F,False,False,True,False,False,False,1.0,2.0,4.0
4865,486511,11.0,11.0,,F,False,False,True,False,False,False,1.0,1.0,5.0
4865,486512,11.0,11.0,,M,False,False,True,False,False,False,1.0,1.0,5.0
4865,486513,11.0,11.0,,M,False,False,True,False,False,False,1.0,1.0,5.0
4865,486514,5.0,5.0,,M,False,False,True,False,False,False,1.0,2.0,5.0
4865,486515,18.0,18.0,,M,True,False,False,False,False,True,2.0,2.0,4.0
4865,486516,12.0,12.0,,F,True,False,False,False,True,False,1.0,1.0,5.0
4865,486517,10.0,10.0,,M,False,False,True,False,False,False,1.0,2.0,5.0
4866,486601,12.0,12.0,,F,False,False,True,False,False,False,1.0,2.0,5.0
4866,486602,10.0,10.0,,M,True,False,False,False,False,False,2.0,2.0,4.0
4866,486603,30.0,30.0,,F,False,False,True,False,False,False,1.0,2.0,5.0
4866,486604,11.0,11.0,,F,False,False,True,False,False,False,1.0,2.0,5.0
4866,486605,12.0,12.0,,M,False,False,True,False,False,False,1.0,2.0,5.0
4866,486606,11.0,11.0,,M,False,False,True,False,False,False,1.0,2.0,5.0
4866,486607,12.0,12.0,,M,False,False,True,False,False,False,1.0,2.0,5.0
4866,486608,38.0,38.0,,F,True,False,False,False,False,False,1.0,2.0,5.0
4866,486609,12.0,12.0,,M,False,False,True,False,False,False,1.0,2.0,5.0
4866,486610,12.0,12.0,,M,False,False,True,False,False,False,1.0,2.0,5.0
4866,486611,12.0,12.0,,M,False,False,True,False,False,False,1.0,2.0,5.0
4866,486612,12.0,12.0,,M,False,False,True,False,False,False,1.0,2.0,5.0
4866,486613,32.0,32.0,,F,False,False,True,False,False,False,1.0,2.0,5.0
4866,486614,66.0,66.0,,F,True,False,False,False,False,False,1.0,2.0,4.0
4866,486615,12.0,12.0,,M,False,False,True,False,False,False,1.0,2.0,5.0
4867,486701,14.0,14.0,,F,False,False,True,False,False,False,1.0,2.0,5.0
4867,486702,42.0,40.0,45.0,M,False,False,True,False,False,False,1.0,2.0,4.0
4867,486703,25.0,25.0,,F,False,False,True,False,False,False,1.0,2.0,4.0
4867,486704,14.0,14.0,,F,False,False,True,False,False,False,1.0,2.0,5.0
4867,486705,38.0,38.0,,F,False,False,True,False,False,False,1.0,2.0,4.0
4867,486706,14.0,14.0,,F,False,False,True,False,False,False,1.0,2.0,5.0
4867,486707,42.0,40.0,45.0,M,False,False,False,False,False,True,3.0,2.0,2.0
4867,486708,47.0,45.0,50.0,F,False,False,True,False,False,False,2.0,2.0,4.0
4867,486709,14.0,14.0,,F,False,False,True,False,False,False,1.0,2.0,5.0
4867,486710,14.0,14.0,,F,False,False,True,False,False,False,1.0,2.0,5.0
4867,486711,14.0,14.0,,F,False,False,True,False,False,False,1.0,2.0,5.0
4867,486712,44.0,44.0,,M,True,False,False,False,False,False,1.0,2.0,4.0
4867,486713,34.0,34.0,,F,True,False,False,False,False,False,1.0,2.0,5.0
4867,486714,16.0,16.0,,M,True,False,False,False,False,False,1.0,2.0,5.0
4867,486715,14.0,14.0,,F,False,False,True,False,False,False,1.0,2.0,5.0
4868,486801,31.0,30.0,32.0,F,False,False,False,False,False,True,1.0,1.0,1.0
4868,486802,16.0,16.0,17.0,M,False,True,False,False,False,False,2.0,1.0,1.0
4868,486803,16.0,16.0,,M,False,False,True,False,False,False,2.0,1.0,2.0
4868,486804,15.0,15.0,,F,False,True,False,False,False,False,3.0,1.0,2.0
4868,486805,16.0,16.0,,M,False,False,False,True,False,False,3.0,2.0,1.0
4868,486806,31.0,30.0,32.0,F,False,False,False,False,False,True,1.0,1.0,4.0
4868,486807,15.0,15.0,,M,False,False,True,False,False,False,1.0,2.0,3.0
4868,486808,16.0,15.0,17.0,M,False,False,False,False,False,True,4.0,2.0,1.0
4869,486901,8.0,8.0,,F,True,False,False,False,False,False,2.0,1.0,2.0
4869,486902,20.0,20.0,,F,True,False,False,False,False,False,1.0,1.0,1.0
4869,486903,21.0,20.0,22.0,M,False,False,False,False,True,False,4.0,2.0,1.0
4869,486904,30.0,30.0,,F,True,False,False,False,False,False,1.0,1.0,2.0
4869,486905,10.0,10.0,,F,True,False,False,False,False,False,1.0,1.0,1.0
4869,486906,9.0,9.0,,M,False,False,True,False,False,False,2.0,1.0,5.0
4869,486907,9.0,9.0,,M,False,False,True,False,False,False,1.0,1.0,5.0
4869,486908,10.0,10.0,,M,False,False,True,False,False,False,3.0,1.0,1.0
4869,486909,8.0,8.0,,M,False,False,True,False,False,False,1.0,1.0,2.0
4869,486910,10.0,10.0,,M,False,False,True,False,False,False,2.0,1.0,1.0
4869,486911,30.0,30.0,,M,True,False,False,False,False,False,1.0,1.0,3.0
4869,486912,9.0,8.0,10.0,F,False,False,True,False,False,False,3.0,2.0,3.0
4869,486913,32.0,30.0,35.0,M,True,False,False,False,False,False,1.0,1.0,2.0
4869,486914,9.0,9.0,,M,False,False,True,False,False,False,1.0,2.0,2.0
4869,486915,40.0,40.0,,,True,False,False,False,False,False,1.0,1.0,1.0
4869,486916,10.0,10.0,,M,False,False,True,False,False,False,1.0,1.0,2.0
4869,486917,9.0,9.0,,M,False,False,True,False,False,False,2.0,1.0,1.0
4869,486918,9.0,9.0,10.0,M,False,False,True,False,False,False,2.0,1.0,1.0
4869,486919,9.0,9.0,10.0,F,True,False,False,False,False,False,1.0,1.0,1.0
4869,486920,9.0,9.0,,M,False,False,True,False,False,False,2.0,2.0,2.0
4872,487201,17.0,17.0,,M,False,False,False,False,False,True,2.0,1.0,2.0
4872,487202,15.0,15.0,,M,True,False,False,False,False,False,2.0,1.0,4.0
4872,487203,45.0,40.0,50.0,M,False,False,False,False,False,True,1.0,1.0,2.0
4872,487204,18.0,18.0,,M,False,False,False,False,False,True,1.0,1.0,2.0
4872,487205,35.0,30.0,40.0,F,False,False,False,False,False,True,4.0,,1.0
4872,487206,17.0,17.0,,M,False,False,False,False,True,False,3.0,1.0,3.0
4872,487207,16.0,16.0,,M,False,False,False,False,False,True,2.0,2.0,3.0
4872,487208,22.0,20.0,25.0,M,False,False,False,False,False,True,3.0,2.0,2.0
4872,487209,20.0,20.0,,M,True,False,False,False,False,False,1.0,1.0,2.0
4872,487210,42.0,42.0,,M,True,False,False,False,False,False,1.0,1.0,5.0
4872,487211,21.0,21.0,,F,True,False,False,False,False,False,1.0,2.0,5.0
4872,487212,37.0,37.0,,F,True,False,False,False,False,False,1.0,1.0,5.0
4872,487213,9.0,9.0,,M,False,False,False,False,False,True,2.0,1.0,3.0
4872,487214,20.0,20.0,,M,False,False,False,False,False,True,3.0,1.0,2.0
4873,487301,19.0,18.0,20.0,M,False,False,False,False,False,True,3.0,1.0,3.0
4873,487302,19.0,18.0,20.0,F,False,False,False,False,True,False,2.0,2.0,2.0
4873,487303,25.0,20.0,30.0,F,False,False,False,False,True,False,3.0,2.0,3.0
4873,487304,22.0,22.0,,M,False,False,False,False,True,False,3.0,1.0,3.0
4873,487305,18.0,18.0,,M,False,False,False,False,True,False,2.0,1.0,2.0
4873,487306,45.0,40.0,50.0,M,False,False,False,False,False,True,4.0,1.0,2.0
4873,487307,35.0,30.0,40.0,M,False,False,False,True,False,False,5.0,2.0,1.0
4873,487308,27.0,27.0,,M,False,False,True,False,False,False,3.0,2.0,
4873,487309,18.0,18.0,,F,False,False,True,False,False,False,1.0,1.0,
4873,487310,20.0,20.0,,M,False,False,True,False,False,False,2.0,2.0,3.0
4873,487311,17.0,17.0,,M,False,False,False,False,False,True,2.0,1.0,4.0
4873,487312,6.0,6.0,,F,True,False,False,False,False,False,1.0,1.0,5.0
4873,487313,35.0,35.0,,F,True,False,False,False,False,False,1.0,1.0,5.0
4873,487314,9.0,9.0,,M,True,False,False,False,False,False,1.0,1.0,5.0
4874,487401,35.0,30.0,40.0,M,True,False,False,False,False,False,4.0,2.0,
4874,487402,8.0,7.0,9.0,F,False,False,False,False,False,True,2.0,2.0,3.0
4874,487403,25.0,20.0,30.0,F,False,False,False,False,False,True,1.0,1.0,3.0
4874,487404,7.0,6.0,9.0,F,True,False,False,False,False,False,1.0,1.0,1.0
4874,487405,11.0,10.0,12.0,M,False,False,False,False,False,True,1.0,,2.0
4874,487406,40.0,35.0,45.0,M,False,False,False,True,False,False,3.0,2.0,2.0
4874,487407,8.0,7.0,9.0,F,True,False,False,False,False,False,3.0,2.0,3.0
4874,487408,40.0,40.0,,M,True,False,False,False,False,False,1.0,1.0,
4874,487409,37.0,37.0,,F,True,False,False,False,False,False,1.0,2.0,5.0
4874,487410,5.0,5.0,6.0,F,True,False,False,False,False,False,1.0,1.0,5.0
4874,487411,8.0,8.0,,M,False,False,False,False,True,False,2.0,1.0,2.0
4875,487501,16.0,16.0,,M,True,False,False,False,False,False,1.0,2.0,3.0
4875,487502,24.0,23.0,25.0,M,False,False,False,False,True,False,1.0,2.0,3.0
4875,487503,26.0,25.0,27.0,F,False,False,False,False,True,False,2.0,2.0,3.0
4875,487504,10.0,10.0,,M,False,False,False,False,False,True,2.0,2.0,1.0
4875,487505,9.0,9.0,,F,False,False,False,False,False,True,4.0,2.0,2.0
4875,487506,32.0,30.0,34.0,F,False,False,False,False,False,True,4.0,2.0,2.0
4875,487507,10.0,10.0,,M,True,False,False,False,False,False,1.0,1.0,4.0
4875,487508,46.0,46.0,,M,True,False,False,False,False,False,1.0,2.0,3.0
4875,487509,17.0,17.0,,F,True,False,False,False,False,False,1.0,1.0,4.0
4875,487510,18.0,18.0,,M,False,False,False,False,False,True,2.0,2.0,2.0
4875,487511,44.0,44.0,,F,True,False,False,False,False,False,1.0,2.0,3.0
4875,487512,32.0,30.0,35.0,F,False,False,False,True,False,False,5.0,2.0,1.0
4876,487601,37.0,35.0,40.0,M,False,False,False,True,False,False,5.0,1.0,3.0
4876,487602,13.0,13.0,,F,True,False,False,False,False,False,1.0,1.0,3.0
4876,487603,13.0,13.0,,F,True,False,False,False,False,False,2.0,1.0,3.0
4876,487604,14.0,14.0,15.0,M,False,False,False,False,False,True,2.0,1.0,3.0
4876,487605,22.0,20.0,24.0,F,False,False,False,False,True,False,2.0,2.0,3.0
4876,487606,21.0,19.0,24.0,F,False,False,False,False,True,False,3.0,2.0,2.0
4876,487607,18.0,18.0,,F,False,False,True,False,False,False,2.0,2.0,4.0
4876,487608,15.0,15.0,,F,True,False,False,False,False,False,1.0,1.0,3.0
4876,487609,44.0,44.0,,F,True,False,False,False,False,False,1.0,1.0,2.0
4876,487610,50.0,50.0,,M,True,False,False,False,False,False,1.0,2.0,3.0
4876,487611,18.0,18.0,,F,False,False,True,False,False,False,2.0,2.0,4.0
4877,487701,16.0,16.0,,M,False,False,False,False,False,True,1.0,1.0,5.0
4877,487702,35.0,30.0,40.0,M,True,False,False,False,False,False,5.0,2.0,1.0
4877,487703,18.0,18.0,,F,False,False,False,False,False,True,2.0,2.0,1.0
4877,487704,48.0,48.0,,F,False,False,False,False,False,True,2.0,2.0,2.0
4877,487705,18.0,18.0,,M,False,False,False,False,False,True,1.0,1.0,5.0
4877,487706,24.0,24.0,,F,True,False,False,False,False,False,1.0,2.0,4.0
4877,487707,23.0,23.0,,M,True,False,False,False,False,False,1.0,2.0,4.0
4877,487708,50.0,50.0,,M,False,False,False,False,False,True,2.0,2.0,1.0
4878,487801,17.0,17.0,,M,False,False,False,False,True,False,2.0,1.0,4.0
4878,487802,24.0,24.0,,M,False,False,False,False,True,False,2.0,2.0,4.0
4878,487803,18.0,18.0,,M,False,False,False,False,True,False,4.0,1.0,4.0
4878,487804,26.0,26.0,,M,True,False,False,False,False,False,1.0,1.0,3.0
4878,487805,22.0,22.0,,M,False,False,False,False,True,False,2.0,2.0,4.0
4878,487806,18.0,18.0,,F,False,False,False,False,True,False,2.0,1.0,5.0
4878,487807,19.0,19.0,,F,False,False,False,False,False,True,2.0,2.0,3.0
4878,487808,18.0,18.0,,M,False,False,False,False,False,True,2.0,2.0,4.0
4878,487809,16.0,16.0,,M,False,False,False,False,False,True,1.0,1.0,4.0
4878,487810,20.0,20.0,,M,False,False,False,False,False,True,1.0,2.0,4.0
4878,487811,84.0,84.0,,F,False,False,False,False,False,True,3.0,,4.0
4878,487812,7.0,7.0,,M,False,False,False,False,True,False,2.0,1.0,2.0
4878,487813,53.0,53.0,,M,True,False,False,False,False,False,2.0,1.0,2.0
4878,487814,49.0,49.0,,F,True,False,False,False,False,False,1.0,1.0,5.0
4878,487815,25.0,25.0,,F,True,False,False,False,False,False,1.0,2.0,2.0
4878,487816,16.0,16.0,,F,False,False,False,False,False,True,1.0,1.0,1.0
4878,487817,16.0,16.0,,M,True,False,False,False,False,False,1.0,1.0,2.0
4879,487901,15.0,15.0,,F,False,False,False,False,False,True,2.0,,4.0
4879,487902,16.0,16.0,,M,False,False,False,False,False,True,2.0,,4.0
4879,487903,17.0,17.0,,F,False,False,False,False,False,True,2.0,,4.0
4879,487904,15.0,15.0,,M,False,False,False,False,False,True,2.0,,4.0
4879,487905,16.0,16.0,,M,False,False,False,False,False,True,2.0,1.0,4.0
4879,487906,65.0,65.0,,F,True,False,False,False,False,False,2.0,2.0,5.0
4879,487907,15.0,15.0,,F,True,False,False,False,False,False,1.0,1.0,5.0
4879,487908,14.0,14.0,,F,True,False,False,False,False,False,3.0,1.0,4.0
4879,487909,12.0,12.0,,F,True,False,False,False,False,False,1.0,,5.0
4879,487910,16.0,16.0,,M,False,False,False,False,False,True,2.0,1.0,4.0
4879,487911,16.0,16.0,,F,False,False,False,False,False,True,2.0,,4.0
4880,488001,17.0,17.0,,M,False,False,False,False,True,False,1.0,1.0,4.0
4880,488002,40.0,40.0,,M,True,False,False,False,False,False,2.0,2.0,5.0
4880,488003,39.0,39.0,,F,False,False,False,False,True,False,2.0,1.0,5.0
4880,488004,18.0,18.0,,M,True,False,False,False,True,False,,1.0,5.0
4880,488005,18.0,18.0,,M,False,False,False,False,True,False,,1.0,4.0
4880,488006,62.0,60.0,65.0,M,False,False,False,False,False,False,2.0,2.0,2.0
4880,488007,17.0,17.0,,M,False,False,False,False,True,False,2.0,1.0,4.0
4880,488008,42.0,40.0,45.0,M,False,False,False,False,False,False,2.0,2.0,2.0
4880,488009,17.0,17.0,,M,False,False,False,False,True,False,2.0,1.0,4.0
4880,488010,17.0,17.0,,M,False,False,False,False,True,False,2.0,1.0,4.0
4880,488011,17.0,17.0,,M,False,False,False,False,True,False,2.0,1.0,4.0
4880,488012,39.0,39.0,,F,True,False,False,False,False,False,1.0,2.0,5.0
4880,488013,18.0,18.0,,M,False,False,False,False,True,False,1.0,2.0,4.0
4880,488014,17.0,17.0,,M,False,False,False,False,True,False,2.0,1.0,4.0
4880,488015,18.0,18.0,,M,False,False,True,False,False,False,1.0,2.0,4.0
4880,488016,17.0,17.0,,F,False,False,False,False,True,False,2.0,2.0,4.0
4880,488017,18.0,18.0,,M,False,False,True,False,False,False,1.0,2.0,4.0
4880,488018,24.0,24.0,,F,False,False,False,False,True,False,1.0,1.0,4.0
4880,488019,18.0,18.0,,M,False,False,True,False,False,False,1.0,2.0,4.0
4880,488020,18.0,18.0,,M,False,False,True,False,True,False,1.0,2.0,4.0
4880,488021,17.0,17.0,,M,False,False,False,False,True,False,2.0,1.0,4.0
4880,488022,15.0,15.0,,M,True,False,False,False,False,False,,2.0,4.0
4880,488023,17.0,17.0,,F,False,False,False,False,True,False,3.0,1.0,4.0
4880,488024,16.0,16.0,,F,False,False,False,False,True,False,2.0,2.0,4.0
4880,488025,17.0,17.0,,M,False,False,False,False,True,False,4.0,2.0,4.0
4880,488026,20.0,20.0,,F,False,False,False,False,True,False,2.0,1.0,5.0
4880,488027,18.0,18.0,,F,False,False,True,False,False,False,1.0,1.0,4.0
4881,488101,7.0,7.0,,F,True,False,False,False,False,False,1.0,1.0,3.0
4881,488102,37.0,37.0,,F,True,False,False,False,False,False,1.0,1.0,5.0
4881,488103,4.0,4.0,,F,True,False,False,False,False,False,1.0,1.0,3.0
4881,488104,11.0,11.0,,F,True,False,False,False,False,False,1.0,1.0,4.0
4881,488105,13.0,13.0,,M,True,False,False,False,False,False,1.0,1.0,3.0
4881,488106,39.0,39.0,,F,True,False,True,False,False,False,1.0,1.0,3.0
4881,488107,41.0,41.0,,F,False,False,False,False,False,True,1.0,1.0,
4881,488108,21.0,21.0,,F,True,False,False,False,False,False,2.0,2.0,4.0
4881,488109,18.0,18.0,,F,True,False,False,False,False,False,2.0,1.0,4.0
4881,488110,9.0,9.0,,F,False,False,True,False,False,False,1.0,1.0,5.0
4881,488111,30.0,30.0,,M,False,False,True,False,False,False,1.0,2.0,5.0
4881,488112,45.0,45.0,,M,True,False,False,False,False,False,1.0,1.0,5.0
4882,488201,13.0,13.0,,M,False,False,True,False,False,False,1.0,2.0,3.0
4882,488202,13.0,13.0,,F,False,False,True,False,False,False,1.0,2.0,4.0
4882,488203,14.0,14.0,,M,False,False,True,False,False,False,1.0,2.0,4.0
4882,488204,13.0,13.0,,F,False,False,True,False,False,False,1.0,2.0,4.0
4882,488205,13.0,13.0,,F,False,False,True,False,False,False,1.0,2.0,4.0
4882,488206,13.0,13.0,,M,False,False,True,False,False,False,1.0,2.0,4.0
4882,488207,13.0,13.0,,F,False,False,True,False,False,False,1.0,2.0,4.0
4882,488208,14.0,14.0,,F,False,False,True,False,False,False,1.0,2.0,4.0
4882,488209,13.0,13.0,,F,False,False,True,False,False,False,1.0,2.0,3.0
4882,488210,13.0,13.0,,M,False,False,True,False,False,False,1.0,2.0,3.0
4882,488211,14.0,14.0,,M,False,False,True,False,False,False,1.0,2.0,4.0
4882,488212,13.0,13.0,,M,False,False,True,False,False,False,1.0,2.0,3.0
4882,488213,13.0,13.0,,M,False,False,True,False,False,False,1.0,2.0,3.0
4882,488214,63.0,63.0,,F,False,False,False,False,False,True,1.0,1.0,3.0
4882,488215,13.0,13.0,,M,False,False,True,False,False,False,1.0,2.0,3.0
4882,488216,37.0,35.0,40.0,M,False,False,True,False,False,False,2.0,2.0,3.0
4882,488217,11.0,11.0,,M,True,False,True,False,False,False,1.0,1.0,5.0
4882,488218,40.0,40.0,,F,True,False,False,False,False,False,1.0,1.0,4.0
4882,488219,15.0,15.0,,M,True,False,True,False,False,False,1.0,2.0,4.0
4882,488220,13.0,13.0,,F,False,False,True,False,False,False,1.0,2.0,4.0
4882,488221,37.0,35.0,40.0,F,False,False,True,False,False,False,2.0,2.0,3.0
4882,488222,42.0,40.0,45.0,F,False,False,True,False,False,False,2.0,2.0,3.0
4882,488223,42.0,40.0,45.0,F,False,False,True,False,False,False,2.0,2.0,3.0
4882,488224,12.0,12.0,,M,False,False,True,False,False,False,1.0,2.0,3.0
4882,488225,13.0,13.0,,F,False,False,True,False,False,False,1.0,2.0,3.0
4882,488226,13.0,13.0,,F,False,False,True,False,False,False,1.0,2.0,3.0
4882,488227,13.0,13.0,,F,False,False,True,False,False,False,1.0,2.0,4.0
4882,488228,13.0,13.0,,M,False,False,True,False,False,False,1.0,2.0,4.0
4882,488229,27.0,25.0,30.0,M,False,False,True,False,False,False,2.0,2.0,3.0
4883,488301,80.0,80.0,,M,True,False,False,False,False,False,2.0,1.0,4.0
4883,488302,35.0,35.0,,F,False,False,True,False,False,False,1.0,2.0,4.0
4883,488303,8.0,8.0,,M,False,False,True,False,False,False,1.0,2.0,4.0
4883,488304,60.0,60.0,,F,True,False,False,False,False,False,2.0,1.0,4.0
4883,488305,50.0,50.0,,M,False,False,True,False,False,False,2.0,2.0,4.0
4883,488306,11.0,11.0,,F,False,False,True,False,False,False,1.0,2.0,5.0
4883,488307,9.0,9.0,,F,False,False,True,False,False,False,1.0,2.0,5.0
4883,488308,40.0,40.0,,F,False,False,True,False,False,False,1.0,2.0,4.0
4883,488309,50.0,50.0,,F,False,False,True,False,False,False,1.0,2.0,4.0
4883,488310,11.0,11.0,,F,False,False,True,False,False,False,1.0,2.0,4.0
4883,488311,9.0,9.0,,F,True,False,True,False,False,False,1.0,2.0,4.0
4883,488312,9.0,9.0,,M,True,False,True,False,False,False,1.0,1.0,5.0
4883,488313,34.0,34.0,,F,True,False,False,False,False,False,1.0,1.0,5.0
4883,488314,11.0,11.0,,F,False,False,True,False,False,False,1.0,2.0,4.0
4884,488401,16.0,16.0,,F,False,False,False,False,True,False,3.0,1.0,3.0
4884,488402,15.0,15.0,,F,False,False,False,False,True,False,3.0,1.0,3.0
4884,488403,12.0,12.0,,F,False,False,False,False,True,False,3.0,1.0,3.0
4884,488404,35.0,35.0,,M,True,False,False,False,False,False,1.0,1.0,4.0
4884,488405,65.0,60.0,70.0,F,True,False,False,False,False,False,2.0,1.0,3.0
4884,488406,12.0,12.0,,F,False,False,True,False,False,False,1.0,1.0,5.0
4884,488407,45.0,40.0,50.0,F,True,False,False,False,False,False,2.0,1.0,3.0
4884,488408,27.0,25.0,30.0,M,False,False,True,False,False,False,1.0,2.0,5.0
4884,488409,65.0,60.0,70.0,M,True,False,False,False,False,False,2.0,1.0,3.0
4884,488410,45.0,40.0,50.0,F,False,False,True,False,False,False,1.0,2.0,5.0
4884,488411,14.0,14.0,,F,False,False,True,False,False,False,1.0,1.0,5.0
4884,488412,13.0,13.0,,F,False,False,True,False,False,False,1.0,1.0,5.0
4884,488413,13.0,13.0,,F,False,False,True,False,False,False,1.0,1.0,5.0
4884,488414,10.0,10.0,,M,True,False,False,False,False,False,1.0,2.0,5.0
4884,488415,34.0,34.0,,F,True,False,False,False,False,False,1.0,1.0,5.0
4884,488416,52.0,50.0,55.0,M,False,False,True,False,False,False,1.0,2.0,5.0
4885,488501,14.0,14.0,,M,False,False,True,False,False,False,1.0,2.0,5.0
4885,488502,8.0,8.0,,M,True,False,False,False,False,False,1.0,1.0,5.0
4885,488503,17.0,17.0,,M,False,False,True,False,False,False,1.0,2.0,5.0
4885,488504,13.0,13.0,,M,False,False,True,False,False,False,1.0,2.0,5.0
4885,488505,11.0,11.0,,M,False,False,True,False,False,False,1.0,2.0,5.0
4885,488506,12.0,12.0,,M,False,False,True,False,False,False,1.0,2.0,5.0
4885,488507,37.0,37.0,,M,True,False,False,False,False,False,1.0,2.0,5.0
4885,488508,13.0,13.0,,F,True,False,False,False,False,False,1.0,2.0,5.0
4885,488509,4.0,4.0,,F,True,False,False,False,False,False,1.0,1.0,5.0
4885,488510,12.0,12.0,,M,False,False,True,False,False,False,1.0,2.0,5.0
4885,488511,36.0,36.0,,F,True,False,False,False,False,False,1.0,1.0,5.0
4886,488601,9.0,9.0,,M,True,False,True,False,False,False,1.0,1.0,5.0
4886,488602,30.0,30.0,,F,True,False,False,False,False,False,1.0,1.0,5.0
4886,488603,32.0,30.0,35.0,M,True,False,False,False,False,False,1.0,1.0,5.0
4886,488604,57.0,55.0,60.0,F,True,False,False,False,False,False,1.0,1.0,4.0
4886,488605,8.0,8.0,,F,False,False,True,False,False,False,1.0,1.0,3.0
4887,488701,40.0,40.0,41.0,M,False,False,False,False,False,False,1.0,1.0,
4887,488702,60.0,50.0,70.0,M,False,False,False,False,False,False,5.0,1.0,
4887,488703,36.0,32.0,41.0,F,False,False,False,False,False,False,4.0,1.0,
4887,488704,9.0,9.0,,M,False,False,False,False,False,False,3.0,1.0,
4887,488705,8.0,8.0,,F,False,False,False,False,False,False,2.0,1.0,
4887,488706,9.0,9.0,,F,False,False,False,False,False,False,1.0,1.0,
4887,488707,13.0,13.0,,F,False,False,False,False,False,False,1.0,1.0,
4887,488708,10.0,10.0,,M,False,False,False,False,False,False,1.0,1.0,
4888,488801,17.0,15.0,20.0,M,False,False,False,False,False,False,2.0,2.0,
4888,488802,50.0,40.0,60.0,M,False,False,False,False,False,False,2.0,2.0,
4888,488803,45.0,40.0,50.0,F,False,False,False,False,False,False,1.0,2.0,
4888,488804,13.0,13.0,,F,False,False,False,False,False,False,1.0,2.0,
4888,488805,13.0,13.0,,F,False,False,False,False,False,False,1.0,1.0,
4888,488806,13.0,13.0,,M,False,False,False,False,False,False,1.0,2.0,
4888,488807,13.0,13.0,,M,False,False,False,False,False,False,1.0,1.0,
4888,488808,13.0,13.0,,F,False,False,False,False,False,False,1.0,1.0,
4888,488809,13.0,13.0,,F,False,False,False,False,False,False,1.0,2.0,
4888,488810,13.0,13.0,,F,False,False,False,False,False,False,1.0,2.0,
4889,488901,11.0,11.0,,F,False,False,False,False,True,False,2.0,2.0,4.0
4889,488902,1.0,1.0,,F,False,False,False,False,False,True,3.0,2.0,3.0
4889,488903,64.0,64.0,,F,False,False,False,False,False,True,3.0,2.0,3.0
4889,488904,8.0,8.0,,M,False,False,False,False,False,True,3.0,2.0,3.0
4889,488905,52.0,52.0,,F,False,False,False,False,True,False,2.0,1.0,4.0
4889,488906,35.0,35.0,,M,False,False,False,False,True,False,2.0,1.0,4.0
4889,488907,19.0,19.0,,F,False,False,False,False,True,False,2.0,1.0,4.0
4889,488908,13.0,13.0,,F,False,False,True,False,False,False,1.0,2.0,2.0
4889,488909,10.0,10.0,,F,False,False,False,False,True,False,2.0,1.0,4.0
4889,488910,65.0,65.0,,M,False,False,False,False,False,True,3.0,2.0,3.0
4889,488911,10.0,10.0,,M,False,False,False,False,True,False,2.0,1.0,4.0
4889,488912,14.0,14.0,,F,False,False,False,False,True,False,2.0,1.0,4.0
4889,488913,13.0,13.0,,F,False,False,False,False,True,False,2.0,1.0,
4889,488914,11.0,11.0,,F,False,False,False,False,True,False,2.0,2.0,4.0
4889,488915,37.0,37.0,,M,True,False,False,False,False,False,1.0,1.0,4.0
4889,488916,54.0,54.0,,M,False,False,False,False,False,True,3.0,2.0,3.0
4889,488917,4.0,4.0,,M,True,False,False,False,False,False,1.0,1.0,4.0
4889,488918,13.0,13.0,,M,False,False,True,False,False,False,1.0,2.0,2.0
4889,488919,13.0,13.0,,F,False,False,True,False,False,False,1.0,2.0,5.0
4889,488920,12.0,12.0,,F,False,False,True,False,False,False,1.0,2.0,4.0
4889,488921,13.0,13.0,,F,False,False,True,False,False,False,1.0,2.0,4.0
4889,488922,13.0,13.0,,F,False,False,True,False,False,False,1.0,2.0,4.0
4889,488923,28.0,28.0,,F,False,False,True,False,False,False,1.0,2.0,4.0
4889,488924,27.0,27.0,,M,False,False,True,False,False,False,1.0,2.0,4.0
4889,488925,37.0,37.0,,M,False,False,True,False,False,False,1.0,2.0,4.0
4889,488926,13.0,13.0,,F,False,False,True,False,False,False,1.0,,4.0
4889,488927,13.0,13.0,,F,False,False,True,False,False,False,1.0,2.0,4.0
4889,488928,13.0,13.0,,F,False,False,True,False,False,False,1.0,2.0,5.0
4889,488929,36.0,36.0,,F,True,False,False,False,False,False,1.0,1.0,4.0
4890,489001,25.0,20.0,30.0,F,False,False,False,False,True,False,5.0,1.0,4.0
4890,489002,45.0,40.0,50.0,F,False,False,True,False,False,False,2.0,2.0,4.0
4890,489003,25.0,20.0,30.0,F,False,False,True,False,False,False,1.0,1.0,5.0
4890,489004,38.0,38.0,,M,True,False,False,False,False,False,1.0,1.0,5.0
4890,489005,11.0,11.0,,M,True,False,False,False,False,False,1.0,1.0,5.0
4890,489006,38.0,38.0,,F,True,False,False,False,False,False,1.0,1.0,5.0
4890,489007,5.0,5.0,,F,True,False,False,False,False,False,1.0,1.0,5.0
4890,489008,1.0,1.0,,F,True,False,False,False,False,False,1.0,1.0,5.0
4890,489009,17.0,17.0,,M,False,False,True,True,False,False,1.0,2.0,3.0
4890,489010,35.0,30.0,40.0,M,False,False,False,False,True,False,5.0,2.0,4.0
4890,489011,63.0,63.0,,F,False,False,False,False,True,False,2.0,1.0,3.0
4890,489012,17.0,17.0,,M,False,False,True,False,False,False,1.0,2.0,4.0
4890,489013,45.0,40.0,50.0,M,False,False,True,False,False,False,2.0,2.0,4.0
4890,489014,14.0,14.0,,M,False,False,True,True,False,False,1.0,2.0,3.0
4890,489015,17.0,17.0,,M,False,False,True,True,False,False,2.0,1.0,2.0
4890,489016,35.0,30.0,40.0,M,False,False,True,False,False,False,2.0,2.0,4.0
4890,489017,17.0,17.0,,M,False,False,True,False,False,False,1.0,1.0,5.0
4890,489018,16.0,16.0,,M,False,False,True,False,False,False,1.0,2.0,3.0
4890,489019,17.0,17.0,,F,False,False,True,False,False,False,1.0,2.0,
4890,489020,17.0,17.0,,F,False,False,True,False,False,False,1.0,1.0,3.0
4890,489021,18.0,18.0,,M,False,False,True,False,False,False,1.0,2.0,1.0
4890,489022,17.0,17.0,,F,False,False,True,False,False,False,1.0,2.0,3.0
4890,489023,17.0,17.0,,M,False,False,True,False,False,False,1.0,2.0,3.0
4890,489024,17.0,17.0,,M,False,False,True,False,False,False,1.0,1.0,4.0
4890,489025,17.0,17.0,,F,False,False,True,False,False,False,2.0,2.0,3.0
4890,489026,17.0,17.0,,M,False,False,True,False,False,False,1.0,1.0,2.0
4890,489027,17.0,17.0,,M,False,False,True,False,False,False,1.0,1.0,4.0
4891,489101,9.0,9.0,,M,False,False,True,False,False,False,1.0,2.0,2.0
4891,489102,47.0,45.0,50.0,F,False,False,True,False,False,False,3.0,2.0,2.0
4891,489103,8.0,8.0,,M,False,False,True,False,False,False,1.0,2.0,2.0
4891,489104,9.0,9.0,,F,False,False,True,False,False,False,1.0,2.0,3.0
4891,489105,9.0,9.0,,F,False,False,True,False,False,False,1.0,2.0,3.0
4891,489106,9.0,9.0,,F,False,False,True,False,False,False,1.0,2.0,3.0
4891,489107,9.0,9.0,,M,False,False,True,False,False,False,1.0,2.0,3.0
4891,489108,7.0,7.0,,F,False,False,False,False,True,False,2.0,1.0,4.0
4891,489109,9.0,9.0,10.0,F,False,False,False,False,True,False,2.0,1.0,3.0
4891,489110,7.0,7.0,,M,False,False,False,False,True,False,2.0,2.0,3.0
4891,489111,40.0,40.0,,F,False,False,False,False,True,False,2.0,2.0,3.0
4891,489112,7.0,7.0,,F,False,False,False,False,True,False,2.0,1.0,3.0
4891,489113,33.0,33.0,,M,True,False,False,False,False,False,1.0,1.0,4.0
4891,489114,9.0,9.0,,F,False,False,True,False,False,False,2.0,2.0,2.0
4891,489115,65.0,65.0,,M,False,False,False,True,False,False,1.0,2.0,2.0
4891,489116,8.0,8.0,,F,False,False,True,False,False,False,1.0,1.0,3.0
4891,489117,9.0,9.0,,F,False,False,True,False,False,False,1.0,2.0,2.0
4891,489118,6.0,6.0,,M,True,False,False,True,False,False,1.0,1.0,5.0
4891,489119,47.0,45.0,50.0,F,False,False,True,False,False,False,1.0,1.0,4.0
4891,489120,8.0,8.0,,M,False,False,True,False,False,False,1.0,2.0,4.0
4891,489121,30.0,30.0,,F,True,False,False,True,False,False,1.0,1.0,5.0
4891,489122,9.0,9.0,,F,False,False,True,False,False,False,1.0,2.0,4.0
4891,489123,9.0,9.0,,F,False,False,True,False,False,False,1.0,1.0,3.0
4891,489124,9.0,9.0,,M,False,False,True,False,False,False,1.0,2.0,3.0
4891,489125,52.0,50.0,55.0,F,False,False,True,False,False,False,1.0,2.0,2.0
4891,489126,9.0,9.0,,F,False,False,True,False,False,False,1.0,2.0,3.0
4891,489127,9.0,9.0,,F,False,False,True,False,False,False,1.0,2.0,2.0
4891,489128,9.0,9.0,,F,False,False,True,False,False,False,1.0,2.0,2.0
4891,489129,50.0,50.0,,F,False,False,True,False,False,False,1.0,2.0,4.0
4893,489301,35.0,30.0,40.0,F,True,False,False,False,False,False,1.0,1.0,5.0
4893,489302,35.0,30.0,40.0,F,True,False,False,False,False,False,1.0,1.0,5.0
4893,489303,55.0,50.0,60.0,M,False,False,True,False,False,False,1.0,2.0,1.0
4893,489304,55.0,50.0,60.0,M,False,False,True,False,False,False,2.0,2.0,4.0
4893,489305,55.0,50.0,60.0,M,False,False,True,False,False,False,2.0,2.0,4.0
4893,489306,55.0,50.0,60.0,M,False,False,True,False,False,False,2.0,2.0,1.0
4893,489307,35.0,30.0,40.0,F,False,False,True,False,False,False,1.0,2.0,4.0
4893,489308,35.0,30.0,40.0,M,True,False,False,False,False,False,1.0,1.0,5.0
4893,489309,15.0,10.0,20.0,F,False,False,True,False,False,False,2.0,1.0,4.0
4893,489310,15.0,10.0,20.0,F,True,False,True,False,False,False,1.0,1.0,5.0
4893,489311,15.0,10.0,20.0,M,False,False,True,False,False,False,2.0,1.0,4.0
4893,489312,35.0,30.0,40.0,F,False,False,True,False,False,False,1.0,2.0,4.0
4893,489313,15.0,10.0,20.0,M,False,False,True,False,False,False,2.0,1.0,4.0
4893,489314,25.0,20.0,30.0,F,False,False,False,False,False,True,5.0,2.0,1.0
4893,489315,15.0,10.0,20.0,F,True,False,False,False,False,False,1.0,2.0,4.0
4893,489316,25.0,20.0,30.0,M,False,False,False,False,False,True,5.0,2.0,1.0
4893,489317,1.0,0.0,2.0,F,True,False,False,False,False,False,1.0,1.0,5.0
4894,489401,10.0,10.0,,M,False,False,True,False,False,False,1.0,2.0,1.0
4894,489402,56.0,56.0,,F,False,False,False,False,False,True,1.0,,2.0
4894,489403,10.0,10.0,,F,False,False,True,False,False,False,1.0,2.0,3.0
4894,489404,8.0,8.0,,F,False,False,True,False,False,False,2.0,2.0,1.0
4894,489405,9.0,9.0,,M,False,False,True,False,False,False,1.0,2.0,1.0
4894,489406,10.0,10.0,,M,False,False,True,False,False,False,1.0,2.0,1.0
4894,489407,40.0,40.0,,F,False,False,False,False,False,True,1.0,2.0,2.0
4894,489408,60.0,60.0,,M,False,False,False,False,False,True,2.0,1.0,5.0
4894,489409,11.0,11.0,,F,True,False,False,False,False,False,2.0,2.0,2.0
4894,489410,6.0,6.0,,M,True,False,False,False,False,False,1.0,2.0,2.0
4894,489411,10.0,10.0,,M,False,False,True,False,False,False,1.0,2.0,5.0
4894,489412,7.0,7.0,,F,False,False,True,False,False,False,2.0,2.0,1.0
4894,489413,10.0,10.0,,F,False,False,True,False,False,False,1.0,2.0,3.0
4894,489414,2.0,2.0,,M,True,False,False,False,False,False,1.0,1.0,3.0
4894,489415,33.0,33.0,,M,True,False,False,False,False,False,1.0,2.0,1.0
4894,489416,11.0,11.0,,F,True,False,True,False,False,False,1.0,1.0,3.0
4894,489417,8.0,8.0,,F,False,False,False,False,False,True,1.0,1.0,3.0
4894,489418,10.0,10.0,,F,False,False,True,False,False,False,1.0,2.0,5.0
4894,489419,12.0,12.0,,M,True,False,False,False,False,False,1.0,2.0,3.0
4894,489420,8.0,8.0,,M,True,False,True,False,False,False,1.0,1.0,
4894,489421,13.0,13.0,,F,True,False,False,False,False,False,2.0,2.0,2.0
4894,489422,14.0,14.0,,F,True,False,False,False,False,False,2.0,2.0,2.0
4894,489423,12.0,12.0,,F,True,False,False,False,False,False,1.0,1.0,5.0
4894,489424,11.0,11.0,,F,True,False,False,False,False,False,1.0,1.0,5.0
4894,489425,5.0,5.0,,F,True,False,False,False,False,False,1.0,1.0,5.0
4894,489426,10.0,10.0,,F,True,False,False,False,False,False,2.0,,3.0
4894,489427,9.0,9.0,,F,False,False,True,False,False,False,2.0,1.0,5.0
4894,489428,13.0,13.0,,F,True,False,False,False,False,False,2.0,2.0,2.0
4894,489429,32.0,32.0,,F,True,False,False,False,False,False,1.0,1.0,2.0
4895,489501,12.0,12.0,,M,False,False,True,False,False,False,1.0,2.0,5.0
4895,489502,40.0,30.0,50.0,M,False,False,True,False,False,False,2.0,2.0,3.0
4895,489503,44.0,44.0,,M,True,False,False,False,False,False,1.0,1.0,4.0
4895,489504,11.0,11.0,12.0,F,False,False,True,False,False,False,1.0,2.0,4.0
4895,489505,12.0,12.0,,F,False,False,True,False,False,False,1.0,1.0,4.0
4895,489506,13.0,13.0,14.0,F,False,False,True,False,False,False,1.0,2.0,2.0
4895,489507,13.0,13.0,14.0,F,False,False,True,False,False,False,1.0,2.0,2.0
4895,489508,44.0,44.0,,M,False,False,True,False,False,False,2.0,2.0,3.0
4895,489509,12.0,12.0,,M,False,False,True,False,False,False,1.0,2.0,5.0
4895,489510,11.0,11.0,,M,False,False,True,False,False,False,1.0,2.0,5.0
4895,489511,12.0,12.0,,F,False,False,True,False,False,False,1.0,1.0,4.0
4895,489512,12.0,12.0,,M,False,False,True,False,False,False,1.0,2.0,4.0
4895,489513,12.0,12.0,,F,False,False,True,False,False,False,1.0,1.0,5.0
4895,489514,12.0,12.0,,F,False,False,True,False,False,False,1.0,1.0,4.0
4895,489515,12.0,12.0,,F,False,False,True,False,False,False,1.0,1.0,5.0
4895,489516,11.0,11.0,,M,False,False,True,False,False,False,1.0,2.0,5.0
4895,489517,8.0,8.0,,F,True,False,False,True,True,False,1.0,1.0,5.0
4895,489518,43.0,43.0,,F,True,False,False,True,True,False,1.0,1.0,4.0
4895,489519,11.0,11.0,,F,False,False,True,False,False,False,1.0,1.0,5.0
4895,489520,12.0,12.0,,F,False,False,True,False,False,False,1.0,1.0,5.0
4895,489521,40.0,30.0,50.0,M,False,False,True,False,False,False,4.0,2.0,3.0
4895,489522,12.0,12.0,,F,False,False,True,False,False,False,1.0,2.0,5.0
4895,489523,12.0,12.0,,F,False,False,True,False,False,False,1.0,1.0,5.0
4895,489524,45.0,40.0,50.0,M,False,False,True,False,False,False,5.0,2.0,3.0
4895,489525,12.0,12.0,,F,False,False,True,False,False,False,1.0,2.0,5.0
4895,489526,12.0,12.0,,M,False,False,True,False,False,False,1.0,2.0,5.0
4895,489527,25.0,20.0,30.0,F,False,False,True,False,False,False,2.0,2.0,4.0
4895,489528,11.0,11.0,,F,False,False,True,False,False,False,1.0,2.0,5.0
4895,489529,11.0,11.0,,F,False,False,True,False,False,False,1.0,2.0,5.0
4896,489601,47.0,45.0,50.0,M,False,False,False,True,False,False,2.0,2.0,1.0
4896,489602,22.0,20.0,25.0,F,False,False,False,False,False,True,1.0,2.0,1.0
4896,489603,68.0,68.0,,M,True,False,False,False,False,False,1.0,1.0,5.0
4897,489701,35.0,30.0,40.0,M,True,False,False,False,False,False,1.0,1.0,5.0
4897,489702,55.0,50.0,60.0,F,False,False,False,False,True,False,2.0,2.0,2.0
4897,489703,45.0,40.0,50.0,F,False,False,False,False,False,False,2.0,2.0,3.0
4897,489704,55.0,50.0,60.0,F,False,True,False,False,False,False,2.0,2.0,2.0
4897,489705,75.0,70.0,80.0,F,False,True,False,False,False,False,1.0,2.0,1.0
4897,489706,45.0,40.0,50.0,F,False,False,True,False,False,False,1.0,2.0,1.0
4897,489707,12.0,12.0,,F,False,False,False,False,False,False,1.0,1.0,5.0
4897,489708,3.0,3.0,,F,True,False,False,False,False,False,1.0,1.0,5.0
4897,489709,11.0,11.0,,F,True,False,False,False,False,False,1.0,1.0,5.0
4898,489801,59.0,59.0,,M,False,False,False,False,True,False,1.0,2.0,4.0
4898,489802,72.0,70.0,75.0,M,False,False,False,False,True,False,1.0,2.0,2.0
4898,489803,67.0,65.0,70.0,M,False,False,False,False,True,False,2.0,1.0,3.0
4898,489804,27.0,25.0,30.0,F,False,False,False,False,True,False,3.0,1.0,1.0
4898,489805,22.0,20.0,25.0,F,False,False,False,False,True,False,2.0,1.0,1.0
4898,489806,57.0,57.0,,M,False,False,False,False,True,False,3.0,2.0,3.0
4898,489807,84.0,84.0,,M,False,False,False,False,True,False,2.0,2.0,4.0
4899,489901,43.0,38.0,48.0,M,False,False,False,False,False,True,2.0,2.0,2.0
4899,489902,17.0,14.0,20.0,F,False,False,False,True,False,False,,2.0,1.0
4899,489903,16.0,16.0,,M,False,False,False,True,False,False,2.0,2.0,1.0
4899,489904,8.0,8.0,,F,True,False,False,False,False,False,1.0,1.0,5.0
4899,489905,30.0,25.0,35.0,F,False,True,False,False,False,False,1.0,1.0,1.0
4899,489906,45.0,45.0,,F,True,False,False,False,False,False,1.0,1.0,5.0
4899,489907,36.0,36.0,,M,False,True,False,False,False,False,1.0,1.0,2.0
4899,489908,17.0,17.0,,M,False,False,False,True,False,False,2.0,2.0,1.0
4900,490001,62.0,62.0,,F,False,True,False,False,False,False,2.0,,2.0
4900,490002,6.0,6.0,,F,False,True,False,False,False,False,4.0,,1.0
4900,490003,36.0,36.0,,F,False,True,False,False,False,False,2.0,,2.0
4900,490004,25.0,25.0,,F,False,False,False,False,False,True,1.0,,2.0
4900,490005,43.0,43.0,,F,False,True,False,False,False,False,2.0,1.0,2.0
4900,490006,51.0,51.0,,F,False,False,False,False,False,True,1.0,,1.0
4900,490007,73.0,73.0,,F,False,True,False,False,False,False,2.0,,2.0
4900,490008,34.0,34.0,,F,False,True,False,False,False,False,2.0,1.0,3.0
4900,490009,72.0,72.0,,F,False,True,False,False,False,False,2.0,1.0,2.0
4900,490010,62.0,60.0,65.0,F,False,True,False,False,False,False,2.0,1.0,2.0
4900,490011,54.0,54.0,,M,False,True,False,False,False,False,2.0,2.0,2.0
4901,490101,72.0,70.0,75.0,M,False,False,False,False,False,True,2.0,2.0,3.0
4901,490102,77.0,75.0,80.0,M,False,False,False,False,False,True,4.0,2.0,1.0
4901,490103,15.0,14.0,16.0,M,False,False,True,False,False,False,5.0,2.0,1.0
4901,490104,18.0,16.0,20.0,M,False,False,True,False,False,False,5.0,2.0,1.0
4901,490105,22.0,20.0,25.0,F,False,False,False,False,False,True,3.0,2.0,1.0
4901,490106,47.0,45.0,50.0,F,False,False,False,False,False,True,2.0,2.0,1.0
4901,490107,72.0,72.0,,F,True,False,False,False,False,False,1.0,1.0,5.0
4901,490108,92.0,92.0,,M,False,False,False,False,False,True,2.0,2.0,3.0
4901,490109,77.0,75.0,80.0,M,False,False,False,False,False,True,2.0,2.0,3.0
4901,490110,72.0,72.0,,F,True,False,False,False,False,False,1.0,1.0,5.0
4901,490111,77.0,75.0,80.0,M,False,False,False,False,False,True,2.0,2.0,3.0
4901,490112,77.0,75.0,80.0,M,False,False,False,False,False,True,2.0,,3.0
4901,490113,19.0,18.0,20.0,F,False,False,False,False,False,True,2.0,2.0,1.0
4902,490201,27.0,25.0,30.0,F,False,True,False,False,False,False,4.0,2.0,
4902,490202,72.0,70.0,75.0,F,False,False,False,False,False,True,2.0,2.0,1.0
4902,490203,5.0,5.0,,M,False,True,False,False,False,False,5.0,1.0,2.0
4902,490204,18.0,18.0,,F,False,True,False,False,False,False,2.0,2.0,1.0
4902,490205,20.0,20.0,,F,False,True,False,False,False,False,2.0,2.0,1.0
4902,490206,12.0,10.0,15.0,M,False,True,False,False,False,False,5.0,2.0,1.0
4902,490207,77.0,75.0,80.0,F,False,True,False,False,False,False,5.0,1.0,1.0
4902,490208,52.0,50.0,55.0,F,False,True,False,False,False,False,5.0,2.0,1.0
4902,490209,55.0,50.0,60.0,M,False,False,False,False,False,True,1.0,2.0,1.0
4902,490210,65.0,60.0,70.0,F,False,True,False,False,False,False,3.0,2.0,1.0
4902,490211,10.0,10.0,,M,False,True,False,False,False,False,5.0,1.0,1.0
4902,490212,52.0,50.0,55.0,F,False,False,False,False,False,True,2.0,2.0,1.0
4902,490213,65.0,60.0,70.0,M,False,True,False,False,False,False,5.0,2.0,1.0
4902,490214,45.0,40.0,50.0,M,False,True,False,False,False,False,5.0,2.0,2.0
4902,490215,47.0,45.0,50.0,F,False,False,False,False,False,True,2.0,2.0,1.0
4902,490216,15.0,15.0,,F,True,False,False,False,False,False,1.0,1.0,5.0
4902,490217,67.0,65.0,70.0,F,False,True,False,False,False,False,1.0,2.0,5.0
4902,490218,42.0,40.0,45.0,M,False,True,False,False,False,False,5.0,2.0,1.0
4902,490219,62.0,60.0,65.0,F,False,True,False,False,False,False,4.0,2.0,1.0
4902,490220,32.0,30.0,35.0,F,False,False,False,False,False,True,1.0,2.0,3.0
4902,490221,27.0,25.0,30.0,F,False,False,False,False,False,True,2.0,2.0,1.0
4902,490222,47.0,45.0,50.0,F,False,False,False,False,False,True,1.0,2.0,2.0
4902,490223,27.0,25.0,30.0,F,False,True,False,False,False,False,4.0,2.0,1.0
4902,490224,42.0,40.0,45.0,F,False,False,False,False,False,True,1.0,2.0,2.0
4902,490225,47.0,45.0,50.0,F,False,False,False,False,False,True,2.0,2.0,1.0
4902,490226,62.0,60.0,65.0,F,False,True,False,False,False,False,2.0,1.0,5.0
4902,490227,37.0,35.0,40.0,F,False,True,False,False,False,False,5.0,2.0,1.0
4902,490228,47.0,45.0,50.0,M,False,False,False,False,False,True,1.0,2.0,1.0
4902,490229,37.0,35.0,40.0,F,False,True,False,False,False,False,5.0,2.0,1.0
4903,490301,62.0,60.0,65.0,F,False,False,False,False,False,True,1.0,2.0,1.0
4903,490302,55.0,55.0,,M,True,False,False,False,False,False,1.0,1.0,5.0
4903,490303,32.0,30.0,35.0,M,False,False,False,False,False,True,3.0,2.0,1.0
4903,490304,22.0,20.0,25.0,F,False,False,False,False,True,False,2.0,2.0,2.0
4903,490305,20.0,18.0,23.0,M,False,False,False,False,True,False,3.0,2.0,1.0
4903,490306,52.0,50.0,55.0,F,True,False,False,False,False,False,4.0,,2.0
4903,490307,52.0,50.0,55.0,M,True,False,False,False,False,False,4.0,2.0,2.0
4903,490308,42.0,40.0,45.0,F,False,False,False,False,False,True,2.0,2.0,1.0
4903,490309,27.0,25.0,30.0,M,False,False,False,False,False,True,2.0,2.0,1.0
4903,490310,27.0,25.0,30.0,M,False,False,False,False,False,True,2.0,1.0,1.0
4903,490311,57.0,55.0,60.0,F,False,False,False,False,False,True,2.0,2.0,2.0
4904,490401,72.0,72.0,,M,False,False,False,False,True,False,2.0,1.0,4.0
4904,490402,72.0,72.0,,M,False,False,False,False,True,False,2.0,1.0,4.0
4904,490403,37.0,35.0,40.0,F,False,False,False,False,False,True,2.0,2.0,1.0
4904,490404,45.0,45.0,,M,False,False,False,False,False,True,1.0,2.0,1.0
4904,490405,27.0,25.0,30.0,F,False,False,False,False,False,True,2.0,2.0,1.0
4904,490406,66.0,66.0,,F,False,False,False,False,True,True,1.0,1.0,5.0
4904,490407,67.0,67.0,,M,False,False,False,False,True,False,2.0,1.0,4.0
4905,490501,42.0,42.0,,M,False,False,False,False,True,False,4.0,2.0,1.0
4905,490502,48.0,48.0,,M,False,True,False,False,False,False,2.0,2.0,5.0
4905,490503,20.0,20.0,,M,False,True,False,False,False,False,2.0,2.0,3.0
4905,490504,31.0,31.0,,F,False,True,False,False,False,False,2.0,2.0,2.0
4905,490505,26.0,26.0,,M,False,True,False,False,False,False,2.0,2.0,3.0
4905,490506,1.0,1.0,,F,True,False,False,False,False,False,1.0,1.0,5.0
4905,490507,29.0,29.0,,F,True,False,False,False,False,False,1.0,1.0,5.0
4905,490508,56.0,56.0,,M,True,False,False,False,False,False,2.0,1.0,3.0
4906,490601,18.0,18.0,,M,False,True,False,False,False,False,1.0,2.0,5.0
4906,490602,32.0,30.0,35.0,M,False,True,False,False,False,False,2.0,2.0,2.0
4906,490603,22.0,20.0,25.0,M,False,False,False,False,True,False,2.0,1.0,1.0
4906,490604,18.0,17.0,20.0,M,False,True,False,False,False,False,5.0,2.0,2.0
4906,490605,35.0,30.0,40.0,F,False,True,False,False,False,False,5.0,2.0,2.0
4906,490606,16.0,16.0,,M,False,True,False,False,False,False,2.0,2.0,5.0
4906,490607,45.0,40.0,50.0,M,False,True,False,False,False,False,2.0,2.0,2.0
4906,490608,71.0,71.0,,F,False,False,False,False,True,False,2.0,2.0,3.0
4906,490609,30.0,25.0,35.0,M,False,True,False,False,False,False,3.0,2.0,1.0
4906,490610,70.0,70.0,,M,False,False,False,False,True,False,2.0,2.0,3.0
4906,490611,45.0,40.0,50.0,F,False,True,False,False,False,False,2.0,1.0,1.0
4906,490612,22.0,20.0,25.0,F,False,True,False,False,False,False,2.0,1.0,1.0
4906,490613,42.0,42.0,,M,False,True,False,False,False,False,1.0,2.0,5.0
4906,490614,25.0,25.0,,M,False,True,False,False,False,False,1.0,2.0,5.0
4906,490615,3.0,3.0,,F,True,False,False,False,False,False,1.0,1.0,4.0
4906,490616,6.0,6.0,,M,True,False,False,False,False,False,1.0,1.0,5.0
4906,490617,9.0,9.0,,F,True,False,False,False,False,False,1.0,1.0,5.0
4906,490618,39.0,39.0,,F,True,False,False,False,False,False,1.0,1.0,5.0
4906,490619,57.0,57.0,,M,False,True,False,False,False,False,1.0,2.0,5.0
4907,490701,47.0,45.0,50.0,F,False,False,False,False,False,True,5.0,2.0,1.0
4907,490702,57.0,55.0,60.0,M,False,False,False,False,False,True,5.0,1.0,4.0
4907,490703,49.0,49.0,,M,True,False,False,False,False,False,1.0,2.0,3.0
4907,490704,10.0,10.0,,M,True,False,False,False,False,False,1.0,2.0,4.0
4907,490705,68.0,68.0,,M,False,False,False,False,True,False,3.0,2.0,2.0
4907,490706,52.0,50.0,55.0,F,False,False,False,False,True,False,5.0,2.0,1.0
4907,490707,47.0,47.0,,F,True,False,False,False,False,False,1.0,2.0,4.0
4907,490708,62.0,60.0,65.0,F,False,False,False,False,False,True,3.0,2.0,1.0
4907,490709,37.0,35.0,40.0,M,False,False,False,False,False,True,5.0,2.0,1.0
4907,490710,52.0,50.0,55.0,F,False,False,False,False,False,True,5.0,2.0,2.0
4907,490711,54.0,54.0,,M,True,False,False,False,False,True,1.0,1.0,5.0
4908,490801,14.0,14.0,,M,True,False,False,False,False,False,1.0,2.0,5.0
4908,490802,12.0,12.0,,F,True,False,False,False,False,False,1.0,,5.0
4908,490803,35.0,35.0,,M,True,False,False,False,False,False,1.0,1.0,5.0
4908,490804,83.0,83.0,,M,True,False,False,False,False,False,2.0,2.0,4.0
4909,490901,42.0,42.0,,F,False,False,False,False,False,True,2.0,1.0,4.0
4909,490902,20.0,20.0,,F,False,False,False,False,False,True,1.0,,2.0
4909,490903,4.0,4.0,,M,False,False,True,False,False,False,2.0,2.0,1.0
4909,490904,27.0,27.0,,M,False,False,True,False,False,False,2.0,2.0,2.0
4909,490905,31.0,30.0,33.0,F,False,False,True,False,False,False,4.0,2.0,1.0
4909,490906,25.0,25.0,,F,False,False,True,False,False,False,1.0,2.0,2.0
4909,490907,17.0,17.0,,F,False,False,False,False,False,True,1.0,2.0,4.0
4909,490908,2.0,2.0,,M,False,False,False,False,False,True,1.0,2.0,4.0
4909,490909,28.0,28.0,,M,True,False,False,False,False,False,1.0,1.0,5.0
4909,490910,25.0,25.0,,F,False,False,False,False,False,True,3.0,2.0,4.0
4909,490911,0.0,0.0,,M,False,False,False,False,False,True,2.0,1.0,4.0
4909,490912,0.0,0.0,,M,True,False,False,False,False,False,1.0,1.0,5.0
4909,490913,3.0,3.0,,M,True,False,False,False,False,False,1.0,1.0,5.0
4909,490914,25.0,25.0,,F,False,False,False,False,False,True,1.0,2.0,4.0
4910,491001,26.0,25.0,28.0,F,False,False,False,False,False,True,5.0,2.0,1.0
4910,491002,84.0,84.0,,F,False,False,False,False,False,True,2.0,2.0,1.0
4910,491003,67.0,65.0,70.0,F,False,False,False,False,False,True,2.0,2.0,1.0
4910,491004,83.0,82.0,84.0,F,False,False,False,False,False,True,2.0,2.0,1.0
4910,491005,57.0,55.0,60.0,F,False,False,False,False,False,True,2.0,2.0,2.0
4910,491006,41.0,40.0,42.0,F,False,False,False,False,False,True,2.0,2.0,2.0
4910,491007,27.0,25.0,30.0,F,False,False,False,False,False,True,2.0,2.0,3.0
4910,491008,47.0,45.0,50.0,F,False,False,False,False,False,True,2.0,2.0,2.0
4910,491009,19.0,18.0,20.0,F,False,False,False,False,False,True,5.0,2.0,1.0
4910,491010,51.0,50.0,52.0,F,False,False,False,False,False,True,5.0,2.0,1.0
4910,491011,25.0,24.0,26.0,F,False,False,False,False,False,True,4.0,2.0,2.0
4910,491012,62.0,60.0,65.0,M,False,False,False,False,False,True,4.0,2.0,2.0
4910,491013,47.0,45.0,50.0,M,False,False,False,False,False,True,4.0,2.0,1.0
4910,491014,57.0,55.0,60.0,M,True,False,False,False,False,False,4.0,2.0,1.0
4910,491015,42.0,42.0,,F,True,False,False,False,False,False,1.0,2.0,3.0
4910,491016,8.0,8.0,,F,True,False,False,False,False,False,1.0,1.0,3.0
4910,491017,71.0,71.0,,M,True,False,False,False,False,False,1.0,1.0,5.0
4910,491018,52.0,50.0,55.0,F,False,False,False,False,False,True,4.0,2.0,2.0
4910,491019,46.0,45.0,48.0,F,False,False,False,False,False,True,5.0,2.0,1.0
4911,491101,47.0,45.0,50.0,F,False,True,False,False,False,False,5.0,2.0,2.0
4911,491102,42.0,40.0,45.0,F,False,True,False,False,False,False,2.0,2.0,1.0
4911,491103,37.0,35.0,40.0,F,False,True,False,False,False,False,2.0,2.0,1.0
4911,491104,47.0,45.0,50.0,F,False,True,False,False,False,False,2.0,2.0,1.0
4911,491105,47.0,45.0,50.0,F,False,True,False,False,False,False,2.0,2.0,2.0
4911,491106,32.0,30.0,35.0,F,False,True,False,False,False,False,2.0,2.0,1.0
4911,491107,22.0,20.0,25.0,M,False,True,False,False,False,False,5.0,2.0,1.0
4911,491108,75.0,75.0,,F,False,True,False,False,False,False,2.0,2.0,1.0
4911,491109,22.0,20.0,25.0,M,False,True,False,False,False,False,5.0,2.0,1.0
4911,491110,52.0,50.0,55.0,F,False,True,False,False,False,False,2.0,2.0,3.0
4911,491111,72.0,70.0,75.0,F,False,False,False,False,False,True,1.0,2.0,1.0
4911,491112,52.0,50.0,55.0,M,False,True,False,False,False,False,3.0,2.0,1.0
4911,491113,52.0,50.0,55.0,F,False,True,False,False,False,False,2.0,2.0,2.0
4911,491114,37.0,35.0,40.0,F,False,True,False,False,False,False,2.0,2.0,1.0
4911,491115,46.0,46.0,,M,True,False,False,False,False,False,1.0,1.0,4.0
4911,491116,35.0,35.0,,F,False,True,False,False,False,False,2.0,1.0,3.0
4911,491117,47.0,45.0,50.0,F,False,True,False,False,False,False,2.0,2.0,2.0
4911,491118,47.0,45.0,50.0,F,False,True,False,False,False,False,2.0,2.0,2.0
4911,491119,42.0,40.0,45.0,F,False,True,False,False,False,False,2.0,2.0,3.0
4911,491120,52.0,50.0,55.0,M,False,True,False,False,False,False,2.0,2.0,1.0
4911,491121,57.0,55.0,60.0,F,False,True,False,False,False,False,2.0,2.0,1.0
4911,491122,42.0,40.0,45.0,F,False,True,False,False,False,False,2.0,2.0,2.0
4911,491123,8.0,8.0,,M,True,False,False,False,False,False,1.0,1.0,5.0
4912,491201,50.0,50.0,,M,False,False,False,False,True,False,1.0,2.0,4.0
4912,491202,21.0,18.0,24.0,,False,False,False,False,True,False,1.0,2.0,4.0
4912,491203,14.0,14.0,,M,True,False,False,False,False,False,1.0,1.0,4.0
4912,491204,46.0,46.0,,F,True,False,False,False,False,False,1.0,2.0,4.0
4912,491205,49.0,49.0,,M,False,False,False,False,True,False,2.0,2.0,4.0
4912,491206,21.0,18.0,25.0,M,False,True,False,False,False,False,1.0,2.0,1.0
4912,491207,37.0,35.0,40.0,F,False,True,False,False,False,False,2.0,2.0,2.0
4912,491208,45.0,40.0,50.0,F,False,True,False,False,False,False,1.0,2.0,1.0
4912,491209,27.0,25.0,30.0,M,False,True,False,False,False,False,1.0,2.0,2.0
4912,491210,27.0,25.0,30.0,F,True,False,False,False,False,False,1.0,1.0,4.0
4912,491211,15.0,15.0,,F,True,False,False,False,False,False,1.0,1.0,4.0
4913,491301,25.0,20.0,30.0,F,False,False,False,False,False,True,4.0,1.0,2.0
4913,491302,71.0,71.0,,M,False,False,False,False,False,True,1.0,2.0,1.0
4913,491303,7.0,7.0,,F,False,False,False,False,False,True,2.0,1.0,4.0
4913,491304,3.0,3.0,,F,False,False,False,False,False,True,2.0,1.0,4.0
4913,491305,27.0,27.0,,F,False,False,False,False,False,True,2.0,1.0,4.0
4913,491306,5.0,5.0,,F,True,False,False,False,False,False,1.0,1.0,3.0
4913,491307,5.0,5.0,,M,True,False,False,False,False,False,1.0,1.0,5.0
4913,491308,22.0,22.0,,F,False,True,False,False,False,False,2.0,2.0,5.0
4913,491309,22.0,22.0,,F,False,True,False,False,False,False,1.0,1.0,5.0
4913,491310,17.0,17.0,,M,False,True,False,False,False,False,2.0,2.0,5.0
4913,491311,50.0,50.0,,F,False,False,False,False,False,True,1.0,1.0,3.0
4913,491312,45.0,40.0,50.0,M,False,False,False,False,True,False,4.0,1.0,2.0
4913,491313,33.0,33.0,,M,False,False,False,False,False,True,2.0,1.0,4.0
4914,491401,25.0,20.0,30.0,M,False,False,False,False,True,False,4.0,2.0,2.0
4914,491402,30.0,30.0,,M,False,False,False,False,False,True,2.0,2.0,3.0
4914,491403,25.0,25.0,,F,False,False,False,False,False,True,2.0,1.0,4.0
4914,491404,1.0,1.0,,F,False,False,False,False,False,True,2.0,1.0,4.0
4914,491405,4.0,4.0,,M,True,False,False,False,False,False,1.0,1.0,3.0
4914,491406,62.0,60.0,65.0,F,False,False,False,False,False,True,3.0,2.0,1.0
4914,491407,81.0,81.0,,M,False,False,False,False,False,True,3.0,2.0,2.0
4914,491408,2.0,2.0,,M,False,False,False,False,False,True,2.0,1.0,4.0
4914,491409,34.0,34.0,,M,True,False,False,False,False,False,1.0,1.0,3.0
4914,491410,54.0,54.0,,M,True,False,False,False,False,False,1.0,1.0,5.0
4914,491411,40.0,40.0,,F,False,True,False,False,False,False,2.0,2.0,3.0
4914,491412,34.0,34.0,,M,True,False,False,False,False,False,1.0,1.0,5.0
4914,491413,26.0,26.0,,F,False,True,False,False,False,False,1.0,2.0,5.0
4914,491414,44.0,44.0,,F,True,False,False,False,False,False,2.0,1.0,1.0
4914,491415,29.0,29.0,,F,False,True,False,False,False,False,1.0,1.0,5.0
4914,491416,27.0,27.0,,F,False,True,False,False,False,False,1.0,2.0,5.0
4914,491417,33.0,33.0,,M,False,True,False,False,False,False,1.0,2.0,5.0
4914,491418,42.0,42.0,,M,False,True,False,False,False,False,2.0,2.0,3.0
4914,491419,4.0,4.0,,M,True,False,False,False,False,False,1.0,1.0,5.0
4915,491501,40.0,40.0,,M,False,True,False,False,False,False,1.0,2.0,2.0
4915,491502,39.0,39.0,,M,False,False,False,False,True,False,1.0,1.0,4.0
4915,491503,40.0,40.0,,F,False,False,False,False,True,False,2.0,1.0,4.0
4915,491504,40.0,40.0,,M,False,False,False,False,True,False,2.0,1.0,4.0
4915,491505,40.0,40.0,,F,False,False,False,False,True,False,2.0,1.0,4.0
4915,491506,40.0,40.0,,M,False,False,False,False,True,False,2.0,1.0,4.0
4915,491507,66.0,66.0,,F,False,False,False,False,False,True,2.0,,2.0
4916,491601,66.0,66.0,,M,False,False,False,False,True,False,2.0,2.0,4.0
4916,491602,19.0,19.0,,F,True,False,False,False,False,False,2.0,1.0,1.0
4916,491603,58.0,58.0,,M,False,False,False,False,True,False,2.0,2.0,4.0
4916,491604,52.0,50.0,55.0,M,False,False,False,False,True,False,2.0,2.0,3.0
4917,491701,20.0,20.0,,M,False,False,False,False,True,False,2.0,2.0,3.0
4917,491702,18.0,18.0,,F,True,False,False,False,False,False,3.0,1.0,2.0
4917,491703,36.0,36.0,,M,False,False,False,False,False,True,2.0,2.0,1.0
4917,491704,19.0,19.0,,M,False,False,False,False,False,True,3.0,2.0,1.0
4917,491705,47.0,47.0,,M,False,False,False,True,False,False,2.0,2.0,1.0
4917,491706,43.0,43.0,,F,False,False,False,True,False,False,2.0,1.0,1.0
4917,491707,10.0,10.0,,F,False,False,False,False,False,True,2.0,1.0,2.0
4917,491708,18.0,18.0,,F,False,False,False,False,True,False,2.0,1.0,3.0
4917,491709,69.0,69.0,,F,False,False,False,False,False,True,1.0,1.0,2.0
4917,491710,20.0,20.0,,M,True,False,False,False,False,False,1.0,1.0,5.0
4917,491711,20.0,20.0,,M,True,False,False,False,False,False,1.0,1.0,5.0
4917,491712,20.0,20.0,,M,True,False,False,False,False,False,1.0,1.0,5.0
4917,491713,17.0,17.0,,M,True,False,False,False,False,False,1.0,1.0,5.0
4917,491714,49.0,49.0,,M,True,False,False,False,False,False,1.0,1.0,5.0
4917,491715,41.0,41.0,,F,True,False,False,False,False,False,1.0,1.0,5.0
4917,491716,18.0,18.0,,F,False,False,False,False,True,False,2.0,2.0,3.0
4918,491801,20.0,20.0,,F,False,False,False,False,True,False,3.0,1.0,4.0
4918,491802,65.0,65.0,,F,True,False,False,False,False,False,2.0,2.0,3.0
4918,491803,22.0,20.0,25.0,F,True,False,False,False,False,False,2.0,2.0,2.0
4918,491804,27.0,27.0,,M,True,False,False,False,False,False,1.0,1.0,1.0
4918,491805,40.0,40.0,,M,True,False,False,False,False,False,3.0,1.0,2.0
4918,491806,27.0,27.0,,M,True,False,False,False,False,False,1.0,1.0,5.0
4918,491807,61.0,61.0,,M,True,False,False,False,False,False,1.0,1.0,5.0
4918,491808,2.0,2.0,,F,True,False,False,False,False,False,2.0,1.0,2.0
4918,491809,63.0,63.0,,M,True,False,False,False,False,False,2.0,1.0,3.0
4919,491901,31.0,31.0,,M,True,False,False,False,False,False,1.0,1.0,4.0
4919,491902,37.0,35.0,40.0,F,False,False,False,False,True,False,2.0,1.0,1.0
4919,491903,16.0,16.0,,F,False,False,False,False,False,True,2.0,,1.0
4919,491904,75.0,75.0,,M,True,False,False,False,False,False,1.0,2.0,1.0
4919,491905,30.0,30.0,,F,True,False,False,False,False,False,1.0,1.0,4.0
4919,491906,2.0,2.0,,M,True,False,False,False,False,False,1.0,1.0,5.0
4919,491907,4.0,4.0,,M,True,False,False,False,False,False,1.0,1.0,5.0
4919,491908,24.0,24.0,,F,True,False,False,False,False,False,1.0,1.0,5.0
4919,491909,72.0,72.0,,F,True,False,False,False,False,False,1.0,2.0,2.0
4920,492001,54.0,54.0,,F,True,False,False,False,False,False,1.0,1.0,5.0
4920,492002,58.0,58.0,,M,False,True,False,False,False,False,1.0,2.0,3.0
4920,492003,56.0,56.0,,M,True,False,False,False,False,True,1.0,2.0,3.0
4920,492004,62.0,60.0,65.0,M,False,False,False,False,False,True,3.0,2.0,1.0
4920,492005,25.0,20.0,30.0,F,False,False,False,False,False,True,3.0,1.0,1.0
4920,492006,29.0,29.0,,F,True,False,False,False,False,False,1.0,1.0,3.0
4920,492007,20.0,20.0,,F,True,False,False,False,False,False,1.0,1.0,5.0
4920,492008,1.0,1.0,,F,True,False,False,False,False,False,1.0,1.0,5.0
4920,492009,2.0,2.0,,M,True,False,False,False,False,False,1.0,1.0,5.0
4920,492010,29.0,29.0,,F,False,True,False,False,False,False,1.0,1.0,5.0
4920,492011,30.0,30.0,,F,False,True,False,False,False,False,1.0,1.0,5.0
4921,492101,21.0,18.0,25.0,F,False,False,False,False,False,True,2.0,2.0,1.0
4921,492102,62.0,60.0,65.0,M,False,False,False,False,False,True,2.0,2.0,1.0
4921,492103,22.0,20.0,25.0,F,False,False,False,False,False,True,5.0,2.0,2.0
4921,492104,37.0,35.0,40.0,F,False,False,False,False,False,True,5.0,,1.0
4921,492105,22.0,20.0,25.0,F,False,False,False,False,False,True,5.0,1.0,2.0
4921,492106,27.0,25.0,30.0,F,False,False,False,False,False,True,5.0,2.0,2.0
4921,492107,18.0,16.0,20.0,F,False,False,False,False,False,True,2.0,2.0,1.0
4921,492108,62.0,60.0,65.0,M,False,False,False,True,True,False,3.0,1.0,4.0
4921,492109,57.0,55.0,60.0,M,False,False,False,True,False,False,5.0,2.0,2.0
4921,492110,52.0,50.0,55.0,F,False,False,False,False,False,True,2.0,2.0,2.0
4921,492111,32.0,30.0,35.0,M,True,False,False,False,False,False,5.0,2.0,1.0
4921,492112,68.0,68.0,,F,True,False,False,True,True,False,1.0,1.0,5.0
4921,492113,27.0,25.0,30.0,M,False,False,False,True,False,False,5.0,2.0,2.0
4921,492114,64.0,64.0,,F,False,False,False,True,True,False,3.0,1.0,4.0
4922,492201,57.0,57.0,,F,False,False,False,False,False,True,2.0,1.0,2.0
4922,492202,35.0,35.0,,F,True,False,False,False,False,False,2.0,2.0,3.0
4922,492203,5.0,5.0,,M,True,False,False,False,False,False,2.0,2.0,4.0
4922,492204,24.0,22.0,27.0,F,False,False,False,False,False,True,2.0,2.0,1.0
4922,492205,38.0,38.0,,F,True,False,False,False,False,False,2.0,2.0,2.0
4922,492206,77.0,77.0,,F,False,False,False,False,False,True,2.0,1.0,3.0
4922,492207,6.0,6.0,,M,True,False,False,False,False,False,1.0,1.0,5.0
4922,492208,10.0,10.0,,F,True,False,False,False,False,False,1.0,1.0,5.0
4922,492209,40.0,40.0,,M,True,False,False,False,False,False,1.0,1.0,5.0
4922,492210,8.0,8.0,,M,True,False,False,False,False,False,2.0,2.0,2.0
4923,492301,2.0,2.0,,M,True,False,False,False,False,False,2.0,1.0,5.0
4923,492302,50.0,50.0,,M,True,False,False,False,False,False,1.0,1.0,5.0
4923,492303,35.0,35.0,,F,False,False,False,False,False,True,3.0,1.0,1.0
4923,492304,45.0,45.0,,M,True,False,False,False,False,False,2.0,2.0,5.0
4923,492305,51.0,51.0,,F,True,False,False,False,False,False,2.0,2.0,5.0
4923,492306,27.0,27.0,,F,False,False,False,False,True,False,2.0,1.0,4.0
4923,492307,15.0,15.0,,F,False,False,False,False,True,True,2.0,2.0,5.0
4923,492308,25.0,25.0,,F,False,False,False,False,True,False,2.0,1.0,4.0
4923,492309,15.0,15.0,,F,False,False,False,False,True,True,2.0,2.0,5.0
4923,492310,14.0,14.0,,M,False,False,False,False,True,True,2.0,2.0,5.0
4923,492311,5.0,5.0,,M,True,False,False,False,False,False,1.0,1.0,5.0
4923,492312,25.0,25.0,,F,True,False,False,False,False,False,1.0,1.0,5.0
4923,492313,25.0,25.0,,M,True,False,False,False,False,False,2.0,1.0,5.0
4923,492314,23.0,23.0,,M,True,False,False,False,False,False,2.0,2.0,5.0
4923,492315,3.0,3.0,,F,True,False,False,False,False,False,2.0,1.0,5.0
4923,492316,35.0,35.0,,M,True,False,False,False,False,False,1.0,1.0,5.0
4923,492317,10.0,10.0,,M,True,False,False,False,False,False,1.0,1.0,5.0
4923,492318,48.0,48.0,,F,True,False,False,False,False,False,1.0,1.0,5.0
4923,492319,23.0,23.0,,F,True,False,False,False,False,False,2.0,1.0,5.0
4924,492401,3.0,3.0,,M,True,False,False,False,False,False,1.0,1.0,1.0
4924,492402,36.0,36.0,37.0,F,False,False,False,False,True,False,2.0,1.0,4.0
4924,492403,11.0,11.0,,F,False,False,False,False,True,False,2.0,1.0,4.0
4924,492404,13.0,13.0,,M,False,False,False,False,True,False,2.0,1.0,4.0
4924,492405,8.0,8.0,,M,False,False,False,False,True,False,2.0,1.0,4.0
4924,492406,8.0,8.0,,M,False,False,False,False,False,False,1.0,1.0,1.0
4924,492407,21.0,20.0,22.0,M,False,False,False,False,True,False,5.0,2.0,4.0
4924,492408,51.0,48.0,55.0,F,False,False,False,False,False,True,5.0,2.0,2.0
4924,492409,10.0,10.0,,,True,False,False,False,False,False,2.0,2.0,1.0
4924,492410,31.0,28.0,35.0,F,True,False,False,False,False,False,3.0,2.0,2.0
4924,492411,64.0,64.0,,F,True,False,False,False,False,False,2.0,2.0,2.0
4924,492412,35.0,35.0,,M,True,False,False,False,False,False,1.0,,3.0
4924,492413,62.0,62.0,,F,True,False,False,False,False,False,1.0,1.0,5.0
4924,492414,41.0,35.0,48.0,M,False,False,False,False,True,False,4.0,,4.0
4924,492415,26.0,26.0,,M,False,False,False,False,True,False,2.0,1.0,4.0
4925,492501,24.0,24.0,,M,True,False,False,False,False,False,2.0,2.0,3.0
4925,492502,18.0,18.0,,F,True,False,False,False,False,False,2.0,2.0,4.0
4925,492503,20.0,18.0,22.0,F,False,False,False,False,False,True,3.0,1.0,1.0
4925,492504,19.0,19.0,,F,True,False,False,False,False,False,1.0,1.0,4.0
4925,492505,43.0,43.0,,F,True,False,False,False,False,False,1.0,1.0,5.0
4925,492506,21.0,21.0,,M,True,False,False,False,False,False,1.0,1.0,4.0
4925,492507,45.0,43.0,47.0,F,False,False,False,False,False,True,3.0,1.0,1.0
4926,492601,40.0,35.0,45.0,M,False,False,False,False,True,False,2.0,2.0,4.0
4926,492602,8.0,8.0,,M,False,False,False,False,True,False,2.0,1.0,4.0
4926,492603,3.0,3.0,,M,False,False,False,False,False,True,2.0,1.0,4.0
4926,492604,7.0,7.0,,M,False,False,False,False,False,True,2.0,1.0,4.0
4926,492605,36.0,36.0,,M,False,False,False,False,False,True,2.0,1.0,4.0
4926,492606,37.0,35.0,40.0,M,False,False,False,False,True,False,2.0,1.0,4.0
4926,492607,38.0,38.0,,M,False,False,False,False,True,False,2.0,1.0,4.0
4926,492608,40.0,35.0,45.0,M,False,False,False,False,True,False,2.0,2.0,4.0
4926,492609,40.0,35.0,45.0,M,False,False,False,False,True,False,2.0,2.0,4.0
4926,492610,37.0,35.0,40.0,M,False,False,False,False,True,False,2.0,2.0,4.0
4926,492611,40.0,35.0,45.0,F,False,False,False,False,True,False,2.0,2.0,4.0
4926,492612,8.0,8.0,,M,True,False,False,False,False,False,1.0,1.0,5.0
4926,492613,37.0,35.0,40.0,M,False,False,False,False,True,False,2.0,2.0,4.0
4926,492614,8.0,8.0,,M,False,False,False,False,True,False,2.0,1.0,4.0
4926,492615,3.0,3.0,,M,True,False,False,False,False,False,1.0,1.0,5.0
4926,492616,18.0,18.0,,M,False,False,False,False,True,False,2.0,1.0,4.0
4926,492617,63.0,63.0,,F,True,False,False,False,False,False,1.0,1.0,4.0
4926,492618,8.0,8.0,,M,False,False,False,False,True,False,2.0,1.0,4.0
4926,492619,8.0,8.0,,M,False,False,False,False,True,False,2.0,1.0,4.0
4926,492620,8.0,8.0,,M,False,False,False,False,True,False,2.0,1.0,4.0
4926,492621,8.0,8.0,,M,False,False,False,False,True,False,2.0,1.0,4.0
4926,492622,8.0,8.0,,M,False,False,False,False,True,False,2.0,1.0,4.0
4926,492623,37.0,37.0,,F,True,False,False,False,False,False,1.0,1.0,5.0
4927,492701,5.0,5.0,,M,False,False,False,False,False,True,5.0,2.0,4.0
4927,492702,42.0,42.0,,F,True,False,False,False,False,False,1.0,1.0,5.0
4927,492703,8.0,8.0,,M,False,False,False,False,False,True,2.0,2.0,4.0
4927,492704,18.0,18.0,,M,False,False,False,False,True,False,5.0,1.0,1.0
4927,492705,37.0,37.0,,F,False,False,False,False,False,True,5.0,2.0,4.0
4927,492706,7.0,7.0,,M,False,False,False,False,False,True,5.0,2.0,4.0
4927,492707,4.0,4.0,,M,False,False,False,False,False,True,2.0,1.0,4.0
4927,492708,37.0,37.0,,F,False,False,False,False,False,True,2.0,2.0,4.0
4927,492709,35.0,35.0,,M,False,False,False,False,False,True,2.0,2.0,4.0
4927,492710,32.0,30.0,35.0,M,False,False,False,False,True,False,5.0,1.0,1.0
4927,492711,12.0,12.0,,M,False,False,False,False,True,False,5.0,2.0,1.0
4927,492712,66.0,65.0,68.0,F,False,False,False,False,True,False,5.0,1.0,1.0
4927,492713,66.0,65.0,68.0,M,False,False,False,False,True,False,5.0,2.0,1.0
4927,492714,62.0,62.0,,F,False,False,False,False,False,True,2.0,2.0,2.0
4927,492715,40.0,40.0,,M,False,False,False,False,False,True,3.0,2.0,1.0
4927,492716,17.0,17.0,,F,True,False,False,False,False,False,1.0,1.0,4.0
4927,492717,11.0,11.0,,F,True,False,False,False,False,False,1.0,1.0,5.0
4927,492718,65.0,65.0,,M,True,False,False,False,False,False,1.0,1.0,5.0
4927,492719,59.0,59.0,,M,False,False,False,False,False,True,2.0,2.0,2.0
4928,492801,32.0,32.0,33.0,F,True,False,False,False,False,False,2.0,2.0,3.0
4928,492802,4.0,4.0,,F,True,False,False,False,False,False,2.0,2.0,2.0
4928,492803,30.0,30.0,31.0,M,True,False,False,False,False,False,2.0,2.0,2.0
4928,492804,51.0,51.0,,M,True,False,False,False,True,False,1.0,1.0,5.0
4928,492805,18.0,18.0,,M,True,False,False,False,False,False,1.0,1.0,4.0
4929,492901,45.0,40.0,50.0,M,False,True,False,False,False,False,1.0,,5.0
4929,492902,35.0,30.0,40.0,M,False,False,False,True,False,False,1.0,2.0,3.0
4929,492903,35.0,30.0,40.0,F,False,True,False,False,False,False,1.0,1.0,4.0
4929,492904,45.0,40.0,50.0,M,False,False,False,False,False,True,2.0,1.0,2.0
4930,493001,44.0,44.0,,F,True,False,False,False,False,False,1.0,1.0,5.0
4930,493002,44.0,44.0,,F,True,False,False,False,False,False,1.0,1.0,5.0
4930,493003,18.0,18.0,,F,False,False,True,False,True,False,1.0,1.0,5.0
4930,493004,19.0,19.0,,F,False,False,True,False,True,False,1.0,1.0,5.0
4931,493101,25.0,20.0,30.0,F,False,True,False,False,False,False,3.0,2.0,3.0
4931,493102,40.0,30.0,50.0,M,False,True,False,False,False,False,3.0,2.0,4.0
4931,493103,40.0,30.0,50.0,M,False,True,False,False,False,False,3.0,2.0,3.0
4931,493104,25.0,20.0,30.0,M,False,True,False,False,False,False,3.0,2.0,3.0
4931,493105,42.0,42.0,,F,True,False,False,False,False,False,1.0,1.0,4.0
4931,493106,40.0,30.0,50.0,M,False,True,False,False,False,False,3.0,2.0,4.0
4932,493201,19.0,19.0,,M,False,False,False,False,True,False,1.0,2.0,4.0
4932,493202,45.0,40.0,50.0,M,False,False,False,False,False,True,2.0,1.0,2.0
4932,493203,45.0,40.0,50.0,M,False,False,False,True,False,False,1.0,2.0,3.0
4932,493204,20.0,20.0,,M,False,False,False,False,True,False,1.0,2.0,4.0
4932,493205,50.0,50.0,,F,True,False,False,False,False,False,1.0,1.0,4.0
4932,493206,25.0,20.0,30.0,F,False,True,False,False,False,False,1.0,1.0,5.0
4932,493207,35.0,30.0,40.0,M,False,True,False,False,False,False,1.0,1.0,5.0
4932,493208,20.0,20.0,,M,False,False,False,False,True,False,1.0,2.0,4.0
4933,493301,45.0,40.0,50.0,F,False,False,False,False,False,True,2.0,2.0,2.0
4933,493302,45.0,40.0,50.0,M,False,False,False,True,False,False,2.0,2.0,2.0
4934,493401,54.0,54.0,,M,True,False,False,False,True,False,1.0,1.0,5.0
4934,493402,45.0,40.0,50.0,F,False,False,False,False,False,True,2.0,2.0,1.0
4935,493501,45.0,45.0,,M,True,False,False,False,False,False,1.0,1.0,4.0
4935,493502,35.0,30.0,40.0,F,False,False,False,False,False,True,2.0,1.0,2.0
4936,493601,45.0,40.0,50.0,F,False,False,False,False,False,True,2.0,1.0,4.0
4937,493701,54.0,54.0,,F,False,False,False,False,True,False,2.0,1.0,5.0
4937,493702,55.0,55.0,,F,False,False,False,False,True,False,2.0,1.0,5.0
4938,493801,54.0,54.0,,M,True,False,False,False,False,False,1.0,1.0,5.0
4939,493901,55.0,50.0,60.0,F,False,False,False,False,False,True,2.0,1.0,4.0
4939,493902,55.0,50.0,60.0,M,False,False,False,False,False,True,2.0,1.0,3.0
4940,494001,45.0,40.0,50.0,M,False,False,False,False,True,False,2.0,2.0,4.0
4940,494002,45.0,40.0,50.0,M,False,False,False,False,True,False,2.0,2.0,4.0
4941,494101,44.0,44.0,,M,True,False,False,False,True,False,1.0,1.0,5.0
4941,494102,13.0,13.0,,F,True,False,False,False,True,False,1.0,1.0,5.0
4941,494103,5.0,5.0,,M,True,False,False,False,True,False,1.0,1.0,5.0
4942,494201,34.0,34.0,,M,True,False,False,False,False,False,1.0,1.0,5.0
4943,494301,20.0,20.0,,M,True,False,False,False,True,False,1.0,1.0,5.0
4943,494302,20.0,20.0,,M,True,False,False,False,True,False,1.0,2.0,5.0
4943,494303,19.0,19.0,,M,True,False,False,False,True,False,1.0,2.0,5.0
4944,494401,22.0,22.0,,F,True,False,False,False,True,False,1.0,1.0,5.0
4945,494501,55.0,55.0,,F,True,False,False,False,False,False,1.0,1.0,5.0
4946,494601,37.0,35.0,40.0,M,False,True,False,False,False,False,3.0,2.0,1.0
4946,494602,21.0,21.0,,F,False,True,False,False,False,False,4.0,2.0,2.0
4946,494603,47.0,47.0,,F,False,True,False,False,False,False,2.0,2.0,2.0
4946,494604,35.0,30.0,40.0,F,False,False,False,False,False,True,4.0,2.0,2.0
4946,494605,25.0,20.0,30.0,F,False,False,False,False,False,True,4.0,2.0,2.0
4946,494606,25.0,20.0,30.0,M,False,False,False,False,True,False,4.0,1.0,2.0
4946,494607,42.0,42.0,,F,False,False,False,False,True,False,3.0,1.0,4.0
4946,494608,37.0,35.0,40.0,M,False,True,False,False,False,False,5.0,2.0,2.0
4946,494609,23.0,23.0,,F,False,True,False,False,False,False,2.0,2.0,2.0
4946,494610,55.0,50.0,60.0,F,False,True,False,False,False,False,3.0,2.0,1.0
4946,494611,55.0,50.0,60.0,M,False,True,False,False,False,False,5.0,2.0,1.0
4946,494612,55.0,50.0,60.0,F,False,True,False,False,False,False,5.0,2.0,1.0
4946,494613,37.0,35.0,40.0,M,False,True,False,False,False,False,5.0,2.0,2.0
4946,494614,51.0,51.0,,M,False,False,False,False,True,False,3.0,1.0,4.0
4946,494615,55.0,55.0,,F,False,True,False,False,False,False,1.0,2.0,5.0
4946,494616,58.0,58.0,,M,True,False,False,False,False,False,1.0,1.0,5.0
4946,494617,35.0,35.0,,F,False,False,False,False,False,True,2.0,1.0,3.0
4946,494618,32.0,32.0,,M,False,True,False,False,False,False,1.0,2.0,2.0
4946,494619,37.0,35.0,40.0,M,False,True,False,False,False,False,5.0,2.0,1.0
4946,494620,45.0,45.0,,F,False,True,False,False,False,False,1.0,2.0,5.0
4946,494621,45.0,45.0,,F,False,True,False,False,False,False,1.0,2.0,5.0
4946,494622,37.0,37.0,,M,False,True,False,False,False,False,1.0,2.0,3.0
4946,494623,30.0,30.0,,F,False,True,False,False,False,False,1.0,1.0,5.0
4946,494624,32.0,32.0,,F,False,True,False,False,False,False,2.0,2.0,5.0
4946,494625,50.0,50.0,,F,False,True,False,False,False,False,2.0,2.0,3.0
4946,494626,31.0,31.0,,F,False,True,False,False,False,False,1.0,2.0,4.0
4946,494627,52.0,52.0,,F,False,True,False,False,False,False,1.0,2.0,4.0
4946,494628,30.0,30.0,,F,False,True,False,False,False,False,1.0,2.0,4.0
4946,494629,40.0,40.0,,M,False,False,False,False,False,True,5.0,2.0,2.0
4947,494701,14.0,14.0,,M,True,False,False,False,False,False,3.0,2.0,4.0
4947,494702,50.0,50.0,,M,True,False,False,False,False,False,3.0,2.0,4.0
4947,494703,14.0,14.0,,M,True,False,False,False,False,False,3.0,2.0,4.0
4947,494704,38.0,38.0,,F,True,False,False,False,False,False,2.0,2.0,4.0
4947,494705,32.0,30.0,35.0,F,False,False,False,False,False,True,3.0,2.0,2.0
4947,494706,5.0,5.0,,M,False,False,False,False,False,True,3.0,2.0,2.0
4947,494707,3.0,3.0,,F,False,False,False,False,False,True,3.0,2.0,2.0
4947,494708,16.0,16.0,,M,True,False,False,False,False,False,3.0,1.0,4.0
4947,494709,84.0,84.0,,F,False,False,False,False,True,False,1.0,2.0,1.0
4947,494710,3.0,3.0,,F,False,False,False,False,False,True,3.0,2.0,2.0
4947,494711,68.0,68.0,,F,False,False,False,False,True,False,2.0,1.0,4.0
4947,494712,51.0,51.0,,M,False,False,False,False,True,False,1.0,2.0,3.0
4947,494713,75.0,75.0,,M,True,False,False,False,False,False,1.0,1.0,5.0
4947,494714,42.0,42.0,,M,True,False,False,False,False,False,3.0,1.0,4.0
4947,494715,55.0,55.0,,F,False,False,False,False,True,False,1.0,1.0,4.0
4947,494716,63.0,63.0,,F,False,False,False,False,True,False,1.0,1.0,
4947,494717,55.0,55.0,,M,False,False,False,True,False,False,5.0,2.0,1.0
4947,494718,40.0,40.0,,M,False,False,False,False,False,True,5.0,2.0,1.0
4948,494801,75.0,75.0,,M,True,False,False,False,False,False,1.0,1.0,4.0
4948,494802,60.0,60.0,,M,False,False,False,False,True,False,5.0,1.0,2.0
4948,494803,18.0,18.0,,M,True,False,False,False,False,False,3.0,2.0,1.0
4948,494804,35.0,35.0,,M,False,False,False,True,False,False,5.0,2.0,1.0
4948,494805,44.0,44.0,,M,False,False,False,True,False,False,5.0,2.0,1.0
4948,494806,20.0,20.0,,F,False,False,False,False,True,False,5.0,2.0,4.0
4948,494807,55.0,55.0,,M,False,False,False,False,True,False,5.0,1.0,2.0
4948,494808,55.0,55.0,,F,True,False,False,False,False,False,2.0,2.0,3.0
4948,494809,51.0,51.0,,F,True,False,False,False,False,False,2.0,1.0,4.0
4948,494810,74.0,74.0,,F,True,False,False,False,False,False,1.0,1.0,4.0
4948,494811,51.0,51.0,,M,True,False,False,False,False,False,2.0,1.0,4.0
4948,494812,22.0,22.0,,M,True,False,False,False,False,False,1.0,1.0,5.0
4948,494813,24.0,24.0,,M,True,False,False,False,False,False,1.0,1.0,5.0
4948,494814,48.0,48.0,,M,True,False,False,False,False,False,1.0,1.0,5.0
4949,494901,37.0,35.0,40.0,M,False,True,False,False,False,False,1.0,2.0,5.0
4949,494902,28.0,28.0,,F,False,False,False,False,True,False,1.0,1.0,4.0
4949,494903,29.0,29.0,,F,False,False,False,False,True,False,2.0,2.0,4.0
4949,494904,28.0,28.0,,F,False,False,False,False,True,False,2.0,2.0,4.0
4949,494905,22.0,22.0,,F,False,True,False,False,False,False,1.0,2.0,4.0
4949,494906,30.0,30.0,,M,False,False,False,False,True,False,2.0,2.0,4.0
4949,494907,28.0,28.0,,M,False,True,False,False,False,False,1.0,2.0,5.0
4949,494908,59.0,59.0,,M,True,False,False,False,False,False,1.0,2.0,4.0
4949,494909,58.0,58.0,,F,True,False,False,False,False,False,1.0,2.0,4.0
4949,494910,22.0,20.0,25.0,F,False,True,False,False,False,False,1.0,2.0,4.0
4950,495001,57.0,55.0,60.0,F,False,True,False,False,False,False,5.0,2.0,1.0
4950,495002,37.0,35.0,40.0,M,False,True,False,False,False,False,2.0,2.0,1.0
4950,495003,42.0,40.0,45.0,F,False,True,False,False,False,False,1.0,2.0,2.0
4950,495004,22.0,20.0,25.0,M,False,True,False,False,False,False,4.0,2.0,1.0
4950,495005,47.0,45.0,50.0,F,False,True,False,False,False,False,1.0,2.0,4.0
4950,495006,32.0,30.0,35.0,F,False,False,False,False,False,True,5.0,2.0,1.0
4950,495007,50.0,45.0,55.0,M,False,True,False,False,False,False,5.0,1.0,3.0
4950,495008,5.0,5.0,,F,True,False,False,False,False,False,1.0,1.0,5.0
4950,495009,5.0,5.0,,M,True,False,False,False,False,False,1.0,1.0,5.0
4950,495010,37.0,37.0,,F,True,False,False,False,False,False,1.0,1.0,5.0
4950,495011,5.0,5.0,,M,True,False,False,False,False,False,1.0,1.0,5.0
4951,495101,4.0,4.0,,F,True,False,False,False,True,False,1.0,1.0,5.0
4951,495102,2.0,2.0,,M,False,False,False,False,True,False,3.0,1.0,4.0
4951,495103,52.0,52.0,,F,True,False,False,False,False,False,2.0,1.0,2.0
4951,495104,47.0,45.0,50.0,F,False,False,True,False,False,False,2.0,2.0,1.0
4951,495105,35.0,35.0,,F,False,False,True,False,False,False,1.0,2.0,3.0
4951,495106,32.0,30.0,35.0,F,False,False,False,False,True,False,5.0,2.0,2.0
4951,495107,36.0,36.0,,F,False,False,True,False,False,False,1.0,2.0,3.0
4951,495108,3.0,3.0,,M,False,False,False,False,True,False,5.0,2.0,3.0
4951,495109,33.0,33.0,,M,True,False,False,False,False,False,2.0,2.0,4.0
4951,495110,64.0,64.0,,M,True,False,False,False,False,False,2.0,1.0,4.0
4951,495111,38.0,37.0,40.0,F,False,False,True,False,False,False,1.0,2.0,2.0
4951,495112,6.0,6.0,,M,True,False,True,False,False,False,1.0,1.0,5.0
4951,495113,36.0,36.0,,M,True,False,False,False,False,False,1.0,1.0,5.0
4951,495114,35.0,33.0,38.0,F,False,False,True,False,False,False,2.0,2.0,1.0
4951,495115,36.0,36.0,,F,False,False,False,False,True,False,3.0,2.0,4.0
4952,495201,78.0,78.0,,F,True,False,False,False,False,False,1.0,,1.0
4952,495202,42.0,40.0,45.0,M,False,True,False,False,False,False,2.0,2.0,1.0
4952,495203,23.0,23.0,,F,False,True,False,False,False,False,3.0,1.0,1.0
4952,495204,59.0,59.0,,M,False,True,False,False,False,False,1.0,1.0,3.0
4952,495205,61.0,60.0,63.0,M,False,True,False,False,False,False,3.0,2.0,1.0
4952,495206,25.0,25.0,,F,False,True,False,False,False,False,3.0,1.0,1.0
4952,495207,59.0,59.0,,F,False,True,False,False,False,False,3.0,2.0,1.0
4952,495208,42.0,40.0,45.0,M,False,True,False,False,False,False,2.0,2.0,2.0
4952,495209,85.0,85.0,,M,True,False,False,False,False,False,1.0,2.0,3.0
4952,495210,47.0,47.0,,M,False,True,False,False,False,False,2.0,2.0,2.0
4952,495211,33.0,32.0,35.0,F,True,False,False,False,False,False,2.0,2.0,2.0
4952,495212,24.0,24.0,,M,False,True,False,False,False,False,1.0,2.0,4.0
4952,495213,57.0,55.0,60.0,M,False,False,False,False,False,True,5.0,2.0,1.0
4952,495214,38.0,38.0,,M,False,True,False,False,False,False,2.0,1.0,3.0
4952,495215,61.0,61.0,,M,False,True,False,False,False,False,1.0,1.0,4.0
4952,495216,32.0,30.0,35.0,F,False,True,False,False,False,False,1.0,1.0,3.0
4952,495217,42.0,40.0,45.0,M,False,True,False,False,False,False,1.0,2.0,1.0
4952,495218,26.0,26.0,,M,False,True,False,False,False,False,1.0,2.0,1.0
4952,495219,32.0,30.0,34.0,F,False,True,False,False,False,False,1.0,1.0,2.0
4952,495220,33.0,32.0,35.0,F,False,True,False,False,False,False,1.0,1.0,2.0
4952,495221,42.0,40.0,45.0,F,False,True,False,False,False,False,2.0,1.0,1.0
4952,495222,60.0,60.0,,M,False,True,False,False,False,False,1.0,2.0,4.0
4953,495301,42.0,40.0,45.0,F,False,False,False,False,True,False,2.0,2.0,4.0
4953,495302,27.0,27.0,,F,False,True,False,False,False,False,1.0,2.0,2.0
4953,495303,9.0,9.0,,F,True,False,False,False,False,False,1.0,1.0,5.0
4953,495304,37.0,35.0,40.0,F,False,False,False,False,True,False,2.0,2.0,4.0
4953,495305,18.0,18.0,,F,False,False,False,False,True,False,2.0,2.0,4.0
4953,495306,22.0,20.0,25.0,F,False,False,False,False,True,False,2.0,2.0,4.0
4953,495307,26.0,25.0,27.0,F,False,False,False,False,True,False,2.0,2.0,4.0
4953,495308,14.0,14.0,,M,True,False,False,False,False,False,1.0,1.0,5.0
4953,495309,41.0,41.0,,M,True,False,False,False,False,False,1.0,1.0,5.0
4953,495310,23.0,23.0,,F,False,True,False,False,False,False,1.0,2.0,2.0
4953,495311,52.0,52.0,,F,False,True,False,False,False,False,1.0,1.0,3.0
4953,495312,52.0,50.0,55.0,F,False,True,False,False,False,False,1.0,2.0,3.0
4953,495313,37.0,35.0,40.0,F,False,False,False,False,True,False,2.0,1.0,4.0
4953,495314,52.0,50.0,55.0,M,False,False,True,False,False,False,2.0,2.0,3.0
4953,495315,42.0,40.0,45.0,M,False,True,False,False,False,False,1.0,2.0,2.0
4953,495316,17.0,17.0,,F,False,False,True,False,False,False,2.0,1.0,2.0
4953,495317,17.0,17.0,,F,False,False,True,False,False,False,1.0,2.0,1.0
4953,495318,17.0,17.0,,F,False,False,True,False,False,False,1.0,1.0,4.0
4953,495319,23.0,23.0,,F,False,False,False,False,True,False,2.0,1.0,4.0
4953,495320,17.0,17.0,,F,False,False,True,False,False,False,1.0,2.0,4.0
4953,495321,38.0,38.0,,F,True,False,False,False,False,False,1.0,1.0,5.0
4953,495322,18.0,18.0,,F,False,False,True,False,False,False,2.0,2.0,1.0
4953,495323,18.0,18.0,,F,False,False,True,False,False,False,2.0,2.0,1.0
4953,495324,32.0,30.0,35.0,F,False,False,True,False,False,False,5.0,2.0,3.0
4953,495325,19.0,19.0,,F,False,False,True,False,False,False,1.0,2.0,1.0
4953,495326,17.0,17.0,,M,False,False,True,False,False,False,1.0,2.0,1.0
4953,495327,18.0,18.0,,F,False,False,True,False,False,False,2.0,2.0,2.0
4953,495328,16.0,16.0,,F,False,False,True,False,True,False,2.0,2.0,4.0
4953,495329,17.0,17.0,,F,False,False,True,False,False,False,1.0,1.0,4.0
4954,495401,32.0,30.0,35.0,F,False,False,True,False,False,False,1.0,2.0,1.0
4954,495402,17.0,17.0,,M,False,False,True,False,False,False,1.0,2.0,3.0
4954,495403,14.0,14.0,,M,False,False,True,False,False,False,5.0,2.0,1.0
4954,495404,32.0,32.0,,M,False,False,True,False,False,False,1.0,2.0,4.0
4954,495405,52.0,50.0,55.0,F,False,False,True,False,False,False,3.0,2.0,3.0
4954,495406,32.0,30.0,35.0,F,False,False,True,False,False,False,1.0,2.0,2.0
4954,495407,17.0,17.0,,F,False,False,True,False,False,False,1.0,1.0,3.0
4954,495408,16.0,16.0,,F,False,False,True,False,False,False,1.0,1.0,3.0
4954,495409,16.0,16.0,,M,False,False,True,False,False,False,1.0,2.0,3.0
4954,495410,17.0,17.0,,M,False,False,True,False,False,False,1.0,2.0,3.0
4954,495411,17.0,17.0,,F,False,False,True,False,False,False,1.0,1.0,2.0
4954,495412,17.0,17.0,,M,False,False,True,False,False,False,1.0,2.0,4.0
4954,495413,57.0,57.0,,M,True,False,False,False,False,False,1.0,2.0,4.0
4954,495414,47.0,47.0,,F,True,False,False,False,False,False,1.0,1.0,4.0
4954,495415,16.0,16.0,,M,False,False,True,False,False,False,1.0,2.0,4.0
4954,495416,17.0,17.0,,M,False,False,True,False,False,False,1.0,1.0,3.0
4955,495501,43.0,43.0,,M,True,False,False,False,False,False,1.0,1.0,4.0
4955,495502,15.0,15.0,,F,False,False,True,False,False,False,1.0,2.0,3.0
4955,495503,14.0,14.0,,F,False,False,True,False,False,False,1.0,1.0,3.0
4955,495504,42.0,40.0,45.0,F,False,False,True,False,False,False,2.0,2.0,3.0
4955,495505,14.0,14.0,,F,False,False,True,False,False,False,1.0,2.0,3.0
4955,495506,14.0,14.0,,F,False,False,True,False,False,False,1.0,2.0,4.0
4955,495507,14.0,14.0,,F,False,False,True,False,False,False,1.0,2.0,4.0
4955,495508,14.0,14.0,15.0,F,False,False,True,False,False,False,2.0,2.0,3.0
4955,495509,14.0,14.0,,F,False,False,True,False,False,False,1.0,1.0,3.0
4955,495510,14.0,14.0,15.0,F,False,False,True,False,False,False,2.0,2.0,3.0
4955,495511,15.0,15.0,,F,False,False,True,False,False,False,1.0,2.0,3.0
4955,495512,25.0,20.0,30.0,F,False,False,True,False,False,False,2.0,2.0,3.0
4955,495513,15.0,15.0,,F,False,False,True,False,False,False,1.0,2.0,3.0
4955,495514,12.0,12.0,,F,False,False,False,True,False,False,1.0,2.0,2.0
4955,495515,22.0,20.0,25.0,F,False,False,True,False,False,False,2.0,2.0,3.0
4955,495516,13.0,13.0,,F,True,False,False,False,False,False,1.0,1.0,5.0
4955,495517,12.0,12.0,,F,False,False,False,True,False,False,1.0,2.0,2.0
4955,495518,14.0,14.0,,F,False,False,True,False,False,False,1.0,2.0,4.0
4955,495519,15.0,15.0,,F,False,False,True,False,False,False,1.0,2.0,4.0
4955,495520,15.0,15.0,,F,False,False,True,False,False,False,1.0,2.0,4.0
4955,495521,14.0,14.0,,F,False,False,True,False,False,False,1.0,2.0,3.0
4955,495522,14.0,14.0,,F,False,False,True,False,False,False,1.0,2.0,3.0
4955,495523,35.0,30.0,40.0,M,False,False,True,False,False,False,2.0,2.0,1.0
4955,495524,25.0,20.0,30.0,F,False,False,True,False,False,False,1.0,2.0,2.0
4955,495525,44.0,44.0,,F,True,False,False,False,False,False,1.0,2.0,5.0
4956,495601,42.0,42.0,,F,False,False,True,False,False,False,2.0,2.0,4.0
4956,495602,67.0,67.0,,M,True,False,True,False,False,False,1.0,1.0,4.0
4956,495603,12.0,12.0,,F,True,False,False,False,False,False,1.0,2.0,5.0
4956,495604,44.0,44.0,,,False,False,False,False,False,True,2.0,2.0,4.0
4956,495605,59.0,59.0,,F,False,False,True,False,False,False,1.0,1.0,4.0
4956,495606,63.0,63.0,,F,False,False,False,False,False,True,2.0,1.0,4.0
4956,495607,13.0,13.0,,M,False,False,True,False,False,False,1.0,2.0,4.0
4956,495608,7.0,7.0,,M,False,False,True,False,False,False,1.0,2.0,4.0
4956,495609,62.0,62.0,,F,False,False,True,False,False,False,1.0,2.0,4.0
4956,495610,37.0,37.0,,F,True,False,False,False,False,False,1.0,2.0,5.0
4956,495611,14.0,14.0,,M,False,False,True,False,False,False,1.0,2.0,4.0
4957,495701,52.0,50.0,55.0,M,True,False,False,False,False,False,1.0,2.0,2.0
4957,495702,47.0,45.0,50.0,M,False,True,False,False,False,False,1.0,2.0,2.0
4957,495703,57.0,55.0,60.0,F,False,True,False,False,False,False,2.0,2.0,2.0
4957,495704,28.0,28.0,,F,False,True,False,False,False,False,1.0,2.0,3.0
4957,495705,50.0,50.0,,F,True,False,False,False,False,False,1.0,2.0,4.0
4957,495706,22.0,20.0,25.0,M,False,False,False,False,False,True,5.0,2.0,1.0
4957,495707,27.0,25.0,30.0,M,False,True,False,False,False,False,1.0,2.0,3.0
4957,495708,27.0,27.0,,M,False,True,False,False,False,False,1.0,2.0,4.0
4957,495709,42.0,40.0,45.0,F,False,True,False,False,False,False,1.0,2.0,3.0
4957,495710,19.0,19.0,,F,False,True,False,False,False,False,1.0,2.0,3.0
4957,495711,21.0,21.0,,F,True,False,False,False,False,False,1.0,2.0,2.0
4957,495712,34.0,34.0,,M,False,True,False,False,False,False,1.0,2.0,2.0
4958,495801,79.0,79.0,,F,False,False,False,False,True,False,3.0,2.0,5.0
4958,495802,40.0,40.0,,F,False,False,False,False,False,True,3.0,2.0,2.0
4958,495803,48.0,48.0,,F,True,False,False,False,False,False,1.0,1.0,3.0
4960,496001,60.0,60.0,,M,False,False,False,False,True,False,2.0,2.0,3.0
4960,496002,52.0,50.0,55.0,M,False,False,False,False,True,False,1.0,2.0,3.0
4960,496003,52.0,50.0,55.0,M,False,False,False,False,True,False,2.0,2.0,3.0
4960,496004,60.0,60.0,,M,False,False,False,False,True,False,2.0,2.0,3.0
4960,496005,52.0,50.0,55.0,M,False,False,False,False,True,False,1.0,2.0,3.0
4960,496006,78.0,78.0,,F,True,False,False,False,False,False,1.0,2.0,1.0
4960,496007,42.0,40.0,45.0,F,False,False,False,False,False,True,3.0,2.0,1.0
4960,496008,76.0,76.0,,F,True,False,False,False,False,False,1.0,1.0,5.0
4960,496009,22.0,20.0,25.0,M,True,False,False,False,False,False,5.0,2.0,1.0
4961,496101,45.0,40.0,50.0,M,False,False,False,False,True,False,4.0,2.0,3.0
4961,496102,35.0,30.0,40.0,M,False,False,False,False,True,False,4.0,2.0,3.0
4961,496103,46.0,46.0,,F,True,False,False,False,False,False,1.0,1.0,5.0
4961,496104,17.0,17.0,,M,True,False,False,False,False,False,1.0,2.0,3.0
4962,496201,61.0,61.0,,M,True,False,False,False,False,False,1.0,1.0,5.0
4962,496202,3.0,3.0,,,False,False,True,False,False,False,2.0,1.0,3.0
4962,496203,6.0,6.0,,,False,False,True,False,False,False,2.0,1.0,3.0
4962,496204,8.0,8.0,,,False,False,True,False,False,False,2.0,1.0,4.0
4962,496205,13.0,13.0,,,False,False,True,False,False,False,2.0,1.0,4.0
4962,496206,45.0,40.0,50.0,M,True,False,False,False,False,False,1.0,1.0,1.0
4963,496301,12.0,12.0,13.0,M,False,True,False,False,False,False,2.0,,3.0
4963,496302,22.0,22.0,23.0,M,False,True,False,False,False,False,1.0,2.0,3.0
4963,496303,13.0,11.0,15.0,F,False,True,False,False,False,False,2.0,,4.0
4963,496304,13.0,11.0,15.0,F,False,True,False,False,False,False,2.0,,4.0
4963,496305,13.0,11.0,15.0,F,False,True,False,False,False,False,2.0,,4.0
4963,496306,13.0,11.0,15.0,M,False,True,False,False,False,False,2.0,,4.0
4963,496307,13.0,11.0,15.0,F,False,True,False,False,False,False,2.0,,4.0
4963,496308,42.0,42.0,43.0,F,False,True,False,False,False,False,2.0,,3.0
4963,496309,13.0,11.0,15.0,M,False,True,False,False,False,False,2.0,,4.0
4963,496310,49.0,47.0,52.0,F,False,True,False,False,False,False,2.0,,3.0
4963,496311,12.0,12.0,13.0,M,False,True,False,False,False,False,2.0,,3.0
4963,496312,13.0,13.0,14.0,F,False,True,False,False,False,False,2.0,,3.0
4963,496313,49.0,47.0,52.0,F,False,True,False,False,False,False,1.0,2.0,3.0
4963,496314,13.0,11.0,15.0,F,False,True,False,False,False,False,2.0,1.0,3.0
4963,496315,13.0,11.0,15.0,F,False,True,False,False,False,False,2.0,,4.0
4963,496316,14.0,14.0,,F,True,False,False,False,False,False,1.0,1.0,5.0
4963,496317,13.0,11.0,15.0,M,False,True,False,False,False,False,2.0,2.0,3.0
4963,496318,47.0,47.0,,M,True,False,False,False,False,False,1.0,1.0,5.0
4963,496319,40.0,35.0,45.0,F,False,True,False,False,False,False,1.0,2.0,3.0
4963,496320,13.0,13.0,,F,True,False,False,False,False,False,1.0,1.0,5.0
4963,496321,49.0,49.0,,F,True,False,False,False,False,False,1.0,2.0,2.0
4963,496322,13.0,11.0,15.0,F,False,True,False,False,False,False,2.0,2.0,3.0
4963,496323,13.0,11.0,15.0,M,False,True,False,False,False,False,2.0,2.0,3.0
4963,496324,13.0,11.0,15.0,M,False,True,False,False,False,False,2.0,2.0,3.0
4963,496325,13.0,11.0,15.0,F,False,True,False,False,False,False,2.0,2.0,3.0
4963,496326,34.0,34.0,35.0,F,False,True,False,False,False,False,1.0,2.0,5.0
4963,496327,50.0,49.0,51.0,F,False,True,False,False,False,False,1.0,2.0,5.0
4963,496328,45.0,45.0,46.0,F,False,True,False,False,False,False,1.0,2.0,5.0
4963,496329,13.0,11.0,15.0,F,False,True,False,False,False,False,2.0,2.0,3.0
4964,496401,26.0,26.0,,M,False,False,False,False,False,True,1.0,2.0,2.0
4964,496402,4.0,4.0,,M,False,False,True,False,False,False,1.0,1.0,3.0
4964,496403,13.0,13.0,,M,True,False,False,False,False,False,1.0,2.0,1.0
4964,496404,31.0,31.0,,F,True,False,False,False,False,False,1.0,1.0,5.0
4964,496405,12.0,12.0,,M,True,False,False,False,False,False,1.0,1.0,1.0
4965,496501,18.0,18.0,,M,False,False,False,False,True,False,3.0,2.0,2.0
4965,496502,58.0,58.0,,M,False,False,False,False,True,False,2.0,1.0,4.0
4965,496503,35.0,30.0,40.0,F,False,False,False,False,True,False,3.0,2.0,2.0
4965,496504,35.0,30.0,40.0,M,False,False,False,False,True,False,2.0,2.0,2.0
4965,496505,20.0,20.0,,F,False,False,False,False,True,False,3.0,2.0,2.0
4965,496506,76.0,76.0,,M,False,False,False,False,True,False,2.0,1.0,4.0
4965,496507,80.0,80.0,,M,False,False,False,True,True,False,2.0,1.0,4.0
4965,496508,13.0,13.0,,M,True,False,False,False,False,False,1.0,1.0,5.0
4965,496509,32.0,30.0,35.0,F,False,False,False,False,True,False,2.0,2.0,2.0
4965,496510,17.0,17.0,,M,True,False,False,False,False,False,1.0,1.0,5.0
4965,496511,50.0,50.0,,F,True,False,False,False,False,False,1.0,1.0,5.0
4965,496512,55.0,50.0,60.0,M,False,False,False,False,True,False,3.0,2.0,2.0
4965,496513,52.0,52.0,,F,False,False,False,False,True,False,2.0,1.0,4.0
4966,496601,33.0,33.0,,M,True,False,False,False,False,False,1.0,1.0,5.0
4966,496602,47.0,45.0,50.0,M,False,False,False,False,True,False,2.0,2.0,1.0
4966,496603,35.0,30.0,40.0,F,False,False,False,False,False,True,5.0,1.0,3.0
4966,496604,30.0,30.0,,F,False,False,True,False,False,False,1.0,2.0,3.0
4966,496605,5.0,5.0,,F,True,False,False,False,False,False,1.0,1.0,4.0
4966,496606,7.0,7.0,,F,True,False,False,False,False,False,1.0,1.0,4.0
4967,496701,55.0,55.0,,M,False,False,False,False,False,True,4.0,2.0,3.0
4967,496702,9.0,9.0,,F,False,False,False,False,False,True,5.0,1.0,1.0
4967,496703,35.0,30.0,40.0,M,False,False,False,False,False,False,4.0,2.0,4.0
4967,496704,75.0,70.0,80.0,F,False,False,False,False,False,True,,2.0,4.0
4967,496705,60.0,55.0,65.0,M,False,False,False,False,False,True,3.0,1.0,4.0
4967,496706,10.0,10.0,,M,False,False,False,False,False,False,4.0,2.0,2.0
4967,496707,40.0,40.0,,F,False,False,False,False,False,True,3.0,1.0,4.0
4967,496708,63.0,63.0,,F,True,False,False,False,False,False,1.0,1.0,5.0
4967,496709,35.0,35.0,,M,False,False,False,False,False,True,4.0,1.0,3.0
4967,496710,27.0,27.0,,F,False,False,False,False,False,True,4.0,2.0,4.0
4968,496801,8.0,8.0,,F,True,False,False,False,False,False,2.0,1.0,3.0
4968,496802,28.0,28.0,,F,False,False,False,True,False,False,4.0,2.0,3.0
4968,496803,45.0,45.0,,F,False,False,False,True,False,False,3.0,2.0,
4968,496804,58.0,58.0,,F,False,False,False,False,True,False,2.0,2.0,3.0
4968,496805,39.0,39.0,,F,True,False,False,False,False,False,2.0,1.0,4.0
4968,496806,40.0,40.0,,F,True,False,False,False,False,False,4.0,2.0,1.0
4968,496807,32.0,30.0,35.0,F,False,False,True,False,False,False,5.0,2.0,2.0
4968,496808,5.0,5.0,,F,True,False,False,False,False,False,2.0,1.0,3.0
4968,496809,57.0,55.0,60.0,M,False,False,False,False,False,True,5.0,2.0,3.0
4968,496810,57.0,56.0,58.0,M,False,False,False,False,False,True,5.0,2.0,1.0
4969,496901,19.0,19.0,,M,True,False,False,False,False,True,1.0,2.0,5.0
4969,496902,22.0,20.0,25.0,M,False,False,False,False,True,False,5.0,2.0,1.0
4969,496903,26.0,26.0,,M,True,False,False,False,False,False,1.0,1.0,3.0
4969,496904,37.0,30.0,45.0,M,False,False,False,False,False,True,5.0,2.0,3.0
4969,496905,37.0,30.0,45.0,M,False,False,False,False,False,True,2.0,2.0,4.0
4969,496906,45.0,45.0,,F,True,False,False,False,False,True,1.0,1.0,5.0
4970,497001,43.0,42.0,45.0,F,False,True,False,False,False,False,1.0,1.0,5.0
4970,497002,32.0,30.0,35.0,M,False,True,False,False,False,False,1.0,2.0,5.0
4970,497003,32.0,30.0,35.0,M,False,True,False,False,False,False,1.0,2.0,5.0
4970,497004,22.0,20.0,25.0,M,False,True,False,False,False,False,1.0,2.0,5.0
4970,497005,50.0,40.0,60.0,M,False,True,False,False,False,False,1.0,2.0,5.0
4970,497006,27.0,25.0,30.0,M,False,True,False,False,False,False,1.0,2.0,5.0
4970,497007,42.0,40.0,45.0,F,False,True,False,False,False,False,1.0,1.0,5.0
4970,497008,27.0,25.0,30.0,M,False,True,False,False,False,False,1.0,2.0,5.0
4970,497009,40.0,35.0,45.0,M,False,True,False,False,False,False,1.0,2.0,5.0
4970,497010,57.0,55.0,60.0,M,False,True,False,False,False,False,1.0,2.0,5.0
4970,497011,57.0,55.0,60.0,M,False,True,False,False,False,False,1.0,2.0,5.0
4970,497012,62.0,60.0,65.0,M,False,True,False,False,False,False,1.0,2.0,5.0
4970,497013,35.0,30.0,40.0,M,False,True,False,False,False,False,1.0,2.0,5.0
4971,497101,46.0,46.0,,M,True,False,False,False,False,False,1.0,1.0,5.0
4971,497102,19.0,19.0,,F,False,False,False,False,True,False,2.0,1.0,5.0
4971,497103,25.0,20.0,30.0,F,False,True,False,False,False,False,1.0,2.0,5.0
4971,497104,25.0,20.0,30.0,M,False,True,False,False,False,False,1.0,2.0,5.0
4971,497105,45.0,40.0,50.0,M,False,True,False,False,False,False,1.0,2.0,4.0
4971,497106,55.0,50.0,60.0,M,False,True,False,False,False,False,1.0,1.0,5.0
4971,497107,30.0,30.0,,M,False,True,False,False,False,False,1.0,2.0,4.0
4971,497108,18.0,18.0,,M,False,True,False,False,False,False,1.0,1.0,5.0
4971,497109,18.0,18.0,,F,False,True,False,False,False,False,1.0,1.0,5.0
4971,497110,10.0,10.0,,F,True,False,False,False,False,False,1.0,1.0,5.0
4971,497111,35.0,30.0,40.0,F,False,True,False,False,False,False,1.0,2.0,5.0
4972,497201,12.0,12.0,,F,True,False,False,False,False,False,1.0,1.0,5.0
4972,497202,40.0,35.0,45.0,F,False,False,True,False,False,False,1.0,2.0,1.0
4972,497203,12.0,12.0,,M,True,False,False,False,False,False,1.0,2.0,4.0
4972,497204,2.0,2.0,,F,True,False,False,False,False,False,3.0,,4.0
4972,497205,2.0,2.0,,F,True,False,False,False,False,False,3.0,,4.0
4972,497206,39.0,39.0,,F,True,False,False,False,False,False,3.0,2.0,4.0
4972,497207,37.0,35.0,40.0,M,False,True,False,False,False,False,2.0,2.0,1.0
4972,497208,29.0,29.0,,F,True,False,False,False,False,False,4.0,2.0,4.0
4972,497209,40.0,40.0,,M,False,True,False,False,False,False,2.0,2.0,1.0
4972,497210,21.0,18.0,25.0,F,False,False,True,False,False,False,1.0,2.0,1.0
4972,497211,25.0,20.0,30.0,F,False,False,True,False,False,False,1.0,2.0,1.0
4972,497212,25.0,20.0,30.0,F,False,False,True,False,False,False,1.0,2.0,1.0
4972,497213,25.0,20.0,30.0,F,False,False,True,False,False,False,1.0,2.0,1.0
4972,497214,42.0,42.0,,M,True,False,False,False,False,False,1.0,2.0,5.0
4972,497215,3.0,3.0,,M,True,False,False,False,False,False,1.0,1.0,5.0
4972,497216,12.0,12.0,,M,True,False,False,False,False,False,1.0,1.0,5.0
4972,497217,9.0,9.0,,F,True,False,False,False,False,False,1.0,1.0,5.0
4972,497218,25.0,20.0,30.0,F,False,False,True,False,False,False,1.0,2.0,1.0
4972,497219,25.0,20.0,30.0,F,False,False,True,False,False,False,1.0,2.0,1.0
4973,497301,40.0,40.0,,F,True,False,False,False,False,False,1.0,1.0,5.0
4973,497302,5.0,5.0,,M,True,False,False,False,False,False,1.0,1.0,5.0
4974,497401,6.0,6.0,,F,False,True,False,False,False,False,1.0,1.0,5.0
4974,497402,5.0,5.0,,F,False,True,False,False,False,False,1.0,1.0,5.0
4974,497403,9.0,9.0,,M,False,True,False,False,False,False,1.0,2.0,4.0
4974,497404,77.0,77.0,,F,True,False,False,False,False,False,1.0,1.0,4.0
4974,497405,48.0,48.0,,F,False,False,False,False,False,True,1.0,2.0,2.0
4974,497406,50.0,50.0,,M,False,False,False,False,False,True,1.0,2.0,2.0
4974,497407,21.0,21.0,,M,False,False,False,False,False,True,1.0,1.0,4.0
4974,497408,56.0,56.0,,M,True,False,False,False,False,False,1.0,2.0,4.0
4974,497409,25.0,25.0,,F,True,False,False,False,False,False,1.0,2.0,4.0
4974,497410,19.0,19.0,,M,True,False,False,False,False,False,1.0,2.0,4.0
4974,497411,11.0,11.0,,M,False,True,False,False,False,False,1.0,2.0,4.0
4974,497412,38.0,38.0,,F,False,True,False,False,False,False,1.0,2.0,5.0
4974,497413,7.0,7.0,,M,False,True,False,False,False,False,1.0,2.0,5.0
4974,497414,22.0,22.0,,F,False,True,False,False,False,False,1.0,2.0,4.0
4974,497415,9.0,9.0,,F,False,True,False,False,False,False,2.0,1.0,5.0
4974,497416,21.0,21.0,,M,False,True,False,False,False,False,2.0,2.0,3.0
4974,497417,5.0,5.0,,F,False,True,False,False,False,False,1.0,1.0,3.0
4974,497418,4.0,4.0,,F,False,True,False,False,False,False,1.0,1.0,3.0
4974,497419,6.0,6.0,,F,False,True,False,False,False,False,1.0,,5.0
4974,497420,8.0,8.0,,M,False,True,False,False,False,False,1.0,1.0,5.0
4975,497501,33.0,33.0,,F,True,False,False,False,False,False,2.0,2.0,3.0
4975,497502,46.0,46.0,,M,True,False,False,False,False,False,1.0,2.0,5.0
4975,497503,57.0,55.0,60.0,F,False,True,False,False,False,False,2.0,2.0,4.0
4975,497504,35.0,35.0,,F,False,True,False,False,False,False,2.0,2.0,1.0
4975,497505,52.0,52.0,,F,False,True,False,False,False,False,2.0,2.0,4.0
4975,497506,62.0,62.0,,F,False,True,False,False,False,False,1.0,2.0,4.0
4975,497507,50.0,50.0,,F,False,True,False,False,False,False,1.0,2.0,4.0
4975,497508,55.0,50.0,60.0,F,False,False,False,False,False,True,2.0,2.0,2.0
4975,497509,42.0,42.0,,M,True,False,False,False,False,False,2.0,2.0,1.0
4975,497510,60.0,60.0,,F,False,False,False,False,False,True,2.0,2.0,2.0
4975,497511,54.0,54.0,,F,True,False,False,False,False,False,2.0,2.0,2.0
4975,497512,80.0,80.0,,F,True,False,False,False,False,False,1.0,2.0,2.0
4975,497513,43.0,43.0,,F,True,False,True,False,False,False,1.0,2.0,4.0
4975,497514,14.0,14.0,,F,True,False,False,False,False,False,1.0,1.0,5.0
4975,497515,17.0,17.0,,M,True,False,False,False,False,False,1.0,2.0,5.0
4975,497516,39.0,39.0,,F,False,True,False,False,False,False,1.0,2.0,4.0
4976,497601,47.0,45.0,50.0,F,False,False,False,False,False,True,5.0,2.0,2.0
4976,497602,47.0,45.0,50.0,M,False,False,False,False,False,True,5.0,2.0,2.0
4976,497603,50.0,50.0,,M,True,False,False,False,False,False,1.0,1.0,5.0
4976,497604,17.0,17.0,,M,True,False,False,False,False,False,1.0,1.0,5.0
4976,497605,16.0,16.0,,F,True,False,False,False,False,False,1.0,1.0,5.0
4976,497606,79.0,79.0,,F,True,False,False,False,False,False,2.0,2.0,4.0
4976,497607,42.0,40.0,45.0,F,True,False,False,False,False,False,3.0,2.0,4.0
4977,497701,32.0,30.0,35.0,F,False,False,False,False,True,False,2.0,1.0,3.0
4977,497702,35.0,30.0,40.0,M,False,False,False,True,False,False,5.0,2.0,1.0
4977,497703,42.0,40.0,45.0,M,False,False,False,False,False,True,5.0,2.0,1.0
4977,497704,22.0,20.0,25.0,F,False,False,False,False,False,True,5.0,2.0,1.0
4977,497705,27.0,25.0,30.0,F,False,False,False,True,False,False,5.0,2.0,1.0
4977,497706,42.0,40.0,45.0,M,False,False,False,True,False,False,5.0,2.0,1.0
4977,497707,32.0,30.0,35.0,F,False,False,False,False,True,False,4.0,1.0,1.0
4977,497708,42.0,40.0,45.0,M,False,False,False,True,False,False,5.0,2.0,1.0
4977,497709,40.0,39.0,41.0,M,False,False,False,False,True,False,2.0,2.0,2.0
4977,497710,12.0,11.0,13.0,F,True,False,False,False,False,False,3.0,1.0,3.0
4977,497711,50.0,50.0,,F,False,False,False,False,True,False,2.0,,1.0
4977,497712,35.0,30.0,40.0,F,True,False,False,False,False,False,2.0,1.0,1.0
4977,497713,41.0,41.0,,M,True,False,False,False,False,False,2.0,1.0,3.0
4977,497714,37.0,35.0,40.0,M,True,False,False,False,False,False,1.0,1.0,3.0
4977,497715,35.0,30.0,40.0,F,False,False,False,True,False,False,5.0,2.0,1.0
4977,497716,62.0,60.0,65.0,F,True,False,False,False,False,False,1.0,1.0,5.0
4977,497717,10.0,10.0,,F,True,False,False,False,False,False,2.0,1.0,3.0
4977,497718,8.0,8.0,,M,True,False,False,False,False,False,4.0,1.0,3.0
4977,497719,25.0,20.0,30.0,M,False,False,False,False,True,False,5.0,2.0,1.0
4977,497720,25.0,20.0,30.0,M,False,False,False,False,True,False,5.0,2.0,1.0
4977,497721,45.0,40.0,50.0,F,False,False,False,False,False,True,5.0,2.0,1.0
4977,497722,50.0,40.0,60.0,M,False,False,False,False,True,False,2.0,2.0,3.0
4977,497723,47.0,45.0,50.0,F,False,False,False,False,True,False,2.0,2.0,2.0
4977,497724,47.0,45.0,50.0,M,False,False,False,False,True,False,5.0,2.0,1.0
4977,497725,10.0,10.0,,F,True,False,False,False,False,False,4.0,1.0,3.0
4978,497801,27.0,25.0,30.0,F,False,False,False,False,True,False,2.0,2.0,4.0
4978,497802,19.0,18.0,20.0,M,False,False,False,False,True,False,2.0,1.0,4.0
4978,497803,52.0,50.0,55.0,F,False,False,False,False,False,True,2.0,2.0,2.0
4978,497804,19.0,18.0,20.0,F,False,False,False,False,True,False,2.0,1.0,4.0
4978,497805,32.0,30.0,35.0,M,False,True,False,False,False,False,1.0,1.0,5.0
4978,497806,47.0,45.0,50.0,M,True,False,False,False,False,False,1.0,1.0,4.0
4978,497807,47.0,45.0,50.0,M,False,True,False,False,False,False,1.0,1.0,5.0
4979,497901,33.0,33.0,,M,False,False,False,False,True,False,2.0,2.0,3.0
4979,497902,21.0,21.0,,F,False,False,False,False,True,False,1.0,2.0,2.0
4979,497903,20.0,20.0,,M,False,False,False,False,True,False,1.0,2.0,2.0
4979,497904,30.0,30.0,,F,False,False,False,False,True,True,1.0,1.0,4.0
4979,497905,66.0,66.0,,M,True,False,False,False,False,False,1.0,2.0,2.0
4979,497906,42.0,42.0,,M,False,False,False,False,True,False,2.0,2.0,3.0
4979,497907,46.0,46.0,,F,False,False,False,False,True,False,1.0,2.0,4.0
4979,497908,37.0,37.0,,M,False,False,False,False,True,False,1.0,1.0,4.0
4979,497909,43.0,43.0,,M,False,False,False,False,True,False,1.0,1.0,4.0
4979,497910,52.0,50.0,55.0,M,False,False,False,True,False,False,2.0,2.0,3.0
4979,497911,65.0,65.0,,F,True,False,False,False,False,False,1.0,2.0,2.0
4980,498001,42.0,40.0,45.0,F,False,True,False,False,False,False,5.0,2.0,3.0
4980,498002,37.0,35.0,40.0,F,False,True,False,False,False,False,1.0,2.0,4.0
4980,498003,7.0,7.0,,M,True,False,False,False,False,False,2.0,2.0,2.0
4980,498004,34.0,34.0,,F,True,False,False,False,False,False,2.0,2.0,2.0
4980,498005,37.0,35.0,40.0,M,True,False,False,False,False,False,2.0,2.0,2.0
4980,498006,10.0,10.0,,M,True,False,False,False,False,False,2.0,2.0,2.0
4980,498007,27.0,25.0,30.0,F,True,False,False,False,False,False,2.0,2.0,2.0
4980,498008,57.0,55.0,60.0,F,False,True,False,False,False,False,5.0,2.0,3.0
4980,498009,57.0,55.0,60.0,F,False,True,False,False,False,False,5.0,2.0,3.0
4980,498010,6.0,6.0,,M,True,False,False,False,False,False,1.0,1.0,5.0
4980,498011,1.0,1.0,,M,True,False,False,False,False,False,1.0,1.0,5.0
4980,498012,57.0,55.0,60.0,M,False,True,False,False,False,False,2.0,2.0,4.0
4980,498013,34.0,34.0,,F,True,False,False,False,False,False,1.0,1.0,5.0
4980,498014,37.0,35.0,40.0,F,False,True,False,False,False,False,1.0,2.0,5.0
4980,498015,32.0,30.0,35.0,F,False,True,False,False,False,False,1.0,2.0,5.0
4980,498016,52.0,50.0,55.0,F,False,False,False,False,False,True,2.0,2.0,1.0
4981,498101,36.0,35.0,38.0,F,True,False,False,False,False,False,4.0,,1.0
4981,498102,34.0,34.0,,F,True,False,False,False,False,False,2.0,2.0,1.0
4981,498103,39.0,39.0,,M,True,False,False,False,False,False,1.0,1.0,5.0
4981,498104,7.0,7.0,,M,True,False,False,False,False,False,1.0,1.0,5.0
4981,498105,0.0,0.0,,M,True,False,False,False,False,False,1.0,1.0,5.0
4981,498106,50.0,50.0,,F,True,False,False,False,False,False,2.0,2.0,1.0
4982,498201,52.0,50.0,54.0,F,False,False,False,False,False,True,3.0,2.0,2.0
4982,498202,47.0,45.0,50.0,M,False,False,False,False,False,True,2.0,2.0,3.0
4982,498203,67.0,67.0,,M,True,False,False,False,False,True,1.0,1.0,5.0
4982,498204,52.0,50.0,54.0,F,False,False,False,False,False,True,3.0,2.0,2.0
4982,498205,47.0,47.0,,M,False,False,False,False,False,True,2.0,1.0,3.0
4982,498206,88.0,88.0,,F,False,False,False,False,False,True,2.0,2.0,3.0
4982,498207,57.0,55.0,60.0,M,False,False,False,False,False,True,2.0,2.0,2.0
4983,498301,22.0,20.0,25.0,F,False,False,False,False,False,True,5.0,2.0,2.0
4983,498302,62.0,60.0,65.0,F,True,False,False,False,False,False,1.0,1.0,5.0
4983,498303,84.0,84.0,,F,True,False,False,False,False,False,4.0,1.0,4.0
4983,498304,57.0,57.0,,F,True,False,False,False,False,False,3.0,1.0,4.0
4983,498305,59.0,59.0,,M,True,False,False,False,False,False,3.0,1.0,4.0
4983,498306,22.0,20.0,25.0,F,False,False,False,False,False,True,5.0,2.0,2.0
4983,498307,47.0,45.0,50.0,F,False,False,False,False,False,True,3.0,2.0,2.0
4983,498308,21.0,18.0,25.0,F,False,False,False,False,False,True,3.0,2.0,2.0
4983,498309,52.0,50.0,55.0,F,False,False,False,False,False,True,5.0,2.0,1.0
4983,498310,67.0,65.0,70.0,M,True,False,False,False,False,False,3.0,2.0,3.0
4984,498401,41.0,41.0,,M,True,False,False,False,False,False,1.0,1.0,5.0
4984,498402,27.0,25.0,30.0,F,False,False,False,False,False,True,5.0,2.0,1.0
4984,498403,32.0,30.0,35.0,F,False,False,False,False,False,True,4.0,2.0,2.0
4984,498404,57.0,55.0,60.0,M,False,False,False,False,False,True,2.0,2.0,1.0
4984,498405,19.0,18.0,20.0,M,False,False,False,False,True,False,5.0,2.0,1.0
4985,498501,15.0,15.0,,M,False,False,False,False,True,False,4.0,2.0,5.0
4985,498502,10.0,10.0,,M,False,False,False,False,True,False,4.0,2.0,5.0
4985,498503,50.0,49.0,52.0,M,False,False,False,False,True,False,4.0,1.0,5.0
4985,498504,46.0,46.0,,F,False,False,False,False,True,False,4.0,1.0,5.0
4985,498505,14.0,14.0,,M,False,False,False,False,True,False,4.0,1.0,5.0
4985,498506,16.0,16.0,,F,False,False,False,False,True,False,4.0,,5.0
4985,498507,40.0,40.0,,F,False,False,False,False,True,False,4.0,1.0,5.0
4985,498508,56.0,56.0,,M,True,False,False,True,True,False,1.0,1.0,5.0
4985,498509,15.0,15.0,,F,True,False,False,True,True,False,1.0,1.0,5.0
4985,498510,12.0,12.0,,M,True,False,False,True,True,False,1.0,1.0,5.0
4985,498511,42.0,40.0,45.0,M,False,False,False,False,True,False,4.0,1.0,5.0
4986,498601,78.0,78.0,,M,False,False,False,False,False,True,,1.0,3.0
4986,498602,74.0,74.0,,M,False,False,False,False,False,True,3.0,2.0,4.0
4986,498603,29.0,29.0,,M,False,False,False,False,False,True,4.0,2.0,3.0
4986,498604,61.0,61.0,,F,False,False,False,False,True,False,2.0,1.0,
4986,498605,63.0,63.0,,F,True,False,False,False,False,False,1.0,1.0,5.0
4987,498701,42.0,40.0,45.0,M,False,False,False,False,True,False,4.0,1.0,2.0
4987,498702,42.0,40.0,45.0,F,False,False,False,False,True,False,4.0,1.0,3.0
4987,498703,8.0,8.0,,M,False,False,False,False,True,False,4.0,1.0,3.0
4987,498704,37.0,35.0,40.0,M,False,False,False,False,True,False,4.0,1.0,2.0
4987,498705,11.0,11.0,,M,False,False,False,False,True,False,4.0,2.0,2.0
4987,498706,42.0,40.0,45.0,F,False,False,False,False,True,False,4.0,1.0,2.0
4987,498707,52.0,50.0,55.0,F,False,False,False,False,True,False,4.0,2.0,2.0
4987,498708,42.0,40.0,45.0,F,False,False,False,False,False,True,5.0,2.0,2.0
4987,498709,37.0,35.0,40.0,F,False,False,False,False,True,False,4.0,2.0,2.0
4987,498710,20.0,20.0,,F,False,False,False,False,True,False,4.0,2.0,2.0
4987,498711,37.0,35.0,40.0,F,False,False,False,False,True,False,4.0,2.0,2.0
4987,498712,42.0,40.0,45.0,M,False,False,False,False,True,False,4.0,2.0,2.0
4987,498713,37.0,35.0,40.0,M,False,False,False,False,True,False,4.0,2.0,3.0
4987,498714,48.0,48.0,,M,False,False,False,False,True,False,4.0,2.0,3.0
4987,498715,60.0,60.0,,F,False,False,False,False,True,False,4.0,2.0,2.0
4987,498716,10.0,10.0,,M,False,False,False,False,True,False,4.0,2.0,3.0
4987,498717,43.0,43.0,,F,True,False,False,False,True,False,1.0,1.0,5.0
4987,498718,49.0,49.0,,F,False,False,False,False,True,False,3.0,1.0,3.0
4987,498719,18.0,18.0,,F,True,False,False,False,True,False,1.0,1.0,4.0
4987,498720,52.0,50.0,55.0,F,False,False,False,False,True,False,4.0,2.0,2.0
4987,498721,52.0,50.0,55.0,F,False,False,False,False,True,False,4.0,1.0,2.0
4987,498722,8.0,8.0,,M,False,False,False,False,True,False,4.0,2.0,2.0
4987,498723,10.0,10.0,,M,False,False,False,False,True,False,3.0,2.0,2.0
4987,498724,42.0,40.0,45.0,F,False,False,False,False,True,False,3.0,2.0,2.0
4987,498725,62.0,62.0,,F,False,False,False,False,True,False,2.0,1.0,3.0
4987,498726,18.0,18.0,,F,False,False,False,False,True,False,4.0,2.0,2.0
4987,498727,47.0,45.0,50.0,F,False,False,False,False,True,False,4.0,2.0,3.0
4987,498728,47.0,45.0,50.0,M,False,False,False,False,True,False,4.0,2.0,3.0
4987,498729,9.0,9.0,,M,True,False,False,True,True,False,1.0,1.0,5.0
4988,498801,13.0,13.0,,F,True,False,False,False,False,False,1.0,1.0,5.0
4989,498901,25.0,20.0,30.0,M,False,False,False,False,True,False,5.0,2.0,4.0
4989,498902,45.0,40.0,50.0,F,True,False,False,False,True,False,4.0,1.0,5.0
4989,498903,35.0,30.0,40.0,F,False,False,False,False,True,False,5.0,2.0,2.0
4989,498904,55.0,50.0,60.0,F,False,False,False,False,True,False,5.0,2.0,1.0
4989,498905,25.0,20.0,30.0,M,False,False,False,False,True,False,5.0,2.0,4.0
4989,498906,27.0,27.0,,F,True,False,False,False,True,False,1.0,1.0,5.0
4989,498907,25.0,20.0,30.0,F,True,False,False,False,True,False,3.0,1.0,5.0
4989,498908,55.0,50.0,60.0,F,False,False,False,False,True,False,5.0,,1.0
4989,498909,75.0,70.0,80.0,M,True,False,False,False,False,False,4.0,1.0,4.0
4989,498910,25.0,20.0,30.0,M,True,False,False,False,True,False,3.0,1.0,5.0
4989,498911,75.0,70.0,80.0,F,True,False,False,False,False,False,4.0,1.0,4.0
4990,499001,75.0,75.0,,M,False,False,False,False,True,False,2.0,1.0,5.0
4990,499002,70.0,70.0,,F,False,False,False,False,True,False,2.0,1.0,5.0
4990,499003,63.0,63.0,,M,False,False,False,False,True,False,2.0,1.0,5.0
4990,499004,55.0,55.0,,M,False,True,False,False,False,False,1.0,2.0,2.0
4990,499005,55.0,55.0,,F,False,True,False,False,False,False,1.0,2.0,2.0
4990,499006,30.0,30.0,,F,False,True,False,False,False,False,2.0,2.0,2.0
4990,499007,18.0,18.0,,F,False,False,False,False,True,False,2.0,1.0,4.0
4990,499008,21.0,21.0,,M,False,False,False,False,True,False,2.0,1.0,4.0
4990,499009,19.0,19.0,,M,True,False,False,False,False,False,1.0,1.0,4.0
4990,499010,49.0,49.0,,M,True,False,False,False,False,False,1.0,1.0,5.0
4990,499011,52.0,52.0,,F,True,False,False,False,False,False,1.0,1.0,5.0
4990,499012,23.0,23.0,,F,False,False,False,False,True,False,2.0,1.0,3.0
4990,499013,19.0,19.0,,M,False,False,False,False,True,False,2.0,2.0,4.0
4991,499101,24.0,24.0,,M,True,False,False,True,False,False,2.0,2.0,1.0
4991,499102,80.0,80.0,,F,False,False,False,False,False,True,2.0,1.0,3.0
4991,499103,36.0,36.0,,M,True,False,False,False,False,False,1.0,2.0,5.0
4991,499104,34.0,34.0,,M,False,True,False,False,False,False,3.0,1.0,4.0
4991,499105,33.0,33.0,,M,False,False,False,False,True,False,1.0,2.0,1.0
4991,499106,40.0,40.0,,F,True,False,False,False,False,False,2.0,1.0,1.0
4991,499107,28.0,28.0,,F,False,False,False,False,True,False,3.0,1.0,4.0
4991,499108,34.0,34.0,,M,False,False,False,False,True,False,2.0,1.0,4.0
4991,499109,33.0,33.0,,M,False,False,True,False,False,False,2.0,1.0,5.0
4991,499110,32.0,32.0,,M,False,False,False,False,True,False,1.0,1.0,1.0
4992,499201,42.0,42.0,,F,False,False,False,False,False,True,5.0,2.0,1.0
4992,499202,11.0,11.0,,F,True,False,False,False,False,False,1.0,1.0,5.0
4992,499203,45.0,45.0,,M,True,False,False,False,False,False,1.0,1.0,5.0
4992,499204,9.0,9.0,,F,True,False,False,False,False,False,1.0,1.0,5.0
4993,499301,4.0,4.0,,M,True,False,False,False,False,False,1.0,1.0,5.0
4993,499302,36.0,36.0,,M,True,False,False,False,False,False,2.0,2.0,3.0
4993,499303,45.0,40.0,50.0,F,False,False,False,False,False,True,5.0,2.0,1.0
4993,499304,32.0,32.0,,M,True,False,False,False,False,False,1.0,1.0,4.0
4993,499305,57.0,57.0,,F,True,False,False,False,False,False,1.0,1.0,4.0
4993,499306,10.0,10.0,,M,True,False,False,False,False,False,1.0,1.0,5.0
4994,499401,33.0,33.0,,F,True,False,False,False,False,False,1.0,1.0,4.0
4994,499402,10.0,10.0,,M,True,False,False,False,False,False,1.0,1.0,4.0
4994,499403,4.0,4.0,,M,True,False,False,False,False,False,1.0,1.0,4.0
4994,499404,36.0,36.0,,M,True,False,False,False,False,False,2.0,2.0,3.0
4994,499405,50.0,45.0,55.0,M,False,True,False,False,False,False,1.0,2.0,2.0
4995,499501,20.0,18.0,22.0,M,False,False,False,False,False,True,5.0,2.0,1.0
4995,499502,53.0,53.0,,M,True,False,False,False,False,False,2.0,2.0,2.0
4995,499503,24.0,23.0,25.0,F,False,False,False,False,False,True,5.0,2.0,1.0
4995,499504,21.0,20.0,23.0,F,False,False,False,False,False,True,5.0,2.0,2.0
4995,499505,24.0,24.0,,F,True,False,False,False,False,False,1.0,1.0,5.0
4995,499506,20.0,20.0,21.0,F,False,False,False,False,False,True,5.0,2.0,1.0
4996,499601,60.0,60.0,,M,True,False,False,False,False,False,2.0,1.0,5.0
4996,499602,63.0,63.0,,F,True,False,False,False,False,False,2.0,2.0,1.0
4996,499603,71.0,71.0,,M,True,False,False,False,False,False,2.0,2.0,1.0
4997,499701,35.0,30.0,40.0,F,False,False,False,False,False,True,5.0,2.0,1.0
4997,499702,15.0,14.0,16.0,M,False,False,False,False,False,True,1.0,1.0,3.0
4997,499703,18.0,17.0,20.0,F,False,False,False,False,False,True,5.0,2.0,1.0
4997,499704,21.0,18.0,25.0,M,False,False,False,False,False,True,5.0,2.0,1.0
4997,499705,35.0,30.0,40.0,F,False,False,False,False,False,True,3.0,2.0,1.0
4997,499706,47.0,45.0,50.0,F,False,False,False,False,False,True,2.0,2.0,2.0
4997,499707,25.0,20.0,30.0,F,False,False,False,False,False,True,4.0,1.0,3.0
4997,499708,40.0,35.0,45.0,F,False,False,False,False,False,True,5.0,2.0,1.0
4997,499709,18.0,16.0,20.0,F,False,False,False,False,False,True,5.0,2.0,1.0
4997,499710,47.0,45.0,50.0,F,False,False,False,False,False,True,2.0,2.0,1.0
4997,499711,20.0,18.0,23.0,M,False,False,False,False,False,True,4.0,2.0,1.0
4997,499712,19.0,18.0,21.0,F,False,False,False,False,False,True,2.0,1.0,4.0
4997,499713,18.0,16.0,20.0,F,False,False,False,False,False,True,5.0,2.0,1.0
4998,499801,20.0,18.0,22.0,M,False,False,False,False,True,False,5.0,2.0,1.0
4998,499802,29.0,25.0,33.0,M,False,False,False,False,True,False,5.0,2.0,1.0
4998,499803,29.0,25.0,33.0,M,False,False,False,False,True,False,5.0,2.0,1.0
4998,499804,55.0,50.0,60.0,F,False,False,False,False,True,False,5.0,2.0,1.0
4998,499805,20.0,18.0,22.0,F,False,False,False,False,True,False,5.0,2.0,1.0
4998,499806,20.0,18.0,22.0,F,False,False,False,False,True,False,5.0,2.0,1.0
4998,499807,57.0,55.0,60.0,F,False,False,False,False,True,False,5.0,2.0,2.0
4998,499808,57.0,55.0,60.0,F,False,False,False,False,True,False,5.0,2.0,2.0
4998,499809,57.0,55.0,60.0,F,False,False,False,False,True,False,5.0,2.0,1.0
4998,499810,62.0,60.0,65.0,M,False,False,False,False,True,False,5.0,2.0,1.0
4998,499811,20.0,18.0,22.0,M,False,False,False,False,True,False,5.0,2.0,1.0
4998,499812,20.0,18.0,22.0,F,False,False,False,False,True,False,5.0,2.0,1.0
4998,499813,38.0,35.0,42.0,M,False,False,False,False,True,False,5.0,2.0,1.0
4998,499814,32.0,30.0,35.0,M,False,False,False,False,True,False,5.0,2.0,1.0
4998,499815,20.0,18.0,22.0,F,False,False,False,False,True,False,5.0,2.0,1.0
4998,499816,32.0,30.0,35.0,M,False,False,False,False,True,False,5.0,2.0,1.0
4998,499817,22.0,20.0,25.0,M,False,False,False,False,True,False,5.0,2.0,1.0
4998,499818,38.0,38.0,,M,False,False,False,False,True,False,3.0,1.0,3.0
4998,499819,33.0,33.0,,F,False,False,False,False,True,False,3.0,1.0,5.0
4998,499820,80.0,80.0,,M,False,False,False,False,True,False,4.0,2.0,1.0
4998,499821,27.0,25.0,30.0,M,False,False,False,False,True,False,5.0,2.0,1.0
4998,499822,30.0,27.0,33.0,F,False,False,False,False,True,False,4.0,2.0,1.0
4998,499823,27.0,25.0,30.0,F,False,False,False,False,True,False,4.0,2.0,1.0
4998,499824,27.0,25.0,30.0,F,False,False,False,False,True,False,4.0,2.0,1.0
4998,499825,31.0,27.0,35.0,F,False,False,False,False,True,False,4.0,1.0,2.0
4999,499901,27.0,25.0,30.0,F,False,False,False,False,False,True,5.0,2.0,1.0
4999,499902,56.0,54.0,58.0,M,False,True,False,False,False,False,4.0,1.0,4.0
4999,499903,33.0,33.0,,F,False,False,False,False,True,False,3.0,1.0,4.0
4999,499904,3.0,3.0,,M,True,False,False,False,False,False,3.0,1.0,4.0
4999,499905,7.0,7.0,,F,True,False,False,False,False,False,3.0,1.0,4.0
4999,499906,36.0,36.0,,M,True,False,False,False,False,False,3.0,1.0,4.0
4999,499907,34.0,34.0,,F,True,False,False,False,False,False,3.0,1.0,4.0
5000,500001,53.0,53.0,,M,True,False,False,False,False,False,2.0,1.0,2.0
5000,500002,22.0,21.0,23.0,F,False,False,False,False,False,True,5.0,1.0,1.0
5000,500003,46.0,46.0,,F,True,False,False,False,False,False,2.0,2.0,2.0
5000,500004,51.0,51.0,,M,True,False,False,False,False,False,2.0,1.0,2.0
5000,500005,21.0,20.0,23.0,F,False,False,False,False,False,True,5.0,2.0,2.0
5000,500006,22.0,20.0,25.0,M,False,False,False,False,False,True,5.0,1.0,1.0
5000,500007,24.0,24.0,,M,True,False,False,False,False,False,1.0,1.0,5.0
5000,500008,19.0,18.0,20.0,F,False,False,False,False,False,True,5.0,2.0,1.0
5001,500101,30.0,30.0,,M,False,False,False,False,False,False,5.0,2.0,1.0
5001,500102,37.0,35.0,40.0,M,False,False,False,False,False,True,4.0,2.0,3.0
5001,500103,37.0,35.0,40.0,F,False,False,False,False,False,True,1.0,2.0,3.0
5001,500104,12.0,12.0,,M,True,False,False,False,False,False,2.0,2.0,3.0
5001,500105,19.0,19.0,,M,True,False,False,True,False,False,1.0,1.0,5.0
5001,500106,41.0,41.0,,F,True,False,False,False,False,False,2.0,2.0,4.0
5001,500107,30.0,30.0,,M,False,False,False,False,False,False,5.0,2.0,1.0
5001,500108,15.0,15.0,,F,False,False,False,False,False,True,4.0,2.0,4.0
5001,500109,11.0,11.0,,M,False,False,False,False,False,True,4.0,2.0,5.0
5001,500110,2.0,2.0,,M,False,False,False,True,False,True,3.0,2.0,5.0
5001,500111,11.0,11.0,,M,False,False,False,True,False,True,3.0,2.0,5.0
5001,500112,40.0,40.0,,M,False,False,False,True,False,True,3.0,2.0,4.0
5001,500113,17.0,17.0,,F,False,False,False,False,False,True,1.0,2.0,3.0
5001,500114,41.0,41.0,,F,False,False,False,False,False,True,1.0,2.0,3.0
5001,500115,40.0,40.0,,M,False,False,False,False,False,True,4.0,2.0,3.0
5001,500116,40.0,40.0,,M,True,False,False,False,False,False,2.0,2.0,3.0
5002,500201,37.0,35.0,40.0,M,False,False,False,False,True,False,5.0,2.0,1.0
5002,500202,22.0,20.0,25.0,F,False,False,False,False,False,True,4.0,2.0,1.0
5002,500203,47.0,45.0,50.0,F,False,False,False,False,True,False,3.0,2.0,1.0
5002,500204,8.0,8.0,,M,True,False,False,False,False,False,1.0,2.0,1.0
5002,500205,27.0,25.0,30.0,F,False,True,False,False,False,False,5.0,2.0,1.0
5002,500206,23.0,23.0,,M,False,False,False,False,True,False,5.0,2.0,1.0
5002,500207,42.0,40.0,45.0,M,False,False,False,False,True,False,2.0,2.0,1.0
5002,500208,12.0,12.0,,F,True,False,False,False,False,False,1.0,1.0,3.0
5002,500209,12.0,12.0,,F,True,False,False,False,False,False,2.0,2.0,1.0
5002,500210,41.0,41.0,,F,False,False,True,False,False,False,4.0,2.0,1.0
5002,500211,10.0,10.0,,F,False,False,True,False,False,False,2.0,1.0,1.0
5002,500212,37.0,35.0,40.0,F,False,False,False,False,True,False,4.0,2.0,1.0
5002,500213,42.0,42.0,,F,True,False,False,False,False,False,1.0,2.0,3.0
5002,500214,42.0,42.0,,M,True,False,False,False,False,False,1.0,1.0,5.0
5002,500215,37.0,35.0,40.0,M,True,False,False,False,False,False,1.0,2.0,2.0
5002,500216,6.0,6.0,,M,True,False,False,False,False,False,1.0,1.0,5.0
5002,500217,10.0,10.0,,F,True,False,False,False,False,False,1.0,1.0,5.0
5002,500218,45.0,40.0,50.0,F,False,False,False,False,False,True,4.0,2.0,1.0
5002,500219,45.0,40.0,50.0,F,False,False,False,False,False,True,4.0,1.0,1.0
5002,500220,45.0,40.0,50.0,M,False,False,False,False,False,True,4.0,2.0,2.0
5002,500221,27.0,20.0,35.0,F,False,False,False,False,False,True,5.0,2.0,1.0
5002,500222,42.0,40.0,45.0,F,False,False,False,False,True,False,3.0,2.0,1.0
5002,500223,27.0,25.0,30.0,M,False,False,False,False,True,False,4.0,2.0,1.0
5002,500224,12.0,12.0,,F,True,False,False,False,False,False,3.0,2.0,1.0
5003,500301,42.0,40.0,45.0,M,False,True,False,False,False,False,1.0,2.0,5.0
5003,500302,57.0,55.0,60.0,M,False,True,False,False,False,False,1.0,2.0,5.0
5003,500303,47.0,45.0,50.0,M,False,True,False,False,False,False,1.0,2.0,4.0
5003,500304,32.0,30.0,35.0,F,False,False,False,False,False,True,2.0,2.0,1.0
5003,500305,28.0,28.0,,M,False,False,False,False,True,False,3.0,1.0,5.0
5003,500306,26.0,26.0,,M,True,False,False,False,False,False,2.0,2.0,3.0
5003,500307,62.0,60.0,65.0,M,False,True,False,False,False,False,1.0,2.0,4.0
5003,500308,26.0,26.0,,F,True,False,False,False,False,False,1.0,2.0,4.0
5003,500309,51.0,51.0,,M,True,False,False,False,False,False,1.0,1.0,4.0
5003,500310,50.0,50.0,,F,True,False,False,False,False,False,1.0,2.0,4.0
5004,500401,60.0,60.0,,M,False,False,False,False,True,False,2.0,2.0,5.0
5004,500402,56.0,56.0,,M,False,False,False,False,True,False,2.0,2.0,5.0
5004,500403,28.0,28.0,,F,False,False,False,False,True,False,5.0,1.0,3.0
5004,500404,28.0,28.0,,M,True,False,False,False,False,False,1.0,2.0,5.0
5004,500405,26.0,26.0,,F,True,False,False,False,False,False,1.0,1.0,5.0
5004,500406,51.0,51.0,,F,True,False,False,False,False,False,1.0,1.0,5.0
5004,500407,27.0,25.0,30.0,M,False,False,False,False,False,True,1.0,2.0,1.0
5005,500501,18.0,18.0,,F,True,False,False,False,False,False,1.0,1.0,5.0
5005,500502,37.0,35.0,40.0,F,True,False,False,False,False,False,1.0,2.0,3.0
5005,500503,37.0,35.0,40.0,M,True,False,False,False,False,False,4.0,2.0,3.0
5005,500504,41.0,40.0,42.0,M,True,False,False,False,False,False,4.0,2.0,3.0
5005,500505,27.0,25.0,30.0,M,False,False,False,False,False,True,5.0,2.0,1.0
5005,500506,30.0,30.0,,M,False,False,False,False,False,True,5.0,2.0,1.0
5005,500507,15.0,15.0,,F,True,False,False,False,False,False,3.0,1.0,4.0
5005,500508,11.0,11.0,,M,True,False,False,False,False,False,4.0,2.0,4.0
5005,500509,2.0,2.0,,M,True,False,False,False,False,False,3.0,1.0,5.0
5005,500510,40.0,40.0,,M,True,False,False,False,False,False,3.0,2.0,5.0
5005,500511,67.0,65.0,70.0,F,True,False,False,False,False,False,2.0,,2.0
5005,500512,74.0,74.0,,F,True,False,False,False,False,False,1.0,2.0,2.0
5005,500513,41.0,41.0,,F,True,False,False,False,False,False,1.0,1.0,3.0
5005,500514,17.0,17.0,,F,True,False,False,False,False,False,1.0,2.0,4.0
5005,500515,11.0,11.0,,M,True,False,False,False,False,False,3.0,1.0,5.0
5006,500601,21.0,21.0,,F,True,False,False,False,False,False,1.0,1.0,4.0
5006,500602,52.0,50.0,55.0,F,False,False,False,False,False,True,2.0,2.0,
5006,500603,55.0,55.0,,F,True,False,False,False,False,False,2.0,,4.0
5007,500701,1.0,1.0,,F,False,False,False,False,True,False,2.0,1.0,5.0
5007,500702,22.0,22.0,,,True,False,False,False,False,False,2.0,,4.0
5007,500703,27.0,25.0,30.0,F,False,True,False,False,False,False,5.0,,
5007,500704,12.0,10.0,15.0,F,False,True,False,False,False,False,5.0,2.0,1.0
5007,500705,28.0,28.0,,M,False,False,False,False,True,False,2.0,1.0,5.0
5007,500706,7.0,7.0,,F,False,False,False,False,True,False,2.0,1.0,5.0
5007,500707,27.0,25.0,30.0,M,False,True,False,False,False,False,5.0,,
5007,500708,27.0,27.0,,M,False,False,False,False,True,False,3.0,2.0,5.0
5007,500709,21.0,21.0,,M,False,False,False,False,True,False,2.0,2.0,5.0
5007,500710,50.0,50.0,,,True,False,False,False,False,False,1.0,,4.0
5007,500711,16.0,16.0,,,True,False,False,False,False,False,1.0,,4.0
5007,500712,27.0,25.0,30.0,M,False,True,False,False,False,False,5.0,,
5007,500713,22.0,20.0,25.0,F,False,True,False,False,False,False,4.0,2.0,1.0
5007,500714,28.0,28.0,,,True,False,False,False,False,False,1.0,,4.0
5007,500715,33.0,31.0,35.0,F,False,True,False,False,False,False,4.0,2.0,2.0
5007,500716,22.0,20.0,25.0,M,False,True,False,False,False,False,1.0,2.0,5.0
5007,500717,28.0,26.0,30.0,M,False,True,False,False,False,False,1.0,2.0,5.0
5007,500718,71.0,71.0,,M,False,True,False,False,False,False,1.0,2.0,5.0
5007,500719,55.0,50.0,60.0,F,False,True,False,False,False,False,5.0,2.0,1.0
5007,500720,45.0,40.0,50.0,F,False,True,False,False,False,False,5.0,2.0,2.0
5007,500721,62.0,60.0,65.0,M,False,True,False,False,False,False,5.0,2.0,1.0
5007,500722,42.0,40.0,45.0,M,False,True,False,False,False,False,5.0,2.0,1.0
5007,500723,62.0,60.0,65.0,M,False,True,False,False,False,False,5.0,2.0,1.0
5007,500724,4.0,4.0,,M,False,False,False,False,True,False,2.0,2.0,5.0
5007,500725,32.0,30.0,35.0,F,False,True,False,False,False,False,4.0,2.0,2.0
5007,500726,42.0,40.0,45.0,F,False,True,False,False,False,False,5.0,2.0,3.0
5007,500727,52.0,50.0,55.0,M,False,True,False,False,False,False,5.0,2.0,2.0
5007,500728,35.0,30.0,40.0,M,False,True,False,False,False,False,5.0,1.0,2.0
5007,500729,45.0,40.0,50.0,F,False,True,False,False,False,False,5.0,1.0,1.0
5008,500801,54.0,54.0,,F,False,True,False,False,False,False,1.0,2.0,4.0
5008,500802,4.0,4.0,,M,True,False,False,False,False,False,1.0,1.0,5.0
5008,500803,52.0,50.0,55.0,M,False,True,False,False,False,False,1.0,2.0,4.0
5008,500804,8.0,8.0,,M,True,False,False,False,False,False,1.0,1.0,5.0
5008,500805,41.0,41.0,,F,True,False,False,False,False,False,1.0,1.0,5.0
5008,500806,6.0,6.0,,M,True,False,False,False,False,False,1.0,1.0,5.0
5009,500901,38.0,38.0,,M,True,False,False,False,False,False,1.0,2.0,3.0
5009,500902,57.0,55.0,60.0,M,True,False,False,False,False,False,4.0,2.0,1.0
5009,500903,7.0,7.0,,F,True,False,False,True,False,False,1.0,1.0,5.0
5009,500904,36.0,36.0,,M,True,False,False,False,False,False,1.0,2.0,4.0
5009,500905,13.0,13.0,,F,True,False,False,False,False,False,3.0,2.0,2.0
5009,500906,58.0,58.0,,F,True,False,False,False,False,True,1.0,2.0,2.0
5009,500907,40.0,40.0,,F,False,False,False,False,False,True,5.0,2.0,1.0
5009,500908,31.0,28.0,35.0,M,True,False,False,False,False,False,2.0,2.0,1.0
5009,500909,36.0,36.0,,M,True,False,False,False,False,False,1.0,1.0,4.0
5009,500910,5.0,5.0,,M,True,False,False,False,False,False,1.0,1.0,5.0
5009,500911,39.0,39.0,,F,True,False,False,False,False,False,1.0,2.0,2.0
5010,501001,47.0,45.0,50.0,F,False,False,False,False,False,True,1.0,2.0,1.0
5010,501002,62.0,60.0,65.0,F,False,False,False,False,False,True,3.0,2.0,1.0
5011,501101,72.0,72.0,,F,True,False,False,False,False,False,1.0,1.0,2.0
5011,501102,67.0,67.0,,F,True,False,False,True,True,False,1.0,1.0,5.0
5011,501103,50.0,50.0,,M,False,False,False,False,True,False,2.0,2.0,4.0
5011,501104,68.0,68.0,,M,False,False,False,False,True,False,2.0,1.0,4.0
5011,501105,17.0,17.0,,M,False,False,False,False,True,False,3.0,2.0,4.0
5011,501106,69.0,69.0,,M,False,False,False,False,True,False,2.0,1.0,4.0
5011,501107,68.0,68.0,,M,False,False,False,False,True,False,3.0,2.0,4.0
5011,501108,74.0,74.0,,M,False,False,False,False,True,False,2.0,1.0,4.0
5011,501109,82.0,82.0,,M,False,False,False,False,True,False,4.0,1.0,2.0
5011,501110,77.0,75.0,80.0,F,False,False,False,False,True,False,4.0,1.0,2.0
5011,501111,67.0,65.0,70.0,F,False,False,False,False,True,False,3.0,2.0,1.0
5011,501112,70.0,70.0,,M,False,False,False,False,True,False,3.0,2.0,1.0
5011,501113,50.0,45.0,55.0,M,True,False,False,False,False,False,5.0,2.0,1.0
5011,501114,67.0,65.0,70.0,F,False,False,False,False,True,False,5.0,2.0,1.0
5012,501201,25.0,20.0,30.0,F,False,False,False,False,True,False,4.0,2.0,3.0
5012,501202,52.0,50.0,55.0,M,False,True,False,False,False,False,1.0,2.0,4.0
5012,501203,20.0,19.0,22.0,M,False,True,False,False,False,False,1.0,2.0,4.0
5012,501204,37.0,35.0,40.0,M,False,False,False,False,True,False,2.0,2.0,4.0
5012,501205,39.0,38.0,40.0,M,False,False,False,False,True,False,1.0,,4.0
5012,501206,40.0,40.0,,M,False,False,False,False,True,False,2.0,2.0,4.0
5012,501207,46.0,46.0,,M,False,True,False,False,False,False,1.0,2.0,5.0
5012,501208,61.0,61.0,,M,True,False,False,False,False,False,3.0,2.0,4.0
5012,501209,39.0,39.0,,F,True,False,False,False,False,False,3.0,2.0,4.0
5012,501210,52.0,50.0,55.0,M,False,False,False,False,True,False,2.0,2.0,4.0
5012,501211,60.0,60.0,,M,False,True,False,False,False,False,1.0,2.0,5.0
5012,501212,28.0,28.0,,M,False,True,False,False,False,False,1.0,2.0,5.0
5012,501213,61.0,61.0,,M,False,True,False,False,False,False,1.0,2.0,5.0
5012,501214,14.0,14.0,,M,True,False,False,False,False,False,1.0,1.0,5.0
5012,501215,12.0,12.0,,M,True,False,False,False,False,False,1.0,1.0,5.0
5012,501216,8.0,8.0,,M,True,False,False,False,False,False,1.0,1.0,5.0
5012,501217,4.0,4.0,,M,True,False,False,False,False,False,1.0,1.0,5.0
5012,501218,35.0,35.0,,F,True,False,False,False,False,False,1.0,1.0,5.0
5012,501219,34.0,34.0,,M,False,True,False,False,False,False,1.0,2.0,5.0
5013,501301,42.0,40.0,45.0,F,False,False,False,False,False,True,1.0,2.0,2.0
5013,501302,65.0,65.0,,M,False,False,False,False,True,False,3.0,2.0,3.0
5013,501303,70.0,70.0,,M,False,False,False,False,False,True,1.0,1.0,2.0
5013,501304,25.0,25.0,,F,False,False,False,False,False,True,3.0,2.0,1.0
5013,501305,40.0,40.0,,F,False,False,False,False,False,True,3.0,1.0,3.0
5013,501306,37.0,35.0,40.0,F,False,False,False,False,False,True,2.0,2.0,3.0
5013,501307,57.0,55.0,60.0,M,False,False,False,False,True,False,5.0,2.0,2.0
5013,501308,67.0,65.0,70.0,M,False,False,False,False,True,False,5.0,2.0,2.0
5013,501309,42.0,40.0,45.0,M,False,False,False,False,True,False,5.0,2.0,2.0
5013,501310,62.0,60.0,65.0,F,False,False,False,False,True,False,2.0,2.0,1.0
5013,501311,52.0,50.0,55.0,M,False,False,False,False,True,False,5.0,2.0,1.0
5013,501312,59.0,59.0,,M,False,False,False,False,False,True,1.0,1.0,5.0
5013,501313,65.0,65.0,,M,False,False,False,False,True,False,2.0,2.0,3.0
5014,501401,21.0,21.0,,M,True,False,False,False,False,False,1.0,1.0,4.0
5014,501402,42.0,40.0,45.0,F,False,False,False,False,False,True,5.0,2.0,1.0
5014,501403,19.0,19.0,,M,True,False,False,False,False,False,1.0,1.0,3.0
5014,501404,12.0,12.0,,F,True,False,False,True,True,False,1.0,1.0,4.0
5014,501405,42.0,40.0,45.0,F,False,False,False,False,False,True,5.0,2.0,1.0
5015,501501,32.0,32.0,,M,False,True,False,False,False,False,1.0,2.0,4.0
5015,501502,49.0,49.0,,M,False,True,False,False,False,False,1.0,2.0,3.0
5015,501503,43.0,43.0,,M,False,True,False,False,False,False,1.0,2.0,2.0
5015,501504,52.0,52.0,,M,False,True,False,False,False,False,1.0,2.0,3.0
5015,501505,40.0,40.0,,F,False,True,False,False,False,False,1.0,2.0,3.0
5015,501506,42.0,42.0,,M,False,True,False,False,False,False,1.0,2.0,3.0
5015,501507,23.0,23.0,,F,False,True,False,False,False,False,1.0,1.0,3.0
5015,501508,38.0,38.0,,F,False,True,False,False,False,False,1.0,2.0,3.0
5015,501509,47.0,47.0,,M,False,True,False,False,False,False,1.0,2.0,4.0
5015,501510,46.0,46.0,,M,False,True,False,False,False,False,1.0,2.0,4.0
5015,501511,45.0,45.0,,F,False,True,False,False,False,False,1.0,2.0,3.0
5015,501512,6.0,6.0,,F,True,False,False,False,False,False,1.0,,5.0
5015,501513,2.0,2.0,,M,True,False,False,False,False,False,1.0,1.0,5.0
5015,501514,27.0,27.0,,F,True,False,False,False,False,False,1.0,1.0,5.0
5015,501515,50.0,50.0,,M,False,True,False,False,False,False,1.0,2.0,3.0
5016,501601,45.0,45.0,,F,True,False,False,False,False,False,1.0,1.0,5.0
5016,501602,10.0,10.0,,M,True,False,False,False,False,False,1.0,1.0,5.0
5016,501603,51.0,51.0,,M,True,False,False,False,False,False,1.0,2.0,5.0
5016,501604,16.0,16.0,,M,True,False,False,False,False,False,1.0,2.0,5.0
5017,501701,58.0,58.0,,F,False,True,False,False,False,False,1.0,2.0,2.0
5017,501702,47.0,45.0,50.0,F,False,True,False,False,False,False,4.0,2.0,2.0
5017,501703,32.0,32.0,,F,True,False,False,False,False,False,1.0,1.0,5.0
5017,501704,35.0,35.0,,M,False,True,False,False,False,False,1.0,2.0,2.0
5017,501705,27.0,25.0,30.0,F,False,False,False,False,False,True,3.0,2.0,1.0
5017,501706,55.0,55.0,,M,False,True,False,False,False,False,3.0,2.0,1.0
5017,501707,56.0,56.0,,F,False,True,False,False,False,False,1.0,2.0,2.0
5017,501708,41.0,41.0,,F,False,True,False,False,False,False,1.0,2.0,3.0
5017,501709,26.0,26.0,,F,False,True,False,False,False,False,2.0,2.0,2.0
5017,501710,35.0,35.0,,F,False,True,False,False,False,False,2.0,2.0,3.0
5017,501711,51.0,51.0,,F,False,True,False,False,False,False,2.0,2.0,1.0
5017,501712,57.0,57.0,,F,False,True,False,False,False,False,1.0,2.0,3.0
5017,501713,60.0,60.0,,M,False,True,False,False,False,False,1.0,2.0,2.0
5017,501714,42.0,42.0,,F,False,True,False,False,False,False,1.0,2.0,4.0
5018,501801,75.0,75.0,,F,True,False,False,False,False,False,1.0,1.0,3.0
5018,501802,35.0,35.0,,F,True,False,False,False,False,False,2.0,1.0,2.0
5018,501803,78.0,78.0,,M,True,False,False,False,False,False,1.0,1.0,4.0
5018,501804,68.0,68.0,,F,True,False,False,False,False,False,1.0,1.0,4.0
5018,501805,70.0,70.0,,F,True,False,False,False,False,False,4.0,1.0,4.0
5018,501806,9.0,9.0,,F,True,False,False,False,False,False,2.0,1.0,4.0
5018,501807,9.0,9.0,,F,True,False,False,False,False,False,1.0,1.0,5.0
5018,501808,11.0,11.0,,M,True,False,False,False,False,False,1.0,1.0,5.0
5018,501809,39.0,39.0,,M,True,False,False,False,False,False,1.0,1.0,5.0
5018,501810,7.0,7.0,,M,True,False,False,False,False,False,2.0,1.0,4.0
5019,501901,65.0,60.0,70.0,F,False,True,False,False,False,False,5.0,1.0,2.0
5019,501902,44.0,44.0,,F,True,False,False,False,False,False,1.0,1.0,5.0
5019,501903,47.0,45.0,50.0,M,False,True,False,False,False,False,3.0,1.0,3.0
5019,501904,73.0,72.0,75.0,M,False,True,False,False,False,False,4.0,2.0,2.0
5019,501905,57.0,55.0,60.0,M,False,True,False,False,False,False,5.0,2.0,1.0
5019,501906,47.0,45.0,50.0,M,False,True,False,False,False,False,5.0,1.0,1.0
5019,501907,25.0,25.0,,F,False,False,False,False,False,True,3.0,2.0,1.0
5019,501908,46.0,45.0,47.0,M,False,True,False,False,False,False,2.0,2.0,4.0
5019,501909,30.0,30.0,,M,False,True,False,False,False,False,1.0,2.0,4.0
5019,501910,24.0,24.0,,F,False,True,False,False,False,False,1.0,2.0,4.0
5019,501911,42.0,42.0,,M,False,True,False,False,False,False,1.0,2.0,4.0
5019,501912,17.0,17.0,,M,True,False,False,False,False,False,1.0,2.0,4.0
5019,501913,14.0,14.0,,F,True,False,False,False,False,False,1.0,1.0,4.0
5019,501914,42.0,40.0,45.0,M,False,True,False,False,False,False,2.0,2.0,2.0
5020,502001,36.0,36.0,,M,True,False,False,False,False,False,1.0,1.0,5.0
5020,502002,35.0,34.0,37.0,F,False,True,False,False,False,False,2.0,2.0,2.0
5020,502003,6.0,6.0,,M,False,True,False,False,False,False,2.0,2.0,3.0
5020,502004,6.0,6.0,,M,False,True,False,False,False,False,2.0,2.0,3.0
5020,502005,39.0,37.0,42.0,F,False,True,False,False,False,False,2.0,2.0,2.0
5020,502006,35.0,34.0,37.0,F,False,True,False,False,False,False,1.0,2.0,1.0
5020,502007,7.0,7.0,,F,False,True,False,False,False,False,1.0,2.0,2.0
5020,502008,67.0,65.0,70.0,M,True,False,False,False,False,False,4.0,2.0,1.0
5020,502009,35.0,34.0,37.0,M,True,False,False,False,False,False,2.0,2.0,1.0
5020,502010,35.0,34.0,37.0,F,False,True,False,False,True,False,1.0,2.0,3.0
5020,502011,7.0,7.0,,M,False,True,False,False,False,False,1.0,1.0,5.0
5020,502012,35.0,35.0,,F,False,True,False,False,True,False,1.0,2.0,4.0
5020,502013,37.0,35.0,40.0,F,False,True,False,False,False,False,1.0,2.0,5.0
5020,502014,7.0,7.0,,F,True,False,True,False,False,False,1.0,1.0,5.0
5020,502015,9.0,9.0,,M,True,False,False,False,False,False,1.0,1.0,4.0
5020,502016,67.0,65.0,70.0,F,False,True,False,False,False,False,5.0,1.0,3.0
5020,502017,42.0,40.0,45.0,F,False,True,False,False,False,False,2.0,2.0,4.0
5021,502101,62.0,60.0,65.0,F,False,False,False,False,True,False,2.0,2.0,2.0
5021,502102,37.0,35.0,40.0,F,False,False,False,False,False,True,4.0,,2.0
5021,502103,27.0,25.0,30.0,F,False,False,False,False,False,True,5.0,,2.0
5021,502104,62.0,60.0,65.0,M,False,False,False,False,True,False,2.0,2.0,1.0
5021,502105,62.0,60.0,65.0,M,False,False,False,False,True,False,2.0,2.0,2.0
5021,502106,57.0,55.0,60.0,M,False,False,False,False,False,True,1.0,2.0,1.0
5021,502107,57.0,55.0,60.0,F,True,False,False,False,False,False,1.0,1.0,5.0
5021,502108,52.0,50.0,55.0,M,False,False,False,False,True,False,1.0,1.0,4.0
5022,502201,42.0,42.0,,F,True,False,False,False,False,False,1.0,1.0,5.0
5022,502202,47.0,47.0,,F,False,False,False,False,False,True,1.0,1.0,4.0
5022,502203,51.0,51.0,,F,False,False,False,False,False,True,1.0,1.0,4.0
5022,502204,17.0,17.0,,F,False,False,False,False,False,True,1.0,1.0,4.0
5022,502205,19.0,19.0,,M,True,False,False,False,False,False,1.0,,5.0
5022,502206,6.0,6.0,,M,True,False,False,False,False,False,1.0,1.0,5.0
5023,502301,22.0,20.0,25.0,F,False,False,False,False,True,False,2.0,2.0,3.0
5023,502302,25.0,20.0,30.0,F,False,False,False,False,False,True,5.0,2.0,2.0
5023,502303,42.0,40.0,45.0,M,False,False,True,False,False,False,2.0,2.0,2.0
5023,502304,22.0,20.0,25.0,F,False,False,False,False,True,False,5.0,2.0,1.0
5023,502305,35.0,30.0,40.0,F,False,False,False,False,False,True,5.0,,1.0
5023,502306,40.0,35.0,45.0,F,False,False,False,False,True,False,2.0,2.0,3.0
5023,502307,32.0,30.0,35.0,F,False,False,False,False,True,False,2.0,1.0,3.0
5023,502308,27.0,25.0,30.0,F,False,False,False,False,True,False,2.0,2.0,3.0
5023,502309,40.0,35.0,45.0,F,False,False,False,False,True,False,2.0,2.0,3.0
5023,502310,47.0,45.0,50.0,F,False,False,False,False,True,False,2.0,2.0,3.0
5023,502311,52.0,50.0,55.0,F,False,False,False,False,True,False,2.0,2.0,3.0
5023,502312,32.0,30.0,35.0,M,True,False,False,False,False,False,2.0,2.0,2.0
5023,502313,42.0,40.0,45.0,F,False,False,False,False,False,True,1.0,2.0,1.0
5023,502314,41.0,40.0,43.0,F,False,False,False,False,True,False,2.0,2.0,4.0
5023,502315,42.0,40.0,45.0,M,False,False,True,False,False,False,1.0,2.0,3.0
5023,502316,42.0,40.0,45.0,F,False,True,False,False,False,False,2.0,2.0,1.0
5023,502317,42.0,40.0,45.0,M,False,True,False,False,False,False,2.0,2.0,1.0
5023,502318,32.0,30.0,35.0,M,False,False,False,False,False,True,4.0,2.0,1.0
5023,502319,42.0,40.0,45.0,F,False,False,True,False,False,False,1.0,2.0,3.0
5023,502320,31.0,30.0,32.0,F,False,False,True,False,False,False,1.0,,2.0
5023,502321,55.0,50.0,60.0,F,False,False,True,False,False,False,1.0,2.0,4.0
5023,502322,57.0,55.0,60.0,F,False,False,True,False,False,False,1.0,2.0,2.0
5023,502323,45.0,40.0,50.0,F,False,False,True,False,False,False,1.0,2.0,2.0
5023,502324,72.0,70.0,75.0,F,False,False,False,False,True,False,2.0,1.0,4.0
5023,502325,81.0,80.0,82.0,M,False,False,False,False,True,False,2.0,1.0,4.0
5023,502326,53.0,53.0,,M,True,False,False,False,False,False,1.0,1.0,5.0
5024,502401,40.0,40.0,,M,False,True,False,False,False,False,1.0,,4.0
5024,502402,12.0,12.0,,F,True,False,False,False,False,False,1.0,1.0,5.0
5024,502403,10.0,10.0,,M,True,False,False,False,False,False,1.0,1.0,5.0
5024,502404,47.0,45.0,50.0,M,False,True,False,False,False,False,1.0,1.0,3.0
5024,502405,47.0,45.0,50.0,M,False,True,False,False,False,False,1.0,2.0,3.0
5024,502406,47.0,45.0,50.0,M,False,True,False,False,False,False,1.0,1.0,3.0
5024,502407,47.0,45.0,50.0,M,False,True,False,False,False,False,2.0,2.0,3.0
5024,502408,37.0,35.0,40.0,M,False,True,False,False,False,False,1.0,1.0,4.0
5024,502409,48.0,48.0,,M,False,True,False,False,False,False,1.0,1.0,4.0
5024,502410,45.0,45.0,,F,True,False,False,False,False,False,1.0,1.0,5.0
5024,502411,47.0,45.0,50.0,M,False,True,False,False,False,False,2.0,2.0,3.0
5025,502501,5.0,5.0,,F,True,False,False,False,False,False,1.0,1.0,5.0
5025,502502,7.0,7.0,,F,True,False,False,False,False,False,1.0,1.0,5.0
5025,502503,28.0,28.0,,F,True,False,False,False,False,False,1.0,1.0,5.0
5025,502504,60.0,60.0,,F,True,False,False,False,False,False,2.0,1.0,4.0
5026,502601,22.0,22.0,,M,True,False,False,False,False,False,5.0,2.0,4.0
5026,502602,32.0,30.0,35.0,M,False,False,False,False,True,False,5.0,2.0,1.0
5026,502603,27.0,25.0,30.0,M,False,False,False,False,True,False,3.0,2.0,2.0
5026,502604,37.0,35.0,40.0,F,True,False,False,False,False,False,3.0,2.0,2.0
5026,502605,20.0,20.0,,M,True,False,False,False,False,False,2.0,2.0,2.0
5026,502606,6.0,6.0,,M,False,False,False,False,True,False,3.0,1.0,3.0
5026,502607,26.0,26.0,,F,False,False,False,False,True,False,3.0,1.0,3.0
5026,502608,3.0,3.0,,F,False,False,False,False,True,False,3.0,1.0,3.0
5026,502609,50.0,50.0,,F,False,False,False,False,True,False,2.0,1.0,5.0
5026,502610,42.0,40.0,45.0,F,False,False,False,False,True,False,5.0,2.0,2.0
5026,502611,20.0,20.0,,F,True,False,False,False,False,False,1.0,1.0,5.0
5027,502701,2.0,2.0,,M,True,False,False,False,False,False,1.0,1.0,5.0
5027,502702,62.0,62.0,,M,True,False,False,False,False,False,1.0,1.0,5.0
5027,502703,28.0,28.0,,M,True,False,False,False,False,False,1.0,1.0,5.0
5027,502704,8.0,8.0,,M,True,False,False,False,False,False,1.0,1.0,3.0
5027,502705,29.0,29.0,,M,True,False,False,False,False,False,1.0,1.0,5.0
5028,502801,60.0,60.0,,F,True,False,False,False,False,False,1.0,1.0,5.0
5029,502901,44.0,44.0,,M,False,True,False,False,False,False,1.0,2.0,5.0
5029,502902,26.0,26.0,,F,False,True,False,False,False,False,1.0,2.0,5.0
5029,502903,46.0,46.0,,M,False,True,False,False,False,False,2.0,1.0,5.0
5029,502904,40.0,40.0,,M,False,True,False,False,False,False,1.0,2.0,5.0
5029,502905,28.0,28.0,,M,False,True,False,False,False,False,1.0,2.0,5.0
5029,502906,25.0,25.0,,F,False,True,False,False,False,False,1.0,2.0,5.0
5029,502907,49.0,49.0,,F,False,False,False,False,False,True,1.0,1.0,5.0
5029,502908,28.0,28.0,,M,False,True,False,False,False,False,1.0,2.0,5.0
5030,503001,21.0,21.0,,M,True,False,False,False,False,False,1.0,2.0,4.0
5030,503002,21.0,21.0,,M,True,False,False,False,False,False,1.0,1.0,5.0
5030,503003,21.0,21.0,,F,True,False,False,False,False,False,1.0,1.0,4.0
5030,503004,21.0,21.0,,M,True,False,False,False,False,False,1.0,2.0,4.0
5030,503005,22.0,20.0,25.0,M,False,False,False,False,False,True,4.0,1.0,1.0
5030,503006,20.0,20.0,,F,True,False,False,False,False,False,2.0,1.0,4.0
5031,503101,27.0,25.0,30.0,M,False,False,False,False,False,True,5.0,2.0,1.0
5031,503102,20.0,20.0,,F,True,False,False,False,False,False,1.0,2.0,4.0
5031,503103,18.0,18.0,19.0,M,False,False,False,False,False,True,4.0,2.0,2.0
5031,503104,19.0,19.0,,M,False,False,False,False,False,True,2.0,2.0,3.0
5031,503105,21.0,21.0,,F,True,False,False,False,False,False,1.0,2.0,4.0
5031,503106,18.0,18.0,,F,False,False,False,False,False,True,2.0,2.0,2.0
5031,503107,20.0,20.0,,F,True,False,False,False,False,False,1.0,2.0,4.0
5031,503108,32.0,30.0,35.0,F,False,False,False,False,False,True,5.0,2.0,1.0
5031,503109,19.0,19.0,,F,True,False,False,False,False,False,1.0,1.0,5.0
5032,503201,57.0,55.0,60.0,M,False,True,False,False,False,False,1.0,2.0,2.0
5032,503202,52.0,50.0,55.0,M,False,True,False,False,False,False,1.0,2.0,2.0
5032,503203,22.0,20.0,25.0,F,False,True,False,False,False,False,2.0,2.0,1.0
5032,503204,52.0,50.0,55.0,M,False,True,False,False,False,False,1.0,2.0,2.0
5032,503205,42.0,40.0,45.0,,False,True,False,False,False,False,1.0,2.0,3.0
5032,503206,47.0,45.0,50.0,M,False,True,False,False,False,False,1.0,2.0,2.0
5032,503207,55.0,50.0,60.0,F,False,True,False,False,False,False,2.0,2.0,1.0
5032,503208,55.0,50.0,60.0,M,False,True,False,False,False,False,1.0,2.0,2.0
5032,503209,33.0,33.0,,M,False,True,False,False,False,False,1.0,2.0,4.0
5032,503210,55.0,50.0,60.0,M,False,False,False,False,False,True,1.0,2.0,1.0
5032,503211,39.0,39.0,,M,False,True,False,False,False,False,1.0,1.0,1.0
5032,503212,42.0,40.0,45.0,,False,True,False,False,False,False,1.0,2.0,2.0
5033,503301,75.0,75.0,,M,False,True,False,False,False,False,2.0,2.0,2.0
5033,503302,29.0,29.0,,F,False,False,False,False,True,False,3.0,1.0,2.0
5033,503303,58.0,58.0,,F,False,False,False,False,True,False,3.0,1.0,2.0
5033,503304,35.0,35.0,,M,False,False,False,False,True,False,3.0,1.0,2.0
5033,503305,41.0,41.0,,M,False,True,False,False,False,False,,1.0,2.0
5033,503306,37.0,37.0,,M,False,True,False,False,False,False,2.0,2.0,4.0
5033,503307,19.0,19.0,,M,False,True,False,False,False,False,2.0,2.0,4.0
5033,503308,17.0,17.0,,M,False,True,False,False,False,False,2.0,2.0,3.0
5033,503309,16.0,16.0,,M,False,True,False,False,False,False,2.0,1.0,2.0
5033,503310,72.0,72.0,,M,False,True,False,False,False,False,2.0,2.0,2.0
5033,503311,62.0,60.0,65.0,M,False,True,False,False,False,False,3.0,2.0,3.0
5033,503312,50.0,50.0,,M,False,True,False,False,False,False,3.0,1.0,4.0
5033,503313,70.0,70.0,,M,False,True,False,False,False,False,3.0,2.0,4.0
5033,503314,52.0,52.0,,M,False,True,False,False,False,False,2.0,1.0,4.0
5033,503315,46.0,46.0,,M,False,False,False,False,False,True,2.0,1.0,2.0
5033,503316,36.0,36.0,,F,True,False,False,False,False,False,1.0,1.0,3.0
5033,503317,16.0,16.0,,F,True,False,False,False,False,False,1.0,1.0,4.0
5033,503318,14.0,14.0,,F,True,False,False,False,False,False,1.0,1.0,3.0
5034,503401,55.0,50.0,60.0,F,False,False,False,False,False,True,5.0,2.0,2.0
5034,503402,49.0,49.0,,M,True,False,False,False,False,False,1.0,1.0,5.0
5034,503403,55.0,50.0,60.0,M,True,False,False,False,False,False,4.0,2.0,3.0
5034,503404,35.0,35.0,,F,True,False,False,False,False,False,3.0,1.0,5.0
5035,503501,47.0,47.0,,M,False,True,False,False,False,False,2.0,2.0,4.0
5035,503502,18.0,18.0,,F,False,True,False,False,False,False,1.0,,3.0
5035,503503,66.0,66.0,,F,False,True,False,False,False,False,2.0,1.0,4.0
5035,503504,71.0,71.0,,M,False,True,False,False,False,False,2.0,1.0,4.0
5035,503505,45.0,45.0,,M,False,True,False,False,False,False,2.0,2.0,4.0
5035,503506,66.0,66.0,,M,False,True,False,False,False,False,3.0,1.0,5.0
5035,503507,65.0,65.0,,F,False,True,False,False,False,False,3.0,1.0,5.0
5035,503508,65.0,65.0,,M,False,True,False,False,False,False,2.0,1.0,4.0
5035,503509,61.0,61.0,,F,False,True,False,False,False,False,1.0,1.0,4.0
5035,503510,50.0,50.0,,F,False,True,False,False,False,False,1.0,2.0,3.0
5035,503511,47.0,47.0,,M,True,False,False,False,False,False,1.0,1.0,5.0
5035,503512,12.0,12.0,,M,True,False,False,False,False,False,1.0,1.0,5.0
5035,503513,19.0,19.0,,F,True,False,False,False,False,False,1.0,,5.0
5035,503514,47.0,47.0,,M,False,True,False,False,False,False,1.0,1.0,5.0
5037,503701,45.0,45.0,,F,True,False,False,False,False,False,4.0,1.0,2.0
5037,503702,47.0,45.0,50.0,M,True,False,False,False,False,False,5.0,2.0,1.0
5037,503703,35.0,35.0,,M,False,False,False,True,True,False,4.0,2.0,4.0
5037,503704,36.0,36.0,,F,True,False,False,False,False,False,3.0,2.0,4.0
5037,503705,34.0,34.0,,F,False,False,False,True,True,False,4.0,2.0,4.0
5037,503706,45.0,45.0,,F,False,False,False,False,False,True,2.0,2.0,1.0
5037,503707,44.0,44.0,,F,False,False,False,False,False,True,3.0,2.0,1.0
5037,503708,16.0,16.0,,M,True,False,False,False,False,False,1.0,1.0,4.0
5037,503709,28.0,28.0,,M,True,False,False,False,False,False,1.0,1.0,5.0
5037,503710,19.0,19.0,,F,True,False,False,False,False,False,1.0,2.0,5.0
5037,503711,67.0,65.0,70.0,M,False,False,False,False,False,True,2.0,2.0,1.0
5037,503712,51.0,51.0,,M,True,False,False,False,False,False,1.0,1.0,5.0
5037,503713,52.0,50.0,55.0,F,False,False,False,False,False,True,2.0,2.0,2.0
5037,503714,46.0,46.0,,M,True,False,False,False,False,False,4.0,1.0,2.0
5038,503801,35.0,30.0,40.0,M,False,True,False,False,False,False,5.0,2.0,1.0
5038,503802,22.0,20.0,25.0,M,False,False,False,False,True,False,5.0,2.0,4.0
5038,503803,22.0,20.0,25.0,M,False,False,False,False,True,False,5.0,2.0,4.0
5038,503804,65.0,60.0,70.0,F,False,True,False,False,False,False,2.0,2.0,1.0
5038,503805,35.0,30.0,40.0,F,False,True,False,False,False,False,5.0,2.0,1.0
5038,503806,19.0,19.0,,F,False,False,False,False,True,False,2.0,1.0,3.0
5038,503807,23.0,23.0,,M,False,False,False,False,True,False,2.0,1.0,3.0
5038,503808,62.0,60.0,65.0,M,False,True,False,False,False,False,1.0,2.0,4.0
5038,503809,52.0,50.0,55.0,M,False,True,False,False,False,False,1.0,2.0,5.0
5038,503810,40.0,35.0,45.0,F,False,True,False,False,False,False,2.0,2.0,4.0
5038,503811,18.0,18.0,,F,False,True,False,False,False,False,1.0,2.0,5.0
5038,503812,53.0,53.0,,F,True,False,False,False,False,False,1.0,1.0,5.0
5038,503813,51.0,51.0,,M,True,False,False,False,False,False,1.0,1.0,5.0
5038,503814,65.0,60.0,70.0,F,False,True,False,False,False,False,3.0,2.0,1.0
5039,503901,41.0,40.0,42.0,M,False,True,False,False,False,False,4.0,2.0,2.0
5039,503902,22.0,22.0,,F,False,False,False,True,False,False,3.0,2.0,2.0
5039,503903,56.0,56.0,,F,False,False,False,False,True,False,3.0,2.0,1.0
5039,503904,45.0,40.0,50.0,M,False,False,False,False,True,False,3.0,2.0,2.0
5039,503905,18.0,18.0,,M,False,False,False,False,False,True,2.0,2.0,2.0
5039,503906,19.0,19.0,,M,False,False,False,False,False,True,3.0,1.0,3.0
5039,503907,18.0,18.0,,M,False,False,False,False,False,True,2.0,1.0,3.0
5039,503908,52.0,50.0,54.0,M,False,False,False,False,False,True,2.0,2.0,2.0
5039,503909,52.0,50.0,54.0,M,False,False,False,False,False,True,1.0,2.0,2.0
5039,503910,46.0,45.0,48.0,F,False,False,False,True,False,False,3.0,2.0,3.0
5039,503911,62.0,60.0,65.0,M,True,False,False,False,False,False,4.0,2.0,2.0
5039,503912,70.0,70.0,,M,True,False,False,False,False,False,3.0,2.0,2.0
5039,503913,44.0,44.0,,F,False,True,False,False,False,False,2.0,2.0,2.0
5039,503914,21.0,21.0,,F,False,False,False,True,False,False,3.0,2.0,3.0
5039,503915,55.0,50.0,60.0,F,False,False,False,False,True,False,2.0,2.0,3.0
5039,503916,3.0,3.0,,M,False,False,True,False,False,False,1.0,1.0,4.0
5039,503917,42.0,42.0,,F,True,False,False,False,False,False,1.0,1.0,3.0
5039,503918,32.0,32.0,,M,True,False,False,False,False,False,1.0,1.0,3.0
5039,503919,20.0,20.0,,M,True,False,False,False,False,False,1.0,1.0,3.0
5039,503920,4.0,4.0,,F,True,False,False,False,False,False,1.0,1.0,4.0
5039,503921,3.0,3.0,,M,False,False,True,False,False,False,2.0,1.0,3.0
5039,503922,2.0,2.0,,F,False,False,True,False,False,False,2.0,1.0,2.0
5039,503923,36.0,36.0,,F,False,False,True,False,False,False,2.0,2.0,2.0
5039,503924,43.0,43.0,,M,False,True,False,False,False,False,2.0,2.0,3.0
5039,503925,42.0,42.0,,M,False,True,False,False,False,False,2.0,2.0,3.0
5039,503926,89.0,89.0,,F,False,False,False,True,False,False,3.0,2.0,4.0
5039,503927,60.0,60.0,,F,False,True,False,False,False,False,2.0,1.0,2.0
5039,503928,63.0,63.0,,F,False,True,False,False,False,False,2.0,1.0,3.0
5039,503929,2.0,2.0,,F,True,False,False,False,False,False,1.0,1.0,4.0
5040,504001,50.0,50.0,,F,False,False,False,False,True,False,2.0,2.0,3.0
5040,504002,44.0,44.0,,M,False,False,False,False,True,False,3.0,2.0,3.0
5040,504003,72.0,72.0,,M,True,False,False,False,False,False,1.0,1.0,5.0
5040,504004,60.0,60.0,,M,False,False,False,False,True,False,2.0,2.0,3.0
5040,504005,10.0,10.0,,M,False,False,False,False,True,False,3.0,2.0,2.0
5040,504006,13.0,13.0,,M,False,False,False,False,True,False,3.0,2.0,2.0
5040,504007,57.0,55.0,60.0,F,False,False,False,False,False,True,5.0,2.0,1.0
5040,504008,45.0,45.0,,F,True,False,False,False,False,False,1.0,2.0,4.0
5040,504009,15.0,15.0,,M,True,False,False,False,False,False,1.0,2.0,4.0
5040,504010,75.0,75.0,,M,True,False,False,False,False,False,1.0,1.0,5.0
5040,504011,28.0,28.0,,M,True,False,False,False,False,False,1.0,1.0,5.0
5040,504012,44.0,44.0,,F,False,False,False,False,True,False,3.0,2.0,3.0
5041,504101,57.0,57.0,58.0,F,True,False,False,False,False,False,1.0,1.0,5.0
5041,504102,30.0,30.0,,F,True,False,False,False,False,False,3.0,1.0,3.0
5041,504103,29.0,29.0,,F,True,False,False,False,False,False,2.0,1.0,4.0
5041,504104,62.0,62.0,,M,True,False,False,False,False,False,2.0,1.0,
5042,504201,55.0,50.0,60.0,M,False,False,False,False,True,False,3.0,2.0,1.0
5042,504202,57.0,55.0,60.0,M,True,False,False,False,False,False,4.0,2.0,2.0
5042,504203,55.0,50.0,60.0,F,False,False,False,False,False,True,2.0,2.0,1.0
5042,504204,57.0,57.0,,F,True,False,False,False,False,False,1.0,2.0,5.0
5042,504205,24.0,24.0,,M,True,False,False,False,False,False,1.0,2.0,4.0
5042,504206,52.0,50.0,55.0,F,True,False,False,False,False,False,1.0,,1.0
5043,504301,55.0,50.0,60.0,M,False,False,False,False,True,False,3.0,2.0,2.0
5043,504302,82.0,80.0,85.0,M,False,False,False,False,True,False,2.0,2.0,3.0
5043,504303,72.0,70.0,75.0,M,False,False,False,False,True,False,2.0,2.0,4.0
5043,504304,51.0,50.0,52.0,F,False,False,False,False,True,False,2.0,2.0,4.0
5043,504305,62.0,62.0,,M,False,False,False,False,True,False,3.0,2.0,4.0
5043,504306,13.0,13.0,,M,True,False,False,False,False,False,2.0,1.0,2.0
5043,504307,13.0,13.0,,M,True,False,False,False,False,False,2.0,1.0,2.0
5043,504308,65.0,60.0,70.0,M,False,False,False,False,True,False,3.0,2.0,2.0
5043,504309,43.0,40.0,46.0,M,False,False,False,False,False,True,4.0,2.0,3.0
5043,504310,55.0,50.0,60.0,F,False,False,True,False,False,False,2.0,2.0,2.0
5043,504311,35.0,30.0,40.0,M,False,False,False,False,False,True,3.0,2.0,2.0
5043,504312,42.0,40.0,45.0,F,False,False,False,False,False,True,4.0,2.0,3.0
5043,504313,65.0,60.0,70.0,F,False,False,False,False,True,False,2.0,2.0,3.0
5043,504314,29.0,28.0,30.0,F,False,False,False,False,True,False,2.0,1.0,1.0
5043,504315,60.0,60.0,,M,False,False,False,False,False,True,1.0,2.0,1.0
5043,504316,55.0,50.0,60.0,F,False,False,True,False,False,False,2.0,2.0,2.0
5043,504317,45.0,40.0,50.0,F,False,False,False,False,True,False,2.0,2.0,4.0
5043,504318,13.0,13.0,,M,True,False,False,False,False,False,1.0,1.0,5.0
5043,504319,65.0,65.0,,F,False,False,False,False,False,True,1.0,2.0,1.0
5043,504320,41.0,40.0,42.0,F,False,False,False,True,False,False,5.0,2.0,
5043,504321,25.0,20.0,30.0,F,False,False,False,True,False,False,5.0,2.0,2.0
5043,504322,25.0,20.0,30.0,M,False,False,False,False,True,False,2.0,2.0,3.0
5043,504323,45.0,40.0,50.0,F,False,False,False,True,False,False,5.0,2.0,2.0
5043,504324,45.0,40.0,50.0,F,False,False,False,True,False,False,5.0,2.0,2.0
5043,504325,62.0,60.0,65.0,F,False,False,False,True,False,False,5.0,2.0,2.0
5043,504326,25.0,20.0,30.0,M,False,False,False,False,True,False,2.0,2.0,3.0
5043,504327,25.0,20.0,30.0,F,False,False,False,True,False,False,5.0,2.0,2.0
5043,504328,42.0,40.0,45.0,M,False,False,False,False,True,False,2.0,2.0,4.0
5043,504329,58.0,58.0,,M,True,False,False,False,False,False,1.0,1.0,5.0
5044,504401,37.0,37.0,,M,False,False,False,False,True,False,2.0,2.0,3.0
5044,504402,45.0,45.0,,M,False,False,False,False,True,False,2.0,2.0,3.0
5044,504403,22.0,22.0,,M,False,False,False,False,True,False,2.0,2.0,3.0
5044,504404,22.0,22.0,,F,True,False,False,False,True,False,1.0,2.0,
5044,504405,65.0,65.0,,F,False,False,False,False,True,False,2.0,2.0,2.0
5044,504406,17.0,16.0,18.0,F,False,False,False,False,True,False,2.0,1.0,1.0
5044,504407,21.0,21.0,,M,True,False,False,False,False,False,2.0,1.0,4.0
5044,504408,50.0,45.0,55.0,F,False,True,True,False,False,False,1.0,2.0,4.0
5044,504409,27.0,25.0,30.0,F,False,False,False,False,True,False,2.0,1.0,1.0
5044,504410,23.0,23.0,,M,True,False,False,False,False,False,1.0,1.0,4.0
5044,504411,16.0,16.0,,M,True,False,False,False,False,False,1.0,1.0,4.0
5044,504412,37.0,35.0,40.0,M,True,False,False,False,True,False,2.0,1.0,4.0
5044,504413,40.0,35.0,45.0,F,False,True,True,False,False,False,1.0,2.0,4.0
5044,504414,40.0,35.0,45.0,F,False,True,True,False,False,False,1.0,2.0,4.0
5044,504415,55.0,50.0,60.0,F,False,True,True,False,False,False,1.0,2.0,4.0
5044,504416,12.0,12.0,,M,True,False,False,False,False,False,1.0,1.0,4.0
5044,504417,40.0,35.0,45.0,F,False,True,True,False,False,False,1.0,2.0,4.0
5045,504501,25.0,20.0,30.0,F,False,False,False,False,True,False,5.0,2.0,2.0
5045,504502,21.0,21.0,,M,False,False,False,False,False,True,3.0,2.0,3.0
5045,504503,19.0,19.0,20.0,M,False,False,False,False,True,False,4.0,2.0,3.0
5045,504504,19.0,18.0,20.0,F,False,False,False,False,True,False,4.0,2.0,2.0
5045,504505,65.0,60.0,70.0,F,False,False,False,False,True,False,4.0,2.0,3.0
5045,504506,65.0,60.0,70.0,M,False,False,False,False,True,False,5.0,2.0,3.0
5045,504507,28.0,28.0,,M,False,False,False,False,False,True,3.0,2.0,2.0
5045,504508,35.0,30.0,40.0,M,False,False,False,False,True,False,2.0,2.0,3.0
5045,504509,47.0,45.0,50.0,F,False,False,False,True,False,False,2.0,2.0,4.0
5045,504510,54.0,54.0,,F,False,False,False,True,False,False,2.0,1.0,4.0
5045,504511,60.0,60.0,,M,False,False,False,True,False,False,2.0,1.0,3.0
5045,504512,25.0,20.0,30.0,M,False,False,False,False,True,False,5.0,2.0,2.0
5045,504513,52.0,50.0,55.0,M,False,False,False,False,True,False,5.0,2.0,4.0
5046,504601,38.0,38.0,,,False,True,False,False,False,False,1.0,1.0,4.0
5046,504602,16.0,16.0,,M,False,False,False,False,False,True,2.0,2.0,2.0
5046,504603,82.0,82.0,,F,False,False,False,False,False,True,2.0,2.0,5.0
5046,504604,12.0,12.0,,F,True,False,False,False,False,False,1.0,1.0,5.0
5046,504605,11.0,11.0,,F,True,False,False,False,False,False,1.0,1.0,5.0
5046,504606,38.0,38.0,,F,True,False,False,False,False,False,1.0,1.0,4.0
5046,504607,52.0,52.0,,,False,True,False,False,False,False,1.0,1.0,4.0
5046,504608,40.0,40.0,,M,False,True,False,False,False,False,1.0,1.0,4.0
5046,504609,10.0,10.0,,F,True,False,False,False,False,False,1.0,1.0,5.0
5047,504701,9.0,9.0,,M,True,False,False,False,False,False,1.0,1.0,5.0
5047,504702,26.0,26.0,,F,True,False,False,False,False,False,1.0,1.0,4.0
5047,504703,22.0,22.0,,M,True,False,False,False,False,False,1.0,1.0,5.0
5047,504704,18.0,18.0,,F,True,False,False,False,False,False,1.0,1.0,5.0
5047,504705,27.0,27.0,,F,True,False,False,False,False,False,1.0,1.0,4.0
5047,504706,8.0,8.0,,M,True,False,False,False,False,False,1.0,1.0,5.0
5047,504707,6.0,6.0,,M,True,False,False,False,False,False,1.0,1.0,5.0
5047,504708,36.0,36.0,,M,True,False,False,False,False,False,1.0,1.0,5.0
5047,504709,46.0,46.0,,F,True,False,False,False,False,False,1.0,1.0,5.0
5048,504801,10.0,10.0,,M,False,False,False,False,False,True,2.0,1.0,2.0
5048,504802,39.0,38.0,40.0,M,False,True,False,False,False,False,1.0,2.0,2.0
5048,504803,38.0,38.0,,M,False,True,False,False,False,False,1.0,2.0,2.0
5048,504804,45.0,40.0,50.0,M,False,True,False,False,False,False,1.0,1.0,2.0
5048,504805,55.0,50.0,60.0,F,False,True,False,False,False,False,1.0,1.0,2.0
5048,504806,62.0,60.0,65.0,F,False,True,False,False,False,False,2.0,1.0,3.0
5048,504807,10.0,10.0,,F,False,False,False,False,False,True,2.0,1.0,4.0
5048,504808,5.0,5.0,,F,False,False,False,False,False,True,2.0,1.0,2.0
5048,504809,16.0,16.0,,M,False,False,False,False,True,False,3.0,2.0,4.0
5048,504810,30.0,30.0,,F,False,False,False,False,False,True,1.0,1.0,4.0
5048,504811,30.0,30.0,,F,False,False,False,True,False,False,2.0,1.0,3.0
5048,504812,32.0,30.0,35.0,M,False,True,False,False,False,False,1.0,2.0,4.0
5048,504813,28.0,28.0,,F,False,False,False,True,False,False,3.0,2.0,4.0
5048,504814,6.0,6.0,,M,False,False,False,False,False,True,2.0,2.0,3.0
5048,504815,32.0,32.0,,M,False,True,False,False,False,False,1.0,1.0,4.0
5048,504816,30.0,30.0,,M,False,False,False,False,False,True,1.0,1.0,3.0
5048,504817,38.0,38.0,,F,False,True,False,False,False,False,1.0,1.0,4.0
5048,504818,45.0,45.0,,F,False,True,False,False,False,False,1.0,1.0,4.0
5048,504819,22.0,20.0,25.0,F,False,True,False,False,False,False,1.0,1.0,4.0
5048,504820,32.0,30.0,35.0,F,False,True,False,False,False,False,1.0,2.0,4.0
5048,504821,35.0,30.0,40.0,F,False,True,False,False,False,False,1.0,2.0,4.0
5048,504822,25.0,20.0,30.0,M,False,True,False,False,False,False,1.0,2.0,4.0
5048,504823,42.0,40.0,45.0,M,False,True,False,False,False,False,1.0,1.0,4.0
5048,504824,55.0,50.0,60.0,M,False,True,False,False,False,False,1.0,2.0,4.0
5048,504825,55.0,50.0,60.0,F,False,True,False,False,False,False,1.0,2.0,3.0
5048,504826,55.0,50.0,60.0,F,False,True,False,False,False,False,1.0,2.0,3.0
5048,504827,24.0,20.0,28.0,F,False,True,False,False,False,False,1.0,2.0,4.0
5048,504828,25.0,20.0,30.0,F,False,True,False,False,False,False,1.0,2.0,4.0
5048,504829,32.0,30.0,35.0,M,False,True,False,False,False,False,1.0,2.0,4.0
5049,504901,11.0,10.0,12.0,M,False,False,False,True,False,False,2.0,1.0,3.0
5049,504902,26.0,26.0,,F,True,False,False,False,False,False,2.0,2.0,3.0
5049,504903,57.0,57.0,,M,True,False,False,False,False,False,2.0,2.0,3.0
5049,504904,18.0,18.0,,M,True,False,False,False,False,False,2.0,1.0,2.0
5049,504905,26.0,26.0,,M,True,False,False,False,False,False,1.0,2.0,2.0
5049,504906,55.0,50.0,60.0,M,True,False,False,False,False,False,1.0,1.0,3.0
5049,504907,55.0,50.0,60.0,F,False,False,False,False,True,False,1.0,1.0,2.0
5049,504908,82.0,80.0,85.0,F,False,False,False,False,True,False,2.0,2.0,3.0
5049,504909,1.0,1.0,,F,False,False,False,False,True,False,2.0,2.0,3.0
5049,504910,11.0,10.0,12.0,M,False,False,False,True,False,False,1.0,2.0,4.0
5049,504911,15.0,15.0,,F,False,True,False,False,False,False,2.0,1.0,2.0
5049,504912,18.0,16.0,20.0,F,False,False,True,False,False,False,1.0,1.0,4.0
5049,504913,18.0,16.0,20.0,M,False,False,True,False,False,False,1.0,2.0,4.0
5049,504914,2.0,2.0,,M,False,False,False,True,False,False,1.0,2.0,5.0
5049,504915,19.0,18.0,20.0,F,False,False,True,False,False,False,1.0,1.0,4.0
5049,504916,22.0,20.0,24.0,F,False,False,True,False,False,False,1.0,1.0,4.0
5049,504917,22.0,22.0,,F,False,False,True,False,False,False,1.0,1.0,4.0
5049,504918,22.0,22.0,,F,False,False,True,False,False,False,1.0,1.0,4.0
5049,504919,20.0,20.0,21.0,F,False,False,True,False,False,False,1.0,1.0,4.0
5049,504920,20.0,20.0,21.0,F,False,False,True,False,False,False,1.0,1.0,4.0
5049,504921,55.0,55.0,,F,True,False,False,False,False,False,2.0,1.0,3.0
5049,504922,20.0,20.0,21.0,F,False,False,True,False,False,False,1.0,1.0,4.0
5049,504923,26.0,24.0,28.0,F,False,False,True,False,False,False,1.0,1.0,4.0
5049,504924,23.0,22.0,25.0,F,False,False,True,False,False,False,1.0,1.0,4.0
5049,504925,23.0,22.0,25.0,M,False,False,True,False,False,False,1.0,1.0,4.0
5049,504926,17.0,16.0,18.0,M,False,False,True,False,False,False,1.0,1.0,4.0
5049,504927,17.0,16.0,18.0,F,False,False,True,False,False,False,1.0,1.0,4.0
5049,504928,22.0,20.0,24.0,M,False,False,True,False,False,False,1.0,1.0,4.0
5049,504929,20.0,20.0,21.0,F,False,False,True,False,False,False,1.0,1.0,4.0
5050,505001,19.0,19.0,,F,False,False,False,False,True,True,2.0,1.0,5.0
5050,505002,80.0,80.0,,F,False,False,False,False,True,False,5.0,2.0,3.0
5050,505003,45.0,45.0,,M,False,False,False,False,True,False,3.0,2.0,3.0
5050,505004,40.0,40.0,,M,False,False,False,False,True,False,4.0,2.0,3.0
5050,505005,55.0,55.0,,F,True,False,False,False,True,True,1.0,1.0,5.0
5050,505006,65.0,60.0,70.0,F,False,False,False,False,True,False,3.0,1.0,4.0
5050,505007,32.0,30.0,35.0,F,False,False,False,False,True,False,4.0,2.0,3.0
5050,505008,62.0,60.0,65.0,M,False,False,False,False,True,False,3.0,2.0,4.0
5051,505101,75.0,75.0,,F,False,False,False,True,False,False,2.0,2.0,4.0
5051,505102,36.0,36.0,,F,False,False,False,True,False,False,2.0,2.0,4.0
5051,505103,73.0,73.0,,F,False,False,False,True,False,False,2.0,2.0,4.0
5051,505104,74.0,74.0,,M,False,False,False,False,False,True,2.0,2.0,4.0
5051,505105,80.0,80.0,,F,False,False,False,False,False,True,2.0,2.0,4.0
5051,505106,81.0,81.0,,F,False,False,False,False,False,True,2.0,2.0,4.0
5051,505107,38.0,38.0,,F,False,False,False,True,False,False,2.0,2.0,4.0
5052,505201,23.0,21.0,25.0,M,False,False,False,False,True,False,5.0,2.0,4.0
5052,505202,50.0,50.0,,F,False,False,False,False,True,False,2.0,2.0,3.0
5052,505203,19.0,18.0,21.0,F,False,False,False,False,True,False,5.0,2.0,4.0
5052,505204,17.0,16.0,18.0,M,False,False,False,False,True,False,5.0,2.0,4.0
5052,505205,22.0,21.0,23.0,M,False,False,False,False,True,False,5.0,2.0,4.0
5052,505206,27.0,25.0,30.0,M,False,False,False,False,True,False,5.0,2.0,4.0
5052,505207,22.0,22.0,,F,True,False,False,False,False,False,1.0,1.0,5.0
5052,505208,18.0,18.0,,F,True,False,False,False,False,False,1.0,2.0,5.0
5052,505209,24.0,24.0,,M,True,False,False,False,False,False,1.0,2.0,5.0
5052,505210,50.0,50.0,,F,True,False,False,False,False,False,1.0,2.0,5.0
5052,505211,51.0,51.0,,M,True,False,False,False,False,False,1.0,2.0,5.0
5052,505212,51.0,51.0,,M,False,False,False,False,True,False,2.0,2.0,3.0
5053,505301,57.0,57.0,,M,True,False,False,False,False,False,4.0,1.0,4.0
5053,505302,30.0,30.0,,F,False,False,False,False,True,False,5.0,2.0,1.0
5053,505303,40.0,40.0,,F,False,False,False,False,True,False,5.0,1.0,1.0
5053,505304,20.0,20.0,,F,False,False,False,False,True,False,5.0,1.0,1.0
5053,505305,52.0,52.0,,F,True,False,False,False,False,False,2.0,1.0,5.0
5053,505306,73.0,73.0,,F,True,False,False,False,False,False,2.0,2.0,3.0
5053,505307,52.0,52.0,,M,True,False,False,False,False,False,1.0,1.0,5.0
5053,505308,55.0,55.0,,F,True,False,False,False,False,False,4.0,1.0,4.0
5053,505309,80.0,80.0,,F,True,False,False,False,False,False,1.0,1.0,5.0
5054,505401,49.0,48.0,50.0,M,False,False,False,False,True,False,3.0,2.0,4.0
5054,505402,37.0,36.0,39.0,M,False,False,False,False,True,False,3.0,2.0,4.0
5054,505403,48.0,46.0,50.0,M,False,False,False,False,True,False,3.0,2.0,4.0
5054,505404,42.0,39.0,45.0,M,False,False,False,False,True,False,3.0,2.0,4.0
5054,505405,20.0,20.0,,M,True,False,False,False,False,False,1.0,2.0,3.0
5054,505406,45.0,45.0,,F,True,False,False,False,False,False,1.0,1.0,5.0
5054,505407,49.0,49.0,,M,False,False,False,False,True,False,3.0,2.0,4.0
5055,505501,10.0,10.0,,F,False,False,False,False,False,False,1.0,1.0,5.0
5055,505502,56.0,56.0,,F,False,False,False,False,False,True,2.0,1.0,3.0
5055,505503,59.0,59.0,,M,False,False,False,False,False,True,2.0,1.0,3.0
5055,505504,37.0,37.0,,M,False,False,False,False,False,False,1.0,1.0,5.0
5056,505601,93.0,93.0,,M,True,False,False,False,False,False,1.0,2.0,5.0
5056,505602,24.0,24.0,,F,True,False,False,False,False,False,1.0,2.0,4.0
5057,505701,35.0,35.0,,F,False,False,False,False,True,False,1.0,1.0,5.0
5057,505702,45.0,40.0,50.0,M,False,False,False,False,False,True,3.0,2.0,1.0
5057,505703,42.0,40.0,45.0,M,False,False,False,False,False,True,1.0,2.0,1.0
5057,505704,19.0,18.0,20.0,M,False,False,False,False,False,True,5.0,,1.0
5057,505705,37.0,35.0,40.0,F,False,False,False,False,False,True,5.0,2.0,2.0
5057,505706,40.0,40.0,,M,False,True,False,False,False,False,2.0,2.0,5.0
5057,505707,27.0,27.0,,F,False,False,False,False,True,False,1.0,1.0,5.0
5057,505708,58.0,58.0,,F,False,False,False,False,True,False,1.0,1.0,5.0
5057,505709,32.0,30.0,35.0,F,False,False,False,False,False,True,2.0,2.0,2.0
5057,505710,47.0,45.0,50.0,F,False,False,False,False,False,True,2.0,2.0,1.0
5057,505711,25.0,20.0,30.0,M,False,False,False,False,False,True,5.0,2.0,1.0
5058,505801,45.0,40.0,50.0,F,False,True,False,False,False,False,1.0,2.0,4.0
5058,505802,45.0,40.0,50.0,F,False,True,False,False,False,False,1.0,2.0,5.0
5058,505803,45.0,40.0,50.0,F,False,True,False,False,False,False,1.0,2.0,5.0
5058,505804,45.0,40.0,50.0,F,False,True,False,False,False,False,1.0,2.0,5.0
5058,505805,55.0,50.0,60.0,F,False,True,False,False,False,False,1.0,2.0,5.0
5058,505806,55.0,50.0,60.0,F,False,True,False,False,False,False,1.0,2.0,5.0
5058,505807,35.0,30.0,40.0,F,False,True,False,False,False,False,1.0,2.0,5.0
5058,505808,45.0,40.0,50.0,F,False,True,False,False,False,False,1.0,2.0,4.0
5058,505809,35.0,30.0,40.0,F,False,True,False,False,False,False,1.0,2.0,5.0
5058,505810,40.0,30.0,50.0,F,False,True,False,False,False,False,1.0,2.0,4.0
5058,505811,55.0,50.0,60.0,F,False,True,False,False,False,False,1.0,2.0,4.0
5058,505812,55.0,50.0,60.0,F,False,True,False,False,False,False,1.0,2.0,4.0
5058,505813,45.0,40.0,50.0,F,False,True,False,False,False,False,1.0,2.0,4.0
5058,505814,35.0,30.0,40.0,F,False,True,False,False,False,False,1.0,2.0,4.0
5058,505815,15.0,10.0,20.0,F,False,False,False,False,False,True,5.0,2.0,1.0
5058,505816,14.0,14.0,,F,True,False,False,False,False,False,1.0,1.0,5.0
5058,505817,41.0,41.0,,M,True,False,False,False,False,False,1.0,1.0,5.0
5058,505818,75.0,70.0,80.0,M,False,True,False,False,False,False,2.0,1.0,3.0
5058,505819,75.0,70.0,80.0,M,False,True,False,False,False,False,2.0,1.0,3.0
5058,505820,45.0,40.0,50.0,F,False,True,False,False,False,False,1.0,2.0,5.0
5058,505821,55.0,50.0,60.0,M,False,True,False,False,False,False,2.0,1.0,3.0
5058,505822,35.0,30.0,40.0,F,False,True,False,False,False,False,1.0,2.0,5.0
5058,505823,25.0,20.0,30.0,M,False,True,False,False,False,False,2.0,2.0,3.0
5058,505824,45.0,40.0,50.0,F,False,True,False,False,False,False,1.0,2.0,5.0
5058,505825,45.0,40.0,50.0,F,False,True,False,False,False,False,1.0,2.0,5.0
5058,505826,45.0,40.0,50.0,F,False,True,False,False,False,False,1.0,2.0,5.0
5058,505827,45.0,40.0,50.0,F,False,True,False,False,False,False,1.0,2.0,5.0
5058,505828,35.0,30.0,40.0,F,False,True,False,False,False,False,1.0,2.0,5.0
5058,505829,65.0,60.0,70.0,M,False,True,False,False,False,False,2.0,1.0,3.0
5059,505901,21.0,21.0,,F,False,True,False,False,False,False,2.0,2.0,4.0
5059,505902,19.0,19.0,,F,False,True,False,False,False,False,2.0,,5.0
5059,505903,25.0,25.0,,M,True,False,False,False,False,False,1.0,2.0,5.0
5059,505904,39.0,39.0,,M,False,True,False,False,False,False,2.0,2.0,4.0
5059,505905,29.0,29.0,,M,False,True,False,False,False,False,2.0,2.0,4.0
5059,505906,46.0,46.0,,M,True,False,False,False,False,False,1.0,1.0,5.0
5059,505907,23.0,23.0,,M,True,False,False,False,False,False,1.0,1.0,5.0
5059,505908,15.0,15.0,,F,True,False,False,False,False,False,1.0,2.0,5.0
5059,505909,19.0,19.0,,M,True,False,False,False,False,False,1.0,2.0,5.0
5059,505910,43.0,43.0,,F,True,False,False,False,False,False,1.0,1.0,5.0
5059,505911,20.0,20.0,,F,False,True,False,False,False,False,2.0,2.0,5.0
5059,505912,35.0,35.0,,F,False,True,False,False,False,False,2.0,2.0,4.0
5060,506001,47.0,45.0,50.0,F,False,False,False,False,True,False,5.0,2.0,4.0
5060,506002,32.0,30.0,35.0,F,False,False,False,False,True,False,3.0,2.0,1.0
5060,506003,27.0,25.0,30.0,F,False,False,False,False,True,False,3.0,1.0,4.0
5060,506004,52.0,50.0,55.0,M,False,False,False,False,False,True,5.0,1.0,2.0
5060,506005,27.0,27.0,,F,False,False,False,False,False,True,5.0,1.0,1.0
5060,506006,42.0,40.0,45.0,F,False,False,False,False,True,False,5.0,2.0,1.0
5060,506007,42.0,40.0,45.0,M,False,False,False,False,True,False,5.0,2.0,1.0
5060,506008,26.0,26.0,,M,False,False,False,False,True,False,4.0,2.0,1.0
5060,506009,32.0,30.0,35.0,F,False,False,False,False,True,False,4.0,2.0,1.0
5060,506010,27.0,25.0,30.0,F,False,False,False,False,True,False,5.0,1.0,4.0
5060,506011,47.0,45.0,50.0,F,False,False,False,False,True,False,5.0,2.0,4.0
5060,506012,47.0,45.0,50.0,F,False,False,False,False,True,False,5.0,2.0,4.0
5060,506013,47.0,45.0,50.0,F,False,False,False,False,True,False,5.0,2.0,4.0
5060,506014,22.0,22.0,,F,False,False,False,False,True,False,5.0,2.0,4.0
5060,506015,4.0,4.0,,M,False,False,False,False,True,False,4.0,2.0,1.0
5060,506016,23.0,23.0,,F,False,False,False,False,True,False,3.0,1.0,3.0
5060,506017,37.0,35.0,40.0,F,False,False,False,False,True,False,4.0,1.0,4.0
5060,506018,35.0,35.0,,M,False,False,False,False,True,False,1.0,1.0,5.0
5060,506019,22.0,20.0,25.0,F,False,False,False,False,True,False,5.0,2.0,1.0
5060,506020,3.0,3.0,,M,False,False,False,False,True,False,4.0,1.0,4.0
5060,506021,22.0,20.0,25.0,M,False,False,False,False,True,False,5.0,2.0,1.0
5060,506022,1.0,1.0,,F,False,False,False,False,True,False,3.0,1.0,3.0
5060,506023,3.0,3.0,,F,False,False,False,False,True,False,3.0,1.0,3.0
5060,506024,24.0,24.0,,F,False,False,False,False,True,False,3.0,1.0,3.0
5060,506025,36.0,36.0,,F,False,False,False,False,True,False,2.0,1.0,4.0
5060,506026,38.0,38.0,,F,False,False,False,False,True,False,2.0,1.0,4.0
5060,506027,77.0,75.0,80.0,F,False,False,False,False,True,False,5.0,2.0,4.0
5060,506028,57.0,55.0,60.0,F,False,False,False,False,True,False,5.0,2.0,4.0
5060,506029,3.0,3.0,,F,False,False,False,False,True,False,1.0,1.0,5.0
5061,506101,34.0,34.0,,F,False,False,False,False,True,False,3.0,,5.0
5061,506102,14.0,14.0,,F,False,False,False,False,True,False,3.0,2.0,5.0
5061,506103,24.0,24.0,,,False,False,False,False,True,False,5.0,,2.0
5061,506104,50.0,50.0,,F,False,False,False,False,False,True,5.0,,1.0
5061,506105,12.0,12.0,,F,False,False,False,False,True,False,3.0,2.0,5.0
5061,506106,36.0,36.0,,F,True,False,False,False,True,False,1.0,1.0,5.0
5061,506107,10.0,10.0,,M,True,False,False,False,True,False,1.0,1.0,5.0
5061,506108,35.0,35.0,,M,False,False,False,False,True,False,3.0,2.0,5.0
5062,506201,18.0,18.0,,F,True,False,False,False,False,False,1.0,2.0,4.0
5062,506202,56.0,56.0,,F,True,False,False,False,False,False,1.0,2.0,4.0
5062,506203,19.0,19.0,,M,False,False,False,False,False,True,2.0,2.0,5.0
5063,506301,66.0,66.0,,M,False,False,False,False,False,True,3.0,1.0,5.0
5063,506302,22.0,22.0,,M,False,False,False,False,False,True,5.0,2.0,1.0
5063,506303,59.0,59.0,,F,False,False,False,False,False,True,3.0,1.0,5.0
5063,506304,59.0,59.0,,M,True,False,False,True,False,True,2.0,2.0,5.0
5063,506305,54.0,54.0,,F,True,False,False,True,False,True,2.0,2.0,5.0
5063,506306,25.0,25.0,,F,False,False,False,True,False,True,2.0,1.0,4.0
5063,506307,57.0,55.0,60.0,F,False,False,False,False,False,True,4.0,2.0,1.0
5063,506308,36.0,36.0,,F,True,False,False,True,False,True,1.0,1.0,5.0
5063,506309,17.0,16.0,18.0,F,False,False,False,False,False,True,5.0,2.0,1.0
5063,506310,1.0,1.0,,M,True,False,False,True,False,False,2.0,1.0,5.0
5063,506311,60.0,60.0,,F,False,False,False,False,False,True,3.0,1.0,5.0
5063,506312,37.0,35.0,40.0,F,False,False,False,False,False,True,5.0,2.0,2.0
5064,506401,42.0,40.0,45.0,M,True,False,False,False,False,False,5.0,2.0,4.0
5064,506402,66.0,66.0,,M,True,False,False,False,False,False,1.0,1.0,5.0
5064,506403,50.0,45.0,55.0,M,False,False,False,False,False,True,2.0,2.0,1.0
5064,506404,42.0,40.0,45.0,F,True,False,False,False,False,False,2.0,2.0,4.0
5064,506405,35.0,30.0,40.0,M,True,False,False,False,False,False,1.0,1.0,5.0
5064,506406,12.0,12.0,,M,True,False,False,False,False,False,1.0,2.0,4.0
5064,506407,42.0,40.0,45.0,M,True,False,False,False,False,False,5.0,1.0,4.0
5065,506501,32.0,30.0,35.0,F,False,False,False,False,False,True,3.0,2.0,2.0
5065,506502,74.0,74.0,,F,False,False,False,False,False,True,3.0,1.0,3.0
5065,506503,23.0,23.0,,F,True,False,False,False,False,False,2.0,2.0,2.0
5065,506504,21.0,21.0,,M,True,False,False,False,False,False,4.0,2.0,3.0
5065,506505,19.0,19.0,,F,True,False,False,False,False,False,4.0,2.0,3.0
5065,506506,62.0,60.0,65.0,M,False,False,False,False,False,True,5.0,2.0,2.0
5065,506507,33.0,33.0,,F,True,False,False,False,False,False,1.0,1.0,3.0
5065,506508,32.0,32.0,,F,True,False,False,False,False,False,1.0,1.0,3.0
5065,506509,28.0,28.0,,F,True,False,False,False,False,False,1.0,1.0,3.0
5065,506510,64.0,64.0,,F,False,False,False,False,False,True,2.0,1.0,3.0
5065,506511,60.0,60.0,,M,True,False,False,False,False,False,1.0,1.0,5.0
5065,506512,24.0,24.0,,M,True,False,False,False,False,False,1.0,1.0,4.0
5066,506601,52.0,50.0,55.0,M,False,False,False,False,True,False,1.0,2.0,5.0
5066,506602,45.0,40.0,50.0,M,False,False,False,False,True,False,2.0,2.0,3.0
5066,506603,45.0,40.0,50.0,M,False,False,False,False,True,False,2.0,2.0,3.0
5066,506604,45.0,40.0,50.0,M,False,False,False,False,True,False,2.0,2.0,3.0
5066,506605,25.0,20.0,30.0,F,False,False,False,False,False,True,2.0,2.0,1.0
5068,506801,70.0,70.0,,M,True,False,False,False,False,False,1.0,1.0,5.0
5068,506802,60.0,60.0,,F,True,False,False,False,False,False,4.0,1.0,3.0
5068,506803,27.0,25.0,30.0,F,False,False,False,False,False,True,3.0,1.0,2.0
5068,506804,37.0,35.0,40.0,M,True,False,False,False,False,False,2.0,2.0,1.0
5069,506901,40.0,40.0,,M,False,True,False,False,False,False,1.0,2.0,5.0
5069,506902,32.0,30.0,35.0,F,False,False,False,False,True,False,4.0,1.0,4.0
5069,506903,32.0,30.0,35.0,M,False,False,False,False,True,False,4.0,2.0,4.0
5069,506904,27.0,27.0,,M,True,False,False,False,False,False,3.0,2.0,4.0
5069,506905,28.0,28.0,,F,False,True,False,False,False,False,1.0,1.0,5.0
5069,506906,32.0,30.0,35.0,F,False,True,False,False,False,False,1.0,2.0,5.0
5069,506907,22.0,20.0,25.0,F,False,True,False,False,False,False,1.0,2.0,5.0
5069,506908,37.0,35.0,40.0,M,False,True,False,False,False,False,1.0,2.0,5.0
5069,506909,22.0,20.0,25.0,M,False,True,False,False,False,False,1.0,2.0,5.0
5069,506910,18.0,18.0,,M,False,True,False,False,False,False,1.0,2.0,5.0
5069,506911,56.0,56.0,,F,True,False,False,False,False,False,1.0,1.0,3.0
5069,506912,25.0,25.0,,F,True,False,False,False,False,False,1.0,1.0,4.0
5069,506913,27.0,27.0,,F,True,False,False,False,False,False,3.0,1.0,4.0
5070,507001,45.0,40.0,50.0,F,False,True,False,False,False,False,5.0,2.0,1.0
5070,507002,19.0,19.0,,M,False,False,False,False,False,True,2.0,1.0,3.0
5070,507003,27.0,25.0,30.0,M,False,False,False,False,True,False,2.0,1.0,3.0
5070,507004,65.0,60.0,70.0,M,False,True,False,False,False,False,5.0,2.0,2.0
5070,507005,32.0,30.0,35.0,M,False,True,False,False,False,False,5.0,2.0,1.0
5070,507006,21.0,21.0,,F,True,False,False,False,False,False,1.0,2.0,4.0
5070,507007,53.0,53.0,,F,False,False,False,False,False,True,2.0,1.0,5.0
5070,507008,22.0,20.0,25.0,F,False,True,False,False,False,False,5.0,2.0,2.0
5070,507009,23.0,23.0,,M,False,False,False,False,False,True,1.0,1.0,4.0
5070,507010,32.0,30.0,35.0,F,False,False,False,False,True,False,2.0,2.0,4.0
5070,507011,22.0,22.0,,F,True,False,False,False,False,False,1.0,2.0,4.0
5070,507012,17.0,17.0,,M,False,False,False,False,False,True,2.0,1.0,3.0
5071,507101,74.0,74.0,,F,False,False,False,False,False,True,1.0,1.0,4.0
5071,507102,47.0,45.0,50.0,M,False,False,False,False,True,False,2.0,1.0,4.0
5071,507103,47.0,45.0,50.0,F,False,False,False,False,True,False,2.0,1.0,4.0
5071,507104,52.0,52.0,,M,True,False,False,False,False,False,1.0,1.0,4.0
5071,507105,20.0,20.0,,M,True,False,False,False,False,False,1.0,1.0,4.0
5071,507106,69.0,69.0,,F,False,False,False,False,False,True,1.0,1.0,4.0
5071,507107,20.0,20.0,,M,True,False,False,False,False,True,1.0,1.0,4.0
5071,507108,72.0,72.0,,M,False,False,False,False,False,True,1.0,1.0,4.0
5071,507109,83.0,83.0,,M,False,False,False,False,False,True,1.0,1.0,4.0
5071,507110,68.0,68.0,,F,False,False,False,False,False,True,1.0,1.0,4.0
5071,507111,60.0,60.0,,F,False,False,False,False,False,True,1.0,1.0,4.0
5071,507112,81.0,81.0,,M,False,False,False,False,False,True,1.0,1.0,4.0
5071,507113,27.0,27.0,,F,True,False,False,False,False,False,1.0,1.0,4.0
5072,507201,34.0,34.0,,F,False,True,False,False,False,False,2.0,1.0,4.0
5072,507202,42.0,42.0,,F,False,True,False,False,False,False,2.0,1.0,4.0
5072,507203,23.0,23.0,,M,False,True,False,False,False,False,2.0,2.0,3.0
5072,507204,38.0,38.0,,M,False,True,False,False,False,False,2.0,2.0,3.0
5072,507205,15.0,15.0,,F,False,True,False,False,False,False,2.0,2.0,3.0
5072,507206,27.0,27.0,,F,False,True,False,False,False,False,1.0,1.0,3.0
5072,507207,30.0,30.0,,M,False,True,False,False,False,False,2.0,2.0,1.0
5072,507208,22.0,22.0,,F,False,True,False,False,False,False,1.0,1.0,4.0
5072,507209,32.0,32.0,,F,False,False,False,False,False,True,4.0,1.0,1.0
5072,507210,23.0,23.0,,F,False,True,False,False,False,False,2.0,1.0,3.0
5072,507211,32.0,32.0,,M,False,True,False,False,False,False,2.0,2.0,1.0
5072,507212,36.0,36.0,,F,False,False,False,False,False,True,5.0,2.0,1.0
5072,507213,38.0,38.0,,F,True,False,False,False,False,False,2.0,2.0,3.0
5072,507214,18.0,18.0,,M,True,False,False,False,False,False,1.0,2.0,4.0
5072,507215,40.0,40.0,,F,False,False,False,False,False,True,4.0,2.0,1.0
5072,507216,20.0,20.0,,M,False,False,False,False,False,True,2.0,2.0,1.0
5072,507217,23.0,23.0,,M,False,False,False,False,False,True,1.0,1.0,5.0
5072,507218,18.0,18.0,,M,False,False,False,False,False,True,2.0,2.0,3.0
5072,507219,23.0,23.0,,M,False,False,False,False,False,True,2.0,2.0,3.0
5072,507220,70.0,70.0,,F,True,False,False,False,False,False,1.0,2.0,4.0
5073,507301,40.0,40.0,,M,False,True,False,False,False,False,4.0,2.0,2.0
5073,507302,26.0,26.0,,M,False,False,False,False,False,True,2.0,,3.0
5073,507303,43.0,43.0,,M,False,True,False,False,False,False,3.0,2.0,3.0
5073,507304,30.0,30.0,,F,False,True,False,False,False,False,5.0,,4.0
5073,507305,50.0,50.0,,M,False,True,False,False,False,False,4.0,2.0,2.0
5073,507306,35.0,35.0,,F,False,True,False,False,False,False,4.0,2.0,2.0
5073,507307,50.0,50.0,,M,False,True,False,False,False,False,2.0,2.0,2.0
5073,507308,30.0,30.0,,F,False,True,False,False,False,False,4.0,2.0,2.0
5073,507309,30.0,30.0,,M,False,True,False,False,False,False,4.0,2.0,2.0
5073,507310,40.0,40.0,,M,False,True,False,False,False,False,2.0,2.0,4.0
5073,507311,14.0,14.0,,F,True,False,False,False,False,False,1.0,2.0,4.0
5073,507312,47.0,47.0,,F,True,False,False,False,False,False,1.0,1.0,4.0
5073,507313,35.0,35.0,,M,False,True,False,False,False,False,2.0,2.0,2.0
5074,507401,22.0,20.0,25.0,M,False,False,False,False,False,True,5.0,2.0,2.0
5074,507402,34.0,34.0,,F,True,False,False,False,False,False,2.0,2.0,3.0
5074,507403,8.0,8.0,,M,True,False,False,False,False,False,2.0,2.0,3.0
5074,507404,32.0,30.0,35.0,F,False,False,False,False,False,True,2.0,2.0,2.0
5074,507405,32.0,30.0,35.0,M,False,False,False,False,False,True,2.0,2.0,2.0
5075,507501,32.0,30.0,35.0,M,False,False,False,False,False,True,5.0,2.0,2.0
5075,507502,32.0,30.0,35.0,F,False,False,False,False,False,True,5.0,2.0,1.0
5075,507503,52.0,50.0,55.0,F,False,False,False,False,False,True,5.0,2.0,1.0
5075,507504,42.0,40.0,45.0,M,False,False,False,False,False,True,5.0,2.0,2.0
5075,507505,22.0,20.0,25.0,M,False,False,False,False,False,True,5.0,2.0,2.0
5075,507506,7.0,7.0,,M,True,False,False,False,False,False,2.0,1.0,4.0
5075,507507,47.0,47.0,,F,True,False,False,False,False,False,2.0,1.0,5.0
5075,507508,42.0,40.0,45.0,M,False,False,False,False,False,True,5.0,2.0,2.0
5075,507509,32.0,30.0,35.0,M,False,False,False,False,False,True,5.0,2.0,2.0
5076,507601,63.0,63.0,,M,True,False,False,False,False,False,2.0,2.0,3.0
5076,507602,73.0,73.0,,F,True,False,False,False,False,False,2.0,2.0,4.0
5076,507603,17.0,17.0,,M,True,False,False,False,False,False,1.0,1.0,5.0
5076,507604,15.0,15.0,,F,True,False,False,False,False,False,1.0,1.0,5.0
5076,507605,39.0,39.0,,F,True,False,False,False,False,False,1.0,1.0,5.0
5077,507701,47.0,45.0,50.0,M,False,True,False,False,False,False,2.0,2.0,3.0
5077,507702,9.0,9.0,,F,True,False,False,False,False,False,1.0,,4.0
5077,507703,7.0,7.0,,F,True,False,False,False,False,False,1.0,,4.0
5077,507704,28.0,28.0,,M,False,True,False,False,False,False,1.0,2.0,4.0
5077,507705,52.0,50.0,55.0,M,False,True,False,False,False,False,2.0,2.0,3.0
5077,507706,32.0,30.0,35.0,M,False,True,False,False,False,False,2.0,2.0,3.0
5077,507707,5.0,5.0,,M,True,False,False,False,False,False,1.0,,4.0
5077,507708,11.0,11.0,,M,True,False,False,False,False,False,1.0,,4.0
5077,507709,47.0,45.0,50.0,M,False,True,False,False,False,False,2.0,2.0,3.0
5077,507710,47.0,45.0,50.0,M,False,True,False,False,False,False,2.0,2.0,3.0
5077,507711,37.0,35.0,40.0,M,False,True,False,False,False,False,2.0,2.0,3.0
5077,507712,32.0,30.0,35.0,M,False,True,False,False,False,False,2.0,2.0,3.0
5077,507713,36.0,36.0,,F,False,True,False,False,False,False,1.0,2.0,5.0
5077,507714,33.0,33.0,,F,True,False,False,False,False,False,1.0,1.0,5.0
5077,507715,37.0,35.0,40.0,M,False,True,False,False,False,False,2.0,2.0,3.0
5078,507801,62.0,60.0,65.0,M,False,False,False,False,True,False,2.0,2.0,4.0
5078,507802,35.0,30.0,40.0,F,False,False,False,False,True,False,2.0,2.0,4.0
5078,507803,55.0,50.0,60.0,F,False,False,False,False,True,False,2.0,2.0,4.0
5078,507804,55.0,50.0,60.0,F,False,False,False,False,True,False,2.0,2.0,4.0
5078,507805,35.0,30.0,40.0,M,False,False,False,False,True,False,2.0,,3.0
5078,507806,35.0,30.0,40.0,M,False,False,False,False,True,False,2.0,,3.0
5078,507807,55.0,50.0,60.0,M,False,False,False,False,True,False,2.0,2.0,4.0
5078,507808,67.0,65.0,70.0,M,False,False,False,False,True,False,2.0,,3.0
5078,507809,90.0,90.0,,F,False,False,False,False,False,True,2.0,2.0,2.0
5078,507810,55.0,50.0,60.0,M,False,False,False,False,True,False,2.0,,3.0
5078,507811,52.0,50.0,55.0,M,False,False,False,False,False,True,1.0,2.0,1.0
5078,507812,60.0,60.0,,F,True,False,False,False,False,False,1.0,1.0,5.0
5078,507813,62.0,60.0,65.0,M,False,False,False,False,True,False,2.0,2.0,4.0
5078,507814,42.0,42.0,,M,True,False,False,False,False,False,1.0,2.0,4.0
5078,507815,37.0,35.0,40.0,F,False,False,False,False,False,True,4.0,2.0,1.0
5078,507816,43.0,43.0,,M,False,False,False,False,False,True,4.0,1.0,3.0
5078,507817,32.0,30.0,35.0,F,False,False,False,False,False,True,4.0,2.0,3.0
5078,507818,86.0,86.0,,F,False,False,False,False,False,True,2.0,2.0,4.0
5078,507819,70.0,70.0,,M,False,False,False,False,False,True,2.0,2.0,2.0
5078,507820,31.0,31.0,,F,True,False,False,False,False,False,1.0,2.0,4.0
5079,507901,30.0,30.0,,F,False,False,True,False,False,False,2.0,,2.0
5079,507902,45.0,45.0,,M,True,False,False,False,False,False,2.0,2.0,2.0
5079,507903,17.0,17.0,,M,True,False,False,False,False,False,2.0,2.0,3.0
5079,507904,6.0,6.0,,F,True,False,True,False,False,False,2.0,1.0,4.0
5079,507905,36.0,36.0,,F,False,False,True,False,False,False,3.0,,2.0
5079,507906,30.0,30.0,,F,False,False,True,False,False,False,2.0,,2.0
5079,507907,60.0,60.0,,M,True,False,False,False,False,False,2.0,2.0,2.0
5079,507908,50.0,50.0,,F,False,False,False,False,True,False,5.0,2.0,2.0
5079,507909,46.0,46.0,,F,False,False,False,False,True,False,2.0,2.0,3.0
5079,507910,31.0,30.0,33.0,F,True,False,False,False,False,False,5.0,2.0,2.0
5079,507911,3.0,3.0,,M,True,False,False,False,False,False,1.0,1.0,5.0
5079,507912,16.0,16.0,,F,True,False,False,False,False,False,1.0,1.0,5.0
5079,507913,18.0,18.0,,M,True,False,False,False,False,False,1.0,1.0,5.0
5079,507914,43.0,43.0,,M,True,False,False,False,False,False,1.0,1.0,5.0
5079,507915,8.0,8.0,,M,True,False,True,False,False,False,2.0,1.0,4.0
5079,507916,42.0,40.0,45.0,F,False,False,False,False,False,True,5.0,2.0,2.0
5080,508001,42.0,40.0,45.0,M,False,True,False,False,False,False,1.0,2.0,5.0
5080,508002,36.0,36.0,,F,True,False,False,False,False,False,1.0,1.0,5.0
5080,508003,7.0,7.0,,F,True,False,False,False,False,False,1.0,1.0,4.0
5080,508004,10.0,10.0,,M,True,False,False,False,False,False,1.0,1.0,4.0
5081,508101,49.0,49.0,,F,True,False,False,False,False,False,1.0,1.0,5.0
5082,508201,24.0,24.0,,M,False,False,False,False,True,False,2.0,1.0,4.0
5082,508202,31.0,31.0,,M,False,False,False,False,True,False,2.0,1.0,4.0
5082,508203,29.0,29.0,,M,False,False,False,False,True,False,2.0,1.0,4.0
5082,508204,26.0,26.0,,M,False,False,False,False,True,False,2.0,1.0,4.0
5082,508205,21.0,21.0,,M,False,False,False,False,True,False,2.0,1.0,4.0
5082,508206,42.0,42.0,,M,False,True,False,False,False,False,1.0,2.0,5.0
5082,508207,23.0,23.0,,M,False,False,False,False,True,False,2.0,1.0,4.0
5082,508208,31.0,28.0,34.0,M,False,False,False,False,True,False,3.0,2.0,3.0
5082,508209,28.0,28.0,,M,False,False,False,False,True,False,2.0,1.0,4.0
5082,508210,30.0,30.0,,M,False,False,False,False,True,False,2.0,1.0,4.0
5082,508211,27.0,27.0,,M,False,False,False,False,True,False,2.0,1.0,4.0
5082,508212,24.0,24.0,,M,False,False,False,False,True,False,2.0,1.0,4.0
5082,508213,32.0,30.0,35.0,M,False,False,False,False,False,True,3.0,2.0,1.0
5082,508214,21.0,20.0,23.0,F,False,False,False,False,False,True,5.0,2.0,1.0
5082,508215,45.0,40.0,50.0,F,False,False,False,False,False,True,4.0,2.0,1.0
5082,508216,24.0,24.0,,M,False,False,False,False,True,False,2.0,2.0,4.0
5082,508217,33.0,33.0,,M,False,True,False,False,False,False,1.0,2.0,5.0
5082,508218,24.0,24.0,,M,False,True,False,False,False,False,1.0,2.0,5.0
5082,508219,26.0,26.0,,M,False,True,False,False,False,False,1.0,2.0,5.0
5082,508220,51.0,51.0,,M,False,True,False,False,False,False,1.0,2.0,5.0
5082,508221,39.0,39.0,,M,False,True,False,False,False,False,1.0,2.0,5.0
5082,508222,23.0,23.0,,F,True,False,False,False,False,False,1.0,1.0,5.0
5082,508223,22.0,20.0,24.0,F,False,False,False,False,True,False,2.0,2.0,1.0
5083,508301,27.0,25.0,30.0,F,False,True,False,False,False,False,5.0,2.0,3.0
5083,508302,52.0,51.0,54.0,M,False,True,False,False,False,False,1.0,2.0,4.0
5083,508303,52.0,50.0,54.0,M,False,False,False,True,False,False,3.0,2.0,1.0
5083,508304,43.0,40.0,47.0,F,False,False,False,False,False,True,2.0,2.0,1.0
5083,508305,56.0,56.0,,M,True,False,False,False,False,False,1.0,1.0,5.0
5083,508306,41.0,39.0,43.0,M,False,True,False,False,False,False,5.0,2.0,3.0
5083,508307,31.0,30.0,33.0,F,False,True,False,False,False,False,1.0,2.0,4.0
5083,508308,43.0,42.0,44.0,F,False,True,False,False,False,False,1.0,2.0,4.0
5083,508309,25.0,25.0,26.0,M,False,True,False,False,False,False,5.0,2.0,3.0
5084,508401,27.0,25.0,30.0,F,False,True,False,False,False,False,1.0,2.0,2.0
5084,508402,27.0,27.0,,M,False,False,False,False,False,True,2.0,2.0,3.0
5084,508403,51.0,51.0,,F,False,False,False,False,False,True,2.0,1.0,4.0
5084,508404,54.0,54.0,,M,False,False,False,False,False,True,2.0,1.0,4.0
5084,508405,64.0,60.0,69.0,M,False,True,False,False,False,False,5.0,2.0,3.0
5084,508406,23.0,21.0,25.0,F,False,True,False,False,False,False,1.0,2.0,2.0
5084,508407,35.0,33.0,38.0,M,False,True,False,False,False,False,5.0,2.0,3.0
5084,508408,42.0,40.0,45.0,M,False,True,False,False,False,False,5.0,2.0,3.0
5084,508409,26.0,26.0,,F,True,False,False,False,False,False,1.0,1.0,5.0
5084,508410,33.0,30.0,36.0,F,False,True,False,False,False,False,5.0,2.0,4.0
5085,508501,21.0,20.0,22.0,F,False,True,False,False,False,False,2.0,2.0,2.0
5085,508502,32.0,30.0,34.0,M,False,True,False,False,False,False,1.0,2.0,4.0
5085,508503,35.0,30.0,40.0,F,False,False,False,False,False,True,5.0,2.0,1.0
5085,508504,25.0,23.0,27.0,M,False,False,False,False,False,True,5.0,2.0,1.0
5085,508505,50.0,45.0,55.0,F,False,True,False,False,False,False,2.0,2.0,2.0
5085,508506,50.0,50.0,,M,False,True,False,False,False,False,1.0,2.0,4.0
5085,508507,12.0,12.0,,M,True,False,False,False,False,False,1.0,1.0,4.0
5085,508508,41.0,41.0,,M,False,True,False,False,False,False,1.0,2.0,4.0
5085,508509,36.0,36.0,,F,True,False,False,False,False,False,1.0,1.0,5.0
5085,508510,15.0,15.0,,M,True,False,False,False,False,False,1.0,1.0,4.0
5085,508511,62.0,60.0,65.0,M,False,True,False,False,False,False,1.0,2.0,3.0
5085,508512,29.0,29.0,,M,False,True,False,False,False,False,1.0,2.0,4.0
5086,508601,27.0,27.0,,M,False,True,False,False,False,False,1.0,2.0,5.0
5086,508602,16.0,16.0,,F,True,False,False,False,False,False,1.0,2.0,1.0
5086,508603,16.0,16.0,,F,True,False,False,False,False,False,1.0,2.0,1.0
5086,508604,16.0,16.0,,F,True,False,False,False,False,False,1.0,2.0,1.0
5086,508605,51.0,50.0,53.0,M,False,True,False,False,False,False,1.0,2.0,5.0
5086,508606,45.0,45.0,,M,False,True,False,False,False,False,1.0,2.0,5.0
5086,508607,64.0,64.0,,M,False,True,False,False,False,False,2.0,2.0,2.0
5086,508608,34.0,30.0,38.0,F,False,False,False,False,False,True,2.0,2.0,1.0
5086,508609,53.0,53.0,,F,True,False,False,False,False,False,1.0,1.0,5.0
5086,508610,16.0,16.0,,F,True,False,False,False,False,False,1.0,1.0,4.0
5086,508611,32.0,30.0,35.0,M,False,True,False,False,False,False,1.0,2.0,3.0
5086,508612,22.0,20.0,25.0,F,False,True,False,False,False,False,1.0,2.0,1.0
5087,508701,27.0,27.0,,M,True,False,False,False,False,False,2.0,2.0,3.0
5087,508702,31.0,31.0,,M,True,False,False,False,False,False,2.0,2.0,3.0
5087,508703,42.0,40.0,45.0,F,False,True,False,False,False,False,4.0,2.0,1.0
5087,508704,42.0,40.0,45.0,F,False,True,False,False,False,False,2.0,2.0,2.0
5087,508705,21.0,21.0,,F,False,True,False,False,False,False,5.0,2.0,3.0
5087,508706,22.0,20.0,25.0,F,False,True,False,False,False,False,5.0,2.0,1.0
5087,508707,32.0,30.0,35.0,F,False,True,False,False,False,False,5.0,2.0,1.0
5087,508708,20.0,20.0,,F,False,False,False,False,False,True,2.0,1.0,3.0
5087,508709,50.0,50.0,,F,False,True,False,False,False,False,2.0,2.0,3.0
5087,508710,47.0,45.0,50.0,F,False,False,False,False,False,True,5.0,2.0,1.0
5087,508711,22.0,20.0,25.0,F,False,True,False,False,False,False,3.0,2.0,1.0
5087,508712,32.0,32.0,,F,False,True,False,False,False,False,2.0,2.0,3.0
5087,508713,29.0,29.0,,M,True,False,False,False,False,False,1.0,1.0,5.0
5087,508714,42.0,40.0,45.0,F,False,True,False,False,False,False,2.0,2.0,3.0
5087,508715,25.0,25.0,,F,True,False,False,False,False,False,2.0,2.0,3.0
5088,508801,47.0,47.0,,M,False,True,False,False,False,False,1.0,2.0,5.0
5088,508802,25.0,20.0,30.0,M,False,True,False,False,False,False,1.0,2.0,4.0
5088,508803,57.0,55.0,60.0,M,False,True,False,False,False,False,1.0,2.0,5.0
5088,508804,25.0,20.0,30.0,F,False,True,False,False,False,False,2.0,2.0,2.0
5088,508805,27.0,27.0,,M,False,True,False,False,False,False,1.0,2.0,5.0
5088,508806,51.0,51.0,,M,False,True,False,False,False,False,1.0,2.0,5.0
5088,508807,55.0,55.0,,F,True,False,False,False,False,False,1.0,1.0,5.0
5088,508808,33.0,33.0,,M,False,True,False,False,False,False,1.0,2.0,5.0
5089,508901,42.0,42.0,,F,False,True,False,False,False,False,1.0,2.0,4.0
5089,508902,32.0,32.0,,F,False,False,True,False,False,False,1.0,2.0,1.0
5089,508903,17.0,17.0,,M,True,False,False,False,False,False,2.0,2.0,3.0
5089,508904,42.0,40.0,45.0,F,False,False,True,False,False,False,1.0,2.0,1.0
5089,508905,22.0,20.0,25.0,M,False,False,False,False,False,True,2.0,2.0,1.0
5089,508906,21.0,21.0,,F,False,True,False,False,False,False,1.0,2.0,4.0
5089,508907,30.0,30.0,,M,True,False,False,False,False,False,1.0,1.0,5.0
5089,508908,17.0,17.0,,M,True,False,False,False,False,False,1.0,1.0,4.0
5089,508909,12.0,12.0,,F,True,False,False,False,False,False,1.0,1.0,4.0
5089,508910,2.0,2.0,,M,True,False,False,False,False,False,1.0,1.0,5.0
5089,508911,10.0,10.0,,F,True,False,False,False,False,False,1.0,1.0,5.0
5090,509001,40.0,40.0,,F,True,False,False,False,False,False,2.0,1.0,4.0
5092,509201,43.0,43.0,,M,True,False,False,False,False,False,1.0,1.0,5.0
5092,509202,11.0,11.0,,M,True,False,False,False,False,False,1.0,1.0,5.0
5092,509203,14.0,14.0,,M,True,False,False,False,False,False,1.0,,5.0
5092,509204,42.0,40.0,45.0,F,False,False,False,False,False,True,1.0,1.0,1.0
5092,509205,37.0,35.0,40.0,M,True,False,False,False,False,False,1.0,1.0,5.0
5092,509206,17.0,17.0,,M,False,False,False,False,False,True,3.0,2.0,4.0
5095,509501,2.0,2.0,,F,True,False,False,False,False,False,1.0,1.0,5.0
5095,509502,26.0,26.0,,F,True,False,False,False,False,False,1.0,1.0,5.0
5096,509601,8.0,8.0,,M,True,False,False,False,False,False,1.0,1.0,5.0
5096,509602,27.0,27.0,,F,True,False,False,False,False,False,4.0,,5.0
5096,509603,26.0,26.0,,M,False,False,False,False,False,True,2.0,2.0,4.0
5096,509604,25.0,25.0,,F,True,False,False,False,True,False,1.0,,5.0
5096,509605,26.0,26.0,,F,True,False,False,False,False,False,1.0,1.0,5.0
5096,509606,46.0,46.0,,M,False,False,False,False,False,True,2.0,2.0,4.0
5096,509607,30.0,30.0,,M,False,False,False,False,False,True,2.0,,5.0
5097,509701,39.0,38.0,40.0,M,False,False,False,False,True,False,2.0,1.0,3.0
5097,509702,45.0,40.0,50.0,M,False,False,False,False,True,False,2.0,1.0,3.0
5097,509703,45.0,40.0,50.0,M,False,False,False,False,True,False,2.0,1.0,3.0
5097,509704,45.0,40.0,50.0,M,False,False,False,False,True,False,2.0,1.0,3.0
5097,509705,45.0,40.0,50.0,M,False,False,False,False,True,False,2.0,1.0,3.0
5097,509706,45.0,40.0,50.0,M,False,False,False,False,True,False,2.0,1.0,3.0
5097,509707,39.0,38.0,40.0,M,False,False,False,False,True,False,2.0,1.0,3.0
5097,509708,39.0,38.0,40.0,M,False,False,False,False,True,False,2.0,1.0,3.0
5097,509709,39.0,38.0,40.0,M,False,False,False,False,True,False,2.0,1.0,3.0
5097,509710,39.0,38.0,40.0,M,False,False,False,False,True,False,2.0,1.0,3.0
5097,509711,41.0,38.0,45.0,M,False,False,False,False,True,False,2.0,1.0,3.0
5097,509712,9.0,9.0,,M,True,False,False,False,False,False,1.0,1.0,5.0
5097,509713,39.0,38.0,40.0,M,False,False,False,False,True,False,2.0,1.0,3.0
5097,509714,5.0,5.0,,M,True,False,False,False,False,False,1.0,1.0,5.0
5097,509715,41.0,38.0,45.0,M,False,False,False,False,True,False,2.0,1.0,3.0
5097,509716,36.0,36.0,,F,True,False,False,False,False,False,1.0,1.0,5.0
5097,509717,56.0,56.0,,M,True,False,False,False,False,False,2.0,1.0,4.0
5097,509718,52.0,52.0,,F,True,False,False,False,False,False,2.0,1.0,4.0
5097,509719,42.0,40.0,45.0,F,False,True,False,False,False,False,2.0,2.0,4.0
5097,509720,52.0,50.0,55.0,F,False,True,False,False,False,False,1.0,2.0,4.0
5097,509721,52.0,50.0,55.0,F,False,True,False,False,False,False,1.0,2.0,4.0
5097,509722,41.0,38.0,45.0,M,False,False,False,False,True,False,2.0,1.0,3.0
5097,509723,41.0,38.0,45.0,M,False,False,False,False,True,False,2.0,1.0,3.0
5098,509801,69.0,69.0,,M,True,False,False,False,False,False,1.0,2.0,5.0
5098,509802,32.0,32.0,,F,True,False,False,False,False,False,1.0,1.0,3.0
5098,509803,36.0,36.0,,M,True,False,False,False,False,False,1.0,1.0,4.0
5098,509804,30.0,30.0,,F,True,False,False,False,True,False,2.0,1.0,4.0
5098,509805,47.0,40.0,55.0,F,False,False,False,False,True,False,2.0,2.0,2.0
5098,509806,30.0,20.0,40.0,F,False,False,False,False,True,False,2.0,2.0,2.0
5098,509807,35.0,20.0,50.0,F,False,False,False,False,True,False,2.0,2.0,2.0
5099,509901,21.0,21.0,,F,True,False,False,False,False,False,1.0,1.0,5.0
5099,509902,54.0,54.0,,M,True,False,False,False,False,False,1.0,1.0,5.0
5099,509903,23.0,23.0,,F,True,False,False,False,False,False,1.0,1.0,5.0
5100,510001,56.0,53.0,60.0,,False,False,False,False,False,True,4.0,,1.0
5100,510002,55.0,55.0,,F,True,False,False,False,False,False,4.0,1.0,3.0
5100,510003,63.0,63.0,,F,True,False,False,False,False,False,2.0,1.0,4.0
5100,510004,65.0,65.0,,M,True,False,False,False,False,False,2.0,1.0,4.0
5100,510005,73.0,73.0,,F,True,False,False,False,False,False,2.0,1.0,4.0
5100,510006,16.0,16.0,,M,False,False,False,False,False,True,3.0,2.0,3.0
5100,510007,38.0,38.0,,F,False,False,False,False,True,False,3.0,2.0,3.0
5100,510008,20.0,20.0,,F,False,False,False,False,False,True,3.0,2.0,3.0
5100,510009,47.0,47.0,,M,False,False,False,False,False,True,3.0,2.0,4.0
5100,510010,47.0,45.0,50.0,F,False,False,False,False,False,True,3.0,,1.0
5100,510011,49.0,49.0,,M,False,False,False,False,True,False,4.0,1.0,3.0
5100,510012,21.0,21.0,,M,False,True,False,False,False,False,2.0,2.0,3.0
5100,510013,39.0,39.0,,F,False,False,False,False,True,False,2.0,,4.0
5100,510014,22.0,22.0,,M,False,False,False,False,False,True,3.0,2.0,4.0
5100,510015,2.0,2.0,,F,True,False,False,False,False,True,2.0,1.0,4.0
5100,510016,32.0,32.0,,M,False,False,False,False,True,False,3.0,2.0,3.0
5100,510017,7.0,7.0,,F,True,False,False,False,False,True,2.0,1.0,4.0
5100,510018,8.0,8.0,,F,True,False,False,False,False,True,2.0,1.0,4.0
5100,510019,13.0,13.0,,M,True,False,False,False,False,False,1.0,1.0,5.0
5100,510020,25.0,25.0,,M,True,False,False,False,False,False,1.0,1.0,4.0
5100,510021,29.0,29.0,,M,False,False,False,False,False,True,2.0,2.0,1.0
5100,510022,32.0,32.0,,F,False,False,False,False,False,True,2.0,,4.0
5100,510023,36.0,36.0,,M,False,False,False,False,False,True,2.0,,4.0
5100,510024,26.0,26.0,,F,False,True,False,False,False,False,1.0,2.0,5.0
5100,510025,39.0,39.0,,M,False,True,False,False,False,False,1.0,2.0,5.0
5100,510026,37.0,37.0,,M,False,True,False,False,False,False,1.0,2.0,5.0
5100,510027,22.0,22.0,,F,False,True,False,False,False,False,1.0,2.0,5.0
5100,510028,19.0,19.0,,F,False,True,False,False,False,False,1.0,2.0,5.0
5100,510029,26.0,26.0,,M,False,False,False,False,True,False,1.0,2.0,3.0
5101,510101,8.0,8.0,,F,True,False,False,False,False,False,1.0,1.0,5.0
5101,510102,49.0,49.0,,M,True,False,False,False,False,False,1.0,1.0,5.0
5101,510103,25.0,25.0,,M,True,False,False,False,False,False,1.0,1.0,3.0
5101,510104,32.0,29.0,35.0,F,False,False,False,False,False,True,4.0,1.0,3.0
5101,510105,18.0,18.0,,F,True,False,False,False,False,False,1.0,1.0,5.0
5101,510106,5.0,5.0,,M,True,False,False,False,False,False,1.0,1.0,5.0
5101,510107,50.0,45.0,55.0,M,True,False,False,False,False,False,2.0,1.0,4.0
5101,510108,24.0,24.0,,F,True,False,False,False,False,False,1.0,1.0,4.0
5102,510201,32.0,30.0,35.0,F,False,False,False,False,False,True,2.0,2.0,2.0
5102,510202,50.0,50.0,,M,False,False,False,False,False,True,1.0,2.0,2.0
5102,510203,47.0,47.0,,F,False,False,False,False,True,False,2.0,2.0,2.0
5102,510204,44.0,44.0,,F,False,False,False,False,True,False,2.0,2.0,4.0
5102,510205,21.0,20.0,22.0,F,False,False,False,False,True,False,2.0,1.0,2.0
5102,510206,19.0,17.0,21.0,M,False,False,False,False,True,False,2.0,2.0,3.0
5102,510207,55.0,50.0,60.0,F,False,False,False,False,True,False,3.0,1.0,2.0
5102,510208,32.0,31.0,33.0,F,False,False,False,False,False,True,4.0,1.0,1.0
5102,510209,22.0,20.0,25.0,M,False,False,False,True,False,False,3.0,2.0,1.0
5102,510210,55.0,50.0,60.0,M,False,False,False,False,False,True,2.0,1.0,1.0
5102,510211,55.0,50.0,60.0,F,False,False,False,False,False,True,1.0,1.0,1.0
5102,510212,35.0,30.0,40.0,F,False,False,False,False,True,False,2.0,2.0,3.0
5102,510213,45.0,40.0,50.0,F,False,True,False,False,False,False,1.0,1.0,4.0
5102,510214,45.0,40.0,50.0,F,False,True,False,False,False,False,1.0,1.0,4.0
5102,510215,25.0,20.0,30.0,F,False,True,False,False,False,False,1.0,1.0,4.0
5102,510216,25.0,20.0,30.0,F,False,True,False,False,False,False,1.0,1.0,4.0
5102,510217,35.0,30.0,40.0,F,False,True,False,False,False,False,1.0,1.0,4.0
5102,510218,35.0,30.0,40.0,F,False,True,False,False,False,False,1.0,1.0,4.0
5102,510219,42.0,42.0,,F,True,False,False,False,False,False,1.0,1.0,5.0
5102,510220,14.0,14.0,,M,True,False,False,False,False,False,1.0,1.0,4.0
5102,510221,21.0,18.0,25.0,F,False,False,False,True,False,False,2.0,2.0,3.0
5102,510222,16.0,16.0,,F,True,False,False,False,False,False,1.0,1.0,4.0
5103,510301,16.0,16.0,,M,True,False,False,False,False,False,1.0,1.0,5.0
5103,510302,32.0,30.0,35.0,M,True,False,False,False,False,False,5.0,2.0,1.0
5103,510303,52.0,50.0,55.0,M,True,False,False,False,False,False,3.0,2.0,1.0
5103,510304,40.0,40.0,,M,False,False,False,False,False,True,2.0,2.0,1.0
5103,510305,62.0,62.0,,F,False,False,False,False,True,False,1.0,2.0,4.0
5103,510306,9.0,9.0,,M,True,False,False,True,False,False,1.0,1.0,5.0
5103,510307,0.0,0.0,,F,True,False,False,True,False,False,1.0,1.0,5.0
5103,510308,32.0,30.0,35.0,F,False,False,False,False,False,True,3.0,2.0,2.0
5104,510401,81.0,81.0,,F,True,False,False,False,False,False,1.0,1.0,5.0
5105,510501,7.0,7.0,,F,True,False,True,False,False,False,1.0,1.0,4.0
5105,510502,10.0,10.0,,M,True,False,False,False,False,False,1.0,2.0,3.0
5105,510503,66.0,66.0,,M,True,False,False,False,True,False,1.0,1.0,5.0
5105,510504,40.0,40.0,,F,True,False,False,False,False,False,1.0,2.0,3.0
5105,510505,40.0,40.0,,M,False,False,False,False,True,False,2.0,2.0,4.0
5105,510506,42.0,42.0,,F,True,False,False,False,True,False,1.0,1.0,4.0
5106,510601,21.0,18.0,25.0,M,False,True,False,False,False,False,1.0,1.0,2.0
5106,510602,16.0,16.0,,F,True,False,False,False,False,False,1.0,1.0,5.0
5106,510603,8.0,8.0,,M,True,False,False,False,False,False,1.0,1.0,5.0
5106,510604,32.0,30.0,35.0,M,False,True,False,False,False,False,1.0,2.0,2.0
5106,510605,40.0,40.0,,F,True,False,False,False,False,False,1.0,1.0,5.0
5106,510606,52.0,50.0,55.0,M,False,True,False,False,False,False,,,
5106,510607,45.0,40.0,50.0,M,False,True,False,False,False,False,1.0,2.0,2.0
5108,510801,35.0,30.0,40.0,F,False,False,False,False,True,False,4.0,2.0,2.0
5108,510802,30.0,30.0,,M,False,False,False,False,False,False,,,
5108,510803,35.0,30.0,40.0,F,False,False,False,False,False,True,5.0,2.0,1.0
5108,510804,22.0,22.0,,M,False,False,False,False,False,True,2.0,2.0,3.0
5108,510805,33.0,33.0,,F,True,False,False,False,True,False,3.0,1.0,3.0
5108,510806,40.0,30.0,50.0,,False,False,False,False,False,True,5.0,1.0,1.0
5108,510807,35.0,30.0,40.0,M,False,False,False,False,False,True,5.0,2.0,1.0
5108,510808,50.0,50.0,,M,False,False,False,False,False,True,4.0,2.0,1.0
5108,510809,14.0,14.0,,M,True,False,False,False,False,False,1.0,1.0,5.0
5108,510810,30.0,30.0,,F,False,False,False,False,False,True,1.0,2.0,2.0
5108,510811,30.0,30.0,,F,True,False,False,False,True,False,3.0,1.0,3.0
5108,510812,13.0,13.0,,M,True,False,False,False,False,False,1.0,1.0,5.0
5108,510813,21.0,21.0,,F,True,False,False,False,False,False,1.0,1.0,5.0
5108,510814,73.0,73.0,,F,True,False,False,False,False,False,1.0,1.0,4.0
5108,510815,43.0,43.0,,M,True,False,False,False,False,True,1.0,1.0,4.0
5108,510816,29.0,29.0,,F,False,False,False,False,False,True,2.0,1.0,3.0
5108,510817,51.0,51.0,,F,True,False,False,False,False,True,2.0,1.0,3.0
5109,510901,12.0,10.0,15.0,F,True,False,False,False,False,False,2.0,2.0,1.0
5109,510902,17.0,15.0,20.0,M,False,False,True,False,False,False,1.0,2.0,5.0
5109,510903,17.0,15.0,20.0,M,False,False,True,False,False,False,1.0,1.0,5.0
5109,510904,22.0,20.0,25.0,M,False,False,True,False,False,False,1.0,2.0,5.0
5109,510905,17.0,15.0,20.0,F,False,False,True,False,False,False,1.0,2.0,5.0
5109,510906,37.0,35.0,40.0,F,False,False,True,False,False,False,1.0,2.0,5.0
5109,510907,17.0,15.0,20.0,M,True,False,False,False,False,False,2.0,2.0,3.0
5109,510908,17.0,15.0,20.0,M,False,False,True,False,False,False,1.0,2.0,4.0
5109,510909,17.0,15.0,20.0,M,False,False,True,False,False,False,1.0,1.0,4.0
5109,510910,17.0,15.0,20.0,M,False,False,True,False,False,False,1.0,2.0,4.0
5109,510911,22.0,20.0,25.0,F,False,False,True,False,False,False,1.0,2.0,3.0
5109,510912,12.0,10.0,15.0,F,True,False,False,False,False,False,2.0,2.0,1.0
5109,510913,17.0,15.0,20.0,M,False,False,True,False,False,False,1.0,1.0,5.0
5109,510914,27.0,25.0,30.0,F,False,False,True,False,False,False,1.0,2.0,4.0
5109,510915,32.0,30.0,35.0,F,False,False,True,False,False,False,1.0,2.0,5.0
5109,510916,17.0,15.0,20.0,F,False,False,True,False,False,False,1.0,1.0,5.0
5109,510917,72.0,70.0,75.0,F,True,False,False,False,False,False,1.0,1.0,
5109,510918,47.0,45.0,50.0,F,True,False,False,False,False,False,1.0,1.0,
5109,510919,17.0,15.0,20.0,M,True,False,False,False,False,False,1.0,2.0,3.0
5109,510920,17.0,15.0,20.0,M,False,False,True,False,False,False,1.0,1.0,5.0
5109,510921,17.0,15.0,20.0,M,False,False,False,True,False,False,5.0,2.0,4.0
5109,510922,17.0,15.0,20.0,M,False,False,True,False,False,False,1.0,1.0,5.0
5109,510923,22.0,20.0,25.0,F,False,False,True,False,False,False,1.0,1.0,5.0
5109,510924,35.0,30.0,40.0,F,False,False,True,False,False,False,1.0,2.0,5.0
5109,510925,42.0,40.0,45.0,F,False,False,True,False,False,False,1.0,2.0,5.0
5109,510926,32.0,30.0,35.0,F,False,False,True,False,False,False,1.0,2.0,5.0
5109,510927,27.0,25.0,30.0,F,False,False,True,False,False,False,1.0,2.0,5.0
5109,510928,62.0,60.0,65.0,M,False,False,False,True,False,False,1.0,2.0,4.0
5110,511001,25.0,20.0,30.0,M,False,False,False,False,False,False,2.0,1.0,
5110,511002,45.0,40.0,50.0,M,False,False,False,False,False,False,5.0,1.0,4.0
5110,511003,26.0,26.0,,M,False,False,False,False,False,True,1.0,2.0,3.0
5110,511004,35.0,35.0,,M,False,False,False,False,False,True,2.0,2.0,2.0
5110,511005,63.0,63.0,,M,True,False,False,False,False,False,1.0,,
5111,511101,23.0,23.0,,F,True,False,False,False,False,False,1.0,1.0,5.0
5111,511102,23.0,23.0,,M,False,True,False,False,False,False,5.0,2.0,1.0
5111,511103,30.0,30.0,,F,False,True,False,False,False,False,1.0,1.0,1.0
5111,511104,28.0,28.0,,F,False,False,False,False,True,False,1.0,1.0,5.0
5111,511105,50.0,50.0,,F,False,True,False,False,False,False,,2.0,1.0
5111,511106,60.0,60.0,,M,False,True,False,False,False,False,,2.0,1.0
5112,511201,34.0,34.0,,M,False,True,False,False,False,False,2.0,2.0,5.0
5112,511202,37.0,35.0,40.0,M,False,True,False,False,False,False,2.0,2.0,5.0
5112,511203,31.0,28.0,35.0,F,False,True,False,False,False,False,4.0,,3.0
5112,511204,25.0,20.0,30.0,F,False,True,False,False,False,False,4.0,,3.0
5112,511205,40.0,35.0,45.0,F,False,False,False,False,True,False,1.0,2.0,1.0
5112,511206,2.0,2.0,,M,True,False,False,False,False,False,2.0,1.0,2.0
5112,511207,7.0,7.0,,F,True,False,False,False,False,False,2.0,1.0,2.0
5112,511208,19.0,19.0,,M,False,True,False,False,False,False,2.0,2.0,5.0
5112,511209,40.0,35.0,45.0,M,False,False,False,False,True,False,1.0,2.0,1.0
5112,511210,3.0,3.0,,M,True,False,False,False,False,False,2.0,1.0,2.0
5112,511211,24.0,24.0,,F,False,True,False,False,False,False,2.0,2.0,5.0
5112,511212,21.0,18.0,25.0,F,False,True,False,False,False,False,2.0,2.0,5.0
5112,511213,32.0,30.0,35.0,F,False,True,False,False,False,False,2.0,2.0,5.0
5112,511214,26.0,22.0,30.0,M,False,True,False,False,False,False,2.0,2.0,5.0
5112,511215,20.0,20.0,,M,False,True,False,False,False,False,2.0,2.0,4.0
5112,511216,9.0,9.0,,M,True,False,False,False,False,False,1.0,1.0,5.0
5112,511217,47.0,45.0,50.0,F,False,True,False,False,False,False,3.0,2.0,3.0
5112,511218,0.0,0.0,,M,True,False,False,False,False,False,2.0,1.0,2.0
5112,511219,60.0,60.0,,M,False,True,False,False,False,False,2.0,2.0,2.0
5112,511220,11.0,11.0,,F,True,False,False,False,False,False,1.0,1.0,5.0
5112,511221,10.0,10.0,,M,True,False,False,False,False,False,1.0,1.0,5.0
5112,511222,31.0,29.0,33.0,F,False,True,False,False,False,False,2.0,2.0,5.0
5113,511301,22.0,20.0,25.0,F,False,False,False,False,True,False,5.0,2.0,1.0
5113,511302,45.0,40.0,50.0,F,False,False,False,False,False,True,5.0,2.0,1.0
5113,511303,42.0,40.0,45.0,M,False,False,False,False,True,False,5.0,2.0,1.0
5113,511304,32.0,30.0,35.0,F,False,False,False,False,False,True,5.0,2.0,1.0
5113,511305,56.0,56.0,,F,True,False,False,False,False,False,1.0,1.0,5.0
5113,511306,22.0,20.0,25.0,M,False,False,False,False,False,True,5.0,2.0,1.0
5113,511307,45.0,40.0,50.0,M,False,False,False,False,False,True,5.0,2.0,
5113,511308,62.0,60.0,65.0,F,False,False,False,False,True,False,5.0,2.0,1.0
5114,511401,17.0,15.0,20.0,F,False,True,False,False,False,True,5.0,1.0,1.0
5114,511402,47.0,45.0,50.0,F,False,False,False,False,False,True,4.0,2.0,1.0
5114,511403,42.0,40.0,45.0,M,True,False,False,False,False,False,3.0,1.0,4.0
5114,511404,37.0,35.0,40.0,F,True,False,False,False,False,False,2.0,1.0,5.0
5114,511405,52.0,50.0,55.0,M,True,False,False,False,False,False,2.0,1.0,4.0
5114,511406,52.0,50.0,55.0,F,False,True,False,False,False,False,2.0,1.0,1.0
5114,511407,47.0,45.0,50.0,M,False,True,False,False,False,False,5.0,1.0,1.0
5114,511408,22.0,20.0,25.0,M,False,True,False,False,False,False,5.0,2.0,2.0
5114,511409,32.0,30.0,35.0,M,True,False,False,False,False,False,5.0,2.0,1.0
5114,511410,32.0,30.0,35.0,F,False,True,False,False,True,True,1.0,1.0,5.0
5114,511411,55.0,50.0,60.0,M,False,False,False,False,False,True,5.0,1.0,1.0
5114,511412,52.0,50.0,55.0,F,True,False,False,False,False,False,2.0,1.0,4.0
5115,511501,59.0,59.0,,M,False,False,False,False,True,False,3.0,2.0,4.0
5115,511502,3.0,3.0,,F,True,False,False,False,False,False,1.0,1.0,5.0
5115,511503,21.0,19.0,24.0,F,False,False,False,False,False,True,5.0,2.0,1.0
5115,511504,21.0,19.0,24.0,M,False,False,False,False,False,True,5.0,2.0,1.0
5115,511505,36.0,36.0,,F,False,False,False,False,True,False,3.0,2.0,4.0
5115,511506,41.0,41.0,,M,True,False,False,False,False,False,1.0,1.0,5.0
5115,511507,52.0,50.0,55.0,M,False,False,False,False,False,True,5.0,2.0,1.0
5115,511508,42.0,42.0,,F,False,False,False,False,True,False,1.0,1.0,3.0
5115,511509,26.0,26.0,,M,False,False,False,False,True,False,3.0,2.0,4.0
5116,511601,57.0,55.0,60.0,M,False,False,False,False,True,False,3.0,2.0,1.0
5116,511602,55.0,55.0,,F,False,False,False,False,True,False,3.0,2.0,1.0
5116,511603,62.0,60.0,65.0,M,False,False,False,False,True,False,3.0,2.0,4.0
5116,511604,77.0,75.0,80.0,F,False,False,False,False,True,False,3.0,2.0,4.0
5116,511605,9.0,9.0,,M,False,False,False,False,True,False,3.0,2.0,4.0
5116,511606,42.0,40.0,45.0,M,False,False,False,False,True,False,3.0,2.0,4.0
5116,511607,42.0,40.0,45.0,M,False,False,False,False,True,False,4.0,2.0,2.0
5116,511608,42.0,40.0,45.0,F,False,False,False,False,True,False,4.0,2.0,2.0
5116,511609,37.0,35.0,40.0,M,False,False,False,False,True,False,4.0,1.0,3.0
5116,511610,35.0,35.0,,M,True,False,False,False,False,False,4.0,1.0,4.0
5116,511611,30.0,30.0,,F,True,False,False,False,False,False,4.0,1.0,
5116,511612,32.0,32.0,,M,False,False,False,True,True,False,2.0,1.0,4.0
5116,511613,31.0,31.0,,F,True,False,False,False,False,False,1.0,1.0,5.0
5116,511614,4.0,4.0,,F,True,False,False,False,False,False,1.0,1.0,5.0
5116,511615,1.0,1.0,,M,True,False,False,False,False,False,1.0,1.0,5.0
5116,511616,50.0,50.0,,F,True,False,False,False,False,False,2.0,2.0,3.0
5116,511617,9.0,9.0,,M,False,False,False,False,True,False,3.0,2.0,4.0
5117,511701,25.0,25.0,,F,True,False,False,False,False,True,1.0,1.0,5.0
5117,511702,49.0,49.0,,M,True,False,False,False,False,False,1.0,2.0,4.0
5117,511703,48.0,48.0,,F,True,False,False,False,False,False,1.0,1.0,4.0
5117,511704,27.0,27.0,,F,True,False,False,False,False,True,2.0,2.0,3.0
5117,511705,23.0,22.0,25.0,M,False,False,False,False,False,True,4.0,2.0,1.0
5118,511801,18.0,18.0,,M,False,False,False,False,True,False,2.0,1.0,4.0
5118,511802,20.0,20.0,,F,True,False,False,False,False,False,1.0,1.0,5.0
5118,511803,40.0,35.0,45.0,F,True,False,False,False,False,False,2.0,2.0,2.0
5118,511804,19.0,19.0,,M,False,False,False,False,True,False,2.0,1.0,4.0
5118,511805,18.0,18.0,,M,False,False,False,False,True,False,2.0,1.0,4.0
5118,511806,18.0,18.0,,M,False,False,False,False,True,False,2.0,1.0,4.0
5118,511807,17.0,17.0,,M,True,False,False,False,False,False,1.0,2.0,2.0
5118,511808,19.0,19.0,,F,False,False,False,False,True,False,2.0,1.0,3.0
5118,511809,40.0,35.0,45.0,M,False,False,False,False,True,False,2.0,1.0,3.0
5118,511810,45.0,45.0,,M,True,False,False,False,False,False,1.0,1.0,4.0
5118,511811,38.0,38.0,,F,False,False,False,False,True,False,2.0,1.0,3.0
5118,511812,40.0,35.0,45.0,M,True,False,False,False,False,False,2.0,2.0,2.0
5118,511813,40.0,40.0,,F,True,False,False,False,False,False,1.0,1.0,3.0
5118,511814,14.0,14.0,,M,True,False,False,False,False,False,1.0,2.0,2.0
5119,511901,27.0,25.0,30.0,M,False,False,False,False,False,True,2.0,2.0,1.0
5119,511902,17.0,17.0,18.0,F,False,False,False,False,False,True,2.0,2.0,1.0
5119,511903,1.0,1.0,,F,True,False,False,False,False,False,1.0,1.0,1.0
5119,511904,12.0,12.0,,M,True,False,False,False,False,False,2.0,1.0,2.0
5119,511905,15.0,15.0,,M,True,False,False,False,True,False,,1.0,4.0
5119,511906,46.0,46.0,,M,False,False,False,False,True,False,2.0,2.0,4.0
5119,511907,36.0,36.0,,F,True,False,False,False,False,False,2.0,2.0,3.0
5119,511908,38.0,38.0,,M,True,False,False,False,False,False,2.0,1.0,2.0
5119,511909,42.0,40.0,45.0,F,False,False,False,False,False,True,2.0,2.0,1.0
5119,511910,14.0,14.0,,M,True,False,False,False,False,False,1.0,1.0,4.0
5119,511911,16.0,16.0,,F,True,False,False,False,False,False,1.0,1.0,4.0
5119,511912,42.0,42.0,,M,True,False,False,False,False,False,1.0,1.0,5.0
5119,511913,19.0,19.0,,F,True,False,False,False,False,False,1.0,1.0,4.0
5119,511914,39.0,39.0,,M,True,False,False,False,False,False,3.0,2.0,3.0
5120,512001,55.0,50.0,60.0,M,False,False,False,False,False,True,5.0,2.0,1.0
5120,512002,26.0,26.0,,M,True,False,False,False,False,False,1.0,1.0,5.0
5120,512003,75.0,70.0,80.0,M,False,False,False,False,False,True,1.0,2.0,2.0
5120,512004,27.0,25.0,30.0,F,False,False,False,False,False,True,5.0,2.0,1.0
5120,512005,4.0,4.0,,F,True,False,False,False,False,False,1.0,1.0,3.0
5120,512006,27.0,25.0,30.0,F,False,False,False,False,False,True,5.0,2.0,1.0
5120,512007,26.0,26.0,,F,True,False,False,False,False,False,1.0,1.0,3.0
5121,512101,37.0,35.0,40.0,M,False,False,False,False,True,False,5.0,2.0,1.0
5121,512102,20.0,18.0,22.0,M,False,False,False,False,True,True,4.0,2.0,2.0
5121,512103,47.0,45.0,50.0,M,False,False,False,False,True,True,5.0,2.0,4.0
5121,512104,23.0,23.0,,F,False,False,False,False,True,True,4.0,,4.0
5121,512105,14.0,12.0,16.0,F,False,False,False,False,True,True,4.0,2.0,4.0
5121,512106,19.0,17.0,22.0,F,False,False,False,False,True,True,5.0,2.0,3.0
5121,512107,20.0,18.0,22.0,M,False,False,False,False,True,True,4.0,2.0,2.0
5121,512108,45.0,40.0,50.0,M,False,False,False,False,True,True,5.0,2.0,2.0
5121,512109,67.0,65.0,70.0,F,False,False,False,False,True,True,3.0,2.0,4.0
5121,512110,57.0,55.0,60.0,F,False,False,False,False,True,True,5.0,2.0,3.0
5121,512111,57.0,55.0,60.0,M,False,False,False,False,True,True,5.0,2.0,3.0
5121,512112,47.0,45.0,50.0,F,False,False,False,False,True,True,5.0,2.0,4.0
5121,512113,19.0,17.0,22.0,F,False,False,False,False,True,True,5.0,2.0,3.0
5121,512114,17.0,17.0,,F,True,False,False,False,False,False,1.0,2.0,5.0
5121,512115,32.0,30.0,35.0,F,False,False,False,False,True,True,5.0,,4.0
5121,512116,32.0,30.0,35.0,M,False,False,False,False,True,True,5.0,2.0,4.0
5121,512117,50.0,50.0,,F,True,False,False,False,False,False,1.0,1.0,5.0
5121,512118,12.0,12.0,,F,True,False,False,False,False,False,1.0,2.0,5.0
5121,512119,40.0,40.0,,F,False,False,False,False,True,True,2.0,2.0,5.0
5121,512120,40.0,35.0,45.0,M,False,False,False,False,True,True,3.0,2.0,5.0
5121,512121,16.0,16.0,,F,False,False,False,False,True,True,2.0,2.0,5.0
5121,512122,14.0,14.0,,F,False,False,False,False,True,True,2.0,2.0,5.0
5121,512123,39.0,39.0,,F,False,False,False,False,True,True,4.0,2.0,4.0
5121,512124,40.0,40.0,,M,False,False,False,False,True,True,4.0,2.0,4.0
5121,512125,39.0,39.0,,M,False,False,False,False,True,True,5.0,2.0,4.0
5122,512201,68.0,68.0,,M,False,True,False,False,False,False,4.0,2.0,4.0
5122,512202,57.0,57.0,,F,False,False,False,False,True,False,2.0,1.0,4.0
5122,512203,52.0,50.0,55.0,M,False,False,False,True,False,False,5.0,2.0,
5122,512204,42.0,40.0,45.0,M,False,True,False,False,False,False,2.0,2.0,1.0
5122,512205,27.0,25.0,30.0,M,False,True,False,False,False,False,2.0,2.0,1.0
5122,512206,20.0,18.0,22.0,F,False,True,False,False,False,False,2.0,2.0,1.0
5122,512207,62.0,60.0,65.0,M,False,True,False,False,False,False,4.0,2.0,2.0
5122,512208,32.0,30.0,35.0,M,False,False,False,False,False,True,5.0,2.0,1.0
5122,512209,72.0,70.0,75.0,M,False,True,False,False,False,False,4.0,2.0,2.0
5122,512210,42.0,40.0,45.0,F,False,True,False,False,False,False,4.0,2.0,2.0
5122,512211,59.0,59.0,,F,False,True,False,False,False,False,1.0,2.0,4.0
5122,512212,27.0,25.0,30.0,F,False,False,False,False,False,True,2.0,2.0,1.0
5122,512213,42.0,40.0,45.0,M,False,False,False,True,False,False,5.0,2.0,1.0
5122,512214,72.0,70.0,75.0,M,False,True,False,False,False,False,4.0,2.0,2.0
5122,512215,47.0,45.0,50.0,M,False,True,False,False,False,False,4.0,2.0,2.0
5123,512301,65.0,65.0,,M,False,False,True,False,False,False,2.0,2.0,4.0
5123,512302,40.0,40.0,,M,False,False,True,False,False,False,2.0,2.0,2.0
5123,512303,48.0,48.0,,M,True,False,False,False,False,False,1.0,1.0,4.0
5123,512304,21.0,21.0,,M,False,False,True,False,False,False,1.0,2.0,2.0
5123,512305,22.0,22.0,,M,False,False,True,False,False,False,1.0,2.0,2.0
5123,512306,21.0,21.0,,M,False,False,True,False,False,False,2.0,2.0,4.0
5123,512307,20.0,20.0,,F,False,False,True,False,False,False,2.0,2.0,4.0
5123,512308,55.0,55.0,,M,False,False,True,False,False,False,2.0,2.0,4.0
5123,512309,45.0,45.0,,M,False,False,False,False,False,True,5.0,2.0,1.0
5123,512310,43.0,43.0,,M,False,False,True,False,False,False,1.0,2.0,3.0
5123,512311,20.0,20.0,,M,False,False,True,False,False,False,1.0,2.0,4.0
5123,512312,39.0,39.0,,F,False,False,True,False,False,False,2.0,2.0,3.0
5123,512313,21.0,21.0,,F,False,False,True,False,False,False,1.0,2.0,4.0
5123,512314,21.0,21.0,,M,False,False,True,False,False,False,1.0,2.0,4.0
5123,512315,50.0,50.0,,M,False,False,True,False,False,False,2.0,2.0,4.0
5123,512316,35.0,35.0,,F,False,False,False,False,True,False,2.0,2.0,4.0
5123,512317,66.0,66.0,,F,True,False,False,False,False,False,2.0,1.0,4.0
5123,512318,38.0,38.0,,F,True,False,False,False,False,False,3.0,1.0,4.0
5123,512319,1.0,1.0,,F,True,False,False,False,False,False,3.0,1.0,4.0
5123,512320,60.0,60.0,,F,True,False,False,False,False,False,4.0,1.0,4.0
5123,512321,62.0,62.0,,M,True,False,False,False,False,False,4.0,1.0,4.0
5123,512322,36.0,36.0,,F,True,False,False,False,False,False,1.0,1.0,5.0
5124,512401,58.0,58.0,,M,True,False,False,False,False,False,2.0,1.0,4.0
5124,512402,35.0,35.0,,M,False,False,False,False,False,True,2.0,2.0,5.0
5124,512403,41.0,41.0,,F,False,False,False,True,False,False,2.0,2.0,1.0
5124,512404,22.0,22.0,,M,False,False,False,False,True,False,3.0,1.0,1.0
5124,512405,35.0,35.0,,F,False,False,False,True,False,False,2.0,2.0,1.0
5124,512406,60.0,60.0,,M,False,False,False,False,True,False,3.0,1.0,2.0
5124,512407,61.0,61.0,,F,False,False,False,False,False,True,3.0,1.0,2.0
5124,512408,40.0,40.0,,M,False,False,False,False,True,False,2.0,1.0,3.0
5124,512409,57.0,57.0,,F,False,False,False,False,False,True,2.0,1.0,5.0
5124,512410,7.0,7.0,,M,True,False,False,False,False,False,1.0,1.0,5.0
5124,512411,35.0,35.0,,F,True,False,False,False,False,False,2.0,1.0,5.0
5124,512412,36.0,36.0,,M,True,False,False,False,False,False,1.0,1.0,5.0
5124,512413,15.0,15.0,,F,True,False,False,False,False,False,1.0,1.0,5.0
5124,512414,12.0,12.0,,M,True,False,False,False,False,False,1.0,1.0,5.0
5124,512415,9.0,9.0,,M,True,False,False,False,False,False,1.0,1.0,5.0
5124,512416,29.0,29.0,,F,False,False,False,False,True,False,2.0,2.0,4.0
5126,512601,22.0,20.0,25.0,F,False,False,False,False,False,True,2.0,,1.0
5126,512602,67.0,67.0,,M,True,False,False,False,False,False,1.0,1.0,5.0
5126,512603,77.0,75.0,80.0,F,False,False,False,False,True,False,2.0,,1.0
5126,512604,47.0,45.0,50.0,M,True,False,False,False,False,False,2.0,,1.0
5126,512605,36.0,35.0,37.0,F,False,False,False,False,False,True,3.0,2.0,2.0
5127,512701,80.0,80.0,,M,False,False,False,False,True,False,1.0,1.0,3.0
5127,512702,17.0,17.0,,F,True,False,False,False,False,False,1.0,1.0,5.0
5127,512703,57.0,57.0,,M,False,True,False,False,False,False,1.0,1.0,5.0
5127,512704,55.0,50.0,60.0,M,False,False,False,False,False,True,3.0,1.0,1.0
5127,512705,45.0,40.0,50.0,F,True,False,False,False,False,False,2.0,2.0,3.0
5127,512706,20.0,20.0,,F,True,False,False,False,False,False,2.0,1.0,3.0
5127,512707,22.0,22.0,,M,True,False,False,False,False,False,2.0,,3.0
5127,512708,45.0,40.0,50.0,F,False,False,False,False,True,False,5.0,2.0,1.0
5127,512709,19.0,18.0,20.0,M,False,False,False,False,True,False,5.0,2.0,1.0
5128,512801,36.0,36.0,,M,False,False,False,False,False,True,1.0,2.0,2.0
5128,512802,45.0,45.0,,M,False,False,False,False,False,True,1.0,1.0,2.0
5128,512803,52.0,52.0,,F,True,False,False,False,False,False,1.0,1.0,5.0
5128,512804,16.0,16.0,,M,True,False,False,False,False,False,1.0,1.0,5.0
5129,512901,49.0,48.0,50.0,M,False,False,False,False,False,True,4.0,2.0,1.0
5129,512902,14.0,14.0,,F,True,False,False,False,False,False,2.0,2.0,4.0
5129,512903,58.0,58.0,,M,True,False,False,False,False,False,1.0,1.0,5.0
5129,512904,22.0,22.0,,M,True,False,False,False,False,False,1.0,2.0,4.0
5129,512905,22.0,20.0,25.0,M,True,False,False,False,False,False,5.0,2.0,2.0
5129,512906,15.0,15.0,,F,True,False,False,False,False,False,1.0,2.0,4.0
5129,512907,42.0,40.0,45.0,M,True,False,False,False,False,False,5.0,2.0,2.0
5129,512908,17.0,17.0,,M,True,False,False,False,False,False,1.0,1.0,3.0
5129,512909,50.0,50.0,,F,True,False,False,False,False,False,1.0,2.0,4.0
5129,512910,19.0,19.0,,M,False,False,False,False,True,False,2.0,1.0,2.0
5129,512911,14.0,14.0,,F,True,False,False,False,False,False,2.0,1.0,3.0
5129,512912,20.0,20.0,,F,True,False,False,False,False,False,1.0,1.0,
5129,512913,65.0,65.0,,M,False,False,False,False,True,False,2.0,1.0,2.0
5130,513001,65.0,60.0,70.0,M,True,False,False,False,False,False,1.0,2.0,4.0
5130,513002,45.0,40.0,50.0,M,False,True,False,False,False,False,5.0,1.0,1.0
5130,513003,45.0,40.0,50.0,F,False,True,False,False,False,False,5.0,1.0,1.0
5130,513004,15.0,10.0,20.0,M,False,True,False,False,False,False,5.0,1.0,1.0
5130,513005,75.0,70.0,80.0,M,False,True,False,False,False,False,1.0,2.0,4.0
5130,513006,35.0,30.0,40.0,M,False,True,False,False,False,False,5.0,1.0,1.0
5130,513007,35.0,30.0,40.0,F,False,True,False,False,False,False,5.0,1.0,1.0
5130,513008,25.0,20.0,30.0,F,False,True,False,False,False,False,1.0,2.0,4.0
5130,513009,15.0,10.0,20.0,M,True,False,False,False,False,False,2.0,2.0,3.0
5130,513010,15.0,10.0,20.0,M,True,False,False,False,False,False,2.0,2.0,3.0
5130,513011,15.0,10.0,20.0,M,True,False,False,False,False,False,2.0,2.0,3.0
5130,513012,25.0,20.0,30.0,M,False,False,False,False,True,False,2.0,,4.0
5130,513013,25.0,20.0,30.0,M,False,False,False,False,True,False,1.0,,4.0
5130,513014,45.0,40.0,50.0,M,False,True,False,False,False,False,1.0,2.0,5.0
5130,513015,35.0,30.0,40.0,M,False,True,False,False,False,False,1.0,2.0,5.0
5130,513016,55.0,50.0,60.0,F,True,False,False,False,False,False,1.0,2.0,4.0
5130,513017,25.0,20.0,30.0,F,False,True,False,False,False,False,5.0,1.0,2.0
5131,513101,52.0,52.0,,M,False,False,False,False,True,False,2.0,2.0,4.0
5131,513102,30.0,30.0,,F,False,False,False,False,True,False,2.0,2.0,4.0
5131,513103,60.0,60.0,,M,False,False,False,False,True,False,2.0,2.0,4.0
5131,513104,45.0,45.0,,F,False,False,False,False,True,False,2.0,2.0,4.0
5131,513105,40.0,40.0,,F,False,False,False,False,True,False,2.0,2.0,4.0
5131,513106,42.0,42.0,,F,False,False,False,False,True,False,3.0,1.0,4.0
5131,513107,40.0,40.0,,F,False,False,False,False,True,False,3.0,2.0,2.0
5131,513108,28.0,28.0,,F,False,False,False,False,False,True,2.0,2.0,2.0
5131,513109,29.0,29.0,,M,True,False,False,False,False,False,1.0,1.0,3.0
5131,513110,54.0,54.0,,M,True,False,False,False,False,False,1.0,1.0,5.0
5131,513111,2.0,2.0,,M,True,False,False,False,False,False,2.0,1.0,4.0
5131,513112,50.0,50.0,,M,False,False,False,False,True,False,2.0,2.0,4.0
5131,513113,5.0,5.0,,M,False,False,False,False,False,True,2.0,1.0,4.0
5131,513114,36.0,36.0,,M,False,False,False,False,True,False,2.0,1.0,4.0
5132,513201,35.0,30.0,40.0,M,False,False,True,False,False,False,3.0,2.0,3.0
5132,513202,25.0,20.0,30.0,M,False,False,False,True,False,True,1.0,1.0,4.0
5132,513203,17.0,17.0,,F,False,False,False,False,False,True,2.0,1.0,5.0
5132,513204,19.0,19.0,,F,False,False,False,False,False,True,2.0,1.0,3.0
5132,513205,69.0,69.0,,M,False,False,False,False,False,True,2.0,1.0,2.0
5132,513206,53.0,53.0,,F,False,False,False,False,False,True,2.0,2.0,4.0
5132,513207,78.0,78.0,,F,False,False,False,False,False,False,1.0,1.0,3.0
5133,513301,38.0,38.0,,F,True,False,False,False,False,False,1.0,2.0,4.0
5133,513302,41.0,40.0,42.0,M,False,False,False,False,False,True,2.0,2.0,3.0
5133,513303,57.0,57.0,,M,False,False,False,False,False,True,2.0,2.0,3.0
5133,513304,38.0,38.0,,M,False,False,False,False,False,True,2.0,2.0,3.0
5134,513401,62.0,60.0,65.0,,True,False,False,False,False,False,1.0,1.0,2.0
5134,513402,32.0,30.0,35.0,M,False,False,False,False,True,False,3.0,2.0,4.0
5134,513403,32.0,30.0,35.0,M,False,False,False,False,True,False,4.0,2.0,4.0
5134,513404,32.0,30.0,35.0,M,False,False,False,False,True,False,3.0,2.0,4.0
5134,513405,32.0,30.0,35.0,F,True,False,False,False,False,False,1.0,1.0,5.0
5134,513406,32.0,30.0,35.0,F,True,False,False,False,False,False,2.0,2.0,4.0
5134,513407,22.0,20.0,25.0,F,False,False,False,False,True,False,5.0,1.0,1.0
5134,513408,17.0,15.0,20.0,F,False,False,False,False,False,True,5.0,,1.0
5134,513409,57.0,55.0,60.0,M,False,False,False,False,False,True,5.0,1.0,1.0
5134,513410,22.0,20.0,25.0,M,False,False,False,False,False,True,5.0,1.0,1.0
5134,513411,27.0,25.0,30.0,M,False,False,False,False,True,False,3.0,1.0,4.0
5134,513412,17.0,15.0,20.0,M,False,False,False,False,True,False,5.0,1.0,4.0
5134,513413,17.0,15.0,20.0,M,False,False,False,False,True,False,4.0,1.0,4.0
5134,513414,22.0,20.0,25.0,M,True,False,False,False,False,False,2.0,2.0,4.0
5134,513415,62.0,60.0,65.0,F,True,False,False,False,False,False,1.0,2.0,2.0
5135,513501,9.0,9.0,,F,True,False,False,False,True,True,1.0,1.0,4.0
5135,513502,33.0,33.0,,M,True,False,False,False,False,False,1.0,1.0,4.0
5135,513503,35.0,30.0,40.0,M,False,False,False,False,False,True,2.0,1.0,1.0
5136,513601,48.0,48.0,,F,False,False,False,False,False,True,2.0,2.0,2.0
5136,513602,49.0,49.0,,M,False,False,True,False,False,False,1.0,1.0,4.0
5136,513603,39.0,39.0,,F,False,False,False,False,False,True,1.0,1.0,5.0
5136,513604,56.0,56.0,,M,False,False,False,False,False,True,2.0,1.0,4.0
5136,513605,57.0,57.0,,F,True,False,False,False,False,True,1.0,1.0,5.0
5137,513701,66.0,66.0,,M,False,False,False,False,True,False,2.0,1.0,4.0
5137,513702,3.0,3.0,,M,False,False,False,False,True,False,3.0,1.0,4.0
5137,513703,65.0,60.0,70.0,F,False,False,False,False,False,True,5.0,2.0,1.0
5137,513704,64.0,64.0,,F,False,False,False,False,True,False,2.0,1.0,4.0
5137,513705,42.0,42.0,,M,False,False,False,False,True,False,3.0,2.0,3.0
5137,513706,36.0,36.0,,F,False,False,False,False,True,False,3.0,2.0,3.0
5137,513707,15.0,15.0,,M,True,False,False,False,False,False,1.0,1.0,5.0
5137,513708,45.0,40.0,50.0,F,False,False,False,False,False,True,5.0,2.0,1.0
5137,513709,5.0,5.0,,F,False,False,False,False,True,False,3.0,1.0,4.0
5138,513801,42.0,42.0,,M,False,True,False,False,False,False,1.0,2.0,5.0
5138,513802,35.0,30.0,40.0,M,False,True,False,False,False,False,2.0,2.0,2.0
5138,513803,37.0,35.0,40.0,M,False,True,False,False,False,False,2.0,2.0,2.0
5138,513804,55.0,50.0,60.0,M,False,True,False,False,False,False,1.0,2.0,2.0
5138,513805,35.0,30.0,40.0,M,False,True,False,False,False,False,1.0,2.0,3.0
5138,513806,45.0,40.0,50.0,M,False,True,False,False,False,False,1.0,2.0,3.0
5138,513807,42.0,40.0,45.0,M,False,True,False,False,False,False,1.0,2.0,3.0
5138,513808,30.0,25.0,35.0,M,False,True,False,False,False,False,1.0,2.0,4.0
5138,513809,55.0,50.0,60.0,M,False,True,False,False,False,False,1.0,2.0,5.0
5138,513810,33.0,33.0,,F,False,False,False,False,False,True,2.0,2.0,2.0
5138,513811,34.0,34.0,,M,True,False,False,False,False,False,1.0,2.0,3.0
5138,513812,31.0,31.0,,F,True,False,False,False,False,False,1.0,1.0,3.0
5138,513813,6.0,6.0,,M,False,False,False,False,False,True,1.0,1.0,4.0
5138,513814,9.0,9.0,,F,False,False,False,False,False,True,1.0,1.0,4.0
5138,513815,80.0,80.0,,M,True,False,False,False,False,False,1.0,2.0,4.0
5138,513816,30.0,25.0,35.0,M,False,True,False,False,False,False,1.0,2.0,3.0
5139,513901,28.0,28.0,,F,True,False,False,False,False,False,2.0,1.0,4.0
5139,513902,40.0,40.0,,M,True,False,False,False,False,False,3.0,2.0,2.0
5139,513903,58.0,58.0,,M,True,False,False,False,False,False,3.0,2.0,3.0
5139,513904,60.0,60.0,,F,True,False,False,False,False,False,1.0,2.0,1.0
5139,513905,28.0,28.0,,M,True,False,False,False,False,False,2.0,1.0,4.0
5139,513906,60.0,60.0,,M,False,False,False,False,False,True,1.0,2.0,2.0
5139,513907,30.0,30.0,,M,False,False,False,False,False,True,4.0,2.0,3.0
5139,513908,47.0,45.0,50.0,F,False,False,False,False,False,True,5.0,2.0,3.0
5139,513909,37.0,35.0,40.0,F,False,False,False,False,False,True,5.0,2.0,3.0
5139,513910,40.0,40.0,,F,False,False,False,False,False,True,4.0,2.0,2.0
5139,513911,35.0,35.0,,F,False,False,False,False,False,True,3.0,2.0,2.0
5139,513912,60.0,60.0,,F,True,False,False,False,False,False,3.0,2.0,4.0
5140,514001,56.0,56.0,,F,False,False,False,False,False,True,2.0,2.0,1.0
5140,514002,19.0,19.0,,F,False,False,False,False,False,True,4.0,2.0,3.0
5140,514003,42.0,42.0,,M,False,False,False,False,True,False,3.0,1.0,4.0
5140,514004,26.0,26.0,,M,True,False,False,False,False,False,1.0,1.0,3.0
5140,514005,30.0,30.0,,M,True,False,False,False,False,False,2.0,1.0,3.0
5141,514101,26.0,26.0,,F,True,False,False,False,False,False,1.0,2.0,4.0
5141,514102,27.0,27.0,,M,True,False,False,False,False,False,1.0,2.0,4.0
5141,514103,30.0,30.0,,M,False,False,False,False,True,False,2.0,2.0,3.0
5141,514104,30.0,30.0,,M,False,False,False,False,True,False,2.0,2.0,3.0
5141,514105,52.0,52.0,,F,False,False,False,False,True,False,2.0,2.0,3.0
5141,514106,1.0,1.0,,M,True,False,False,False,False,False,1.0,1.0,4.0
5141,514107,33.0,33.0,,M,True,False,False,False,False,False,1.0,1.0,5.0
5141,514108,0.0,0.0,,M,True,False,False,False,False,False,1.0,1.0,4.0
5141,514109,6.0,6.0,,M,True,False,False,False,False,False,1.0,1.0,5.0
5141,514110,8.0,8.0,,M,True,False,False,False,False,False,1.0,1.0,5.0
5141,514111,56.0,56.0,,M,False,False,False,False,True,False,2.0,2.0,3.0
5143,514301,3.0,3.0,,M,True,False,False,False,False,False,1.0,1.0,5.0
5143,514302,3.0,3.0,,F,True,False,False,False,False,False,1.0,1.0,5.0
5143,514303,47.0,45.0,50.0,M,False,False,False,False,False,True,2.0,2.0,1.0
5143,514304,40.0,30.0,50.0,F,False,False,False,False,False,True,1.0,2.0,1.0
5143,514305,7.0,7.0,,F,True,False,False,False,False,False,2.0,1.0,5.0
5143,514306,10.0,10.0,,M,True,False,False,False,False,False,2.0,1.0,5.0
5143,514307,33.0,33.0,,M,True,False,False,False,False,False,1.0,1.0,5.0
5143,514308,31.0,31.0,,F,True,False,False,False,False,False,2.0,1.0,5.0
5143,514309,9.0,9.0,,M,True,False,False,False,False,False,2.0,1.0,5.0
5143,514310,30.0,30.0,,M,True,False,False,False,False,False,2.0,2.0,3.0
5143,514311,54.0,54.0,,F,True,False,False,False,False,False,3.0,2.0,2.0
5143,514312,55.0,55.0,,F,False,False,False,False,True,False,1.0,1.0,3.0
5143,514313,25.0,25.0,,F,True,False,False,False,False,False,2.0,1.0,5.0
5144,514401,52.0,52.0,,F,False,False,False,False,False,True,1.0,2.0,4.0
5144,514402,53.0,53.0,,F,False,False,False,False,False,True,2.0,2.0,4.0
5144,514403,56.0,56.0,,F,False,False,False,False,False,True,2.0,2.0,4.0
5144,514404,23.0,23.0,,F,True,False,False,False,False,False,1.0,1.0,5.0
5144,514405,3.0,3.0,,M,True,False,False,False,False,False,1.0,1.0,5.0
5144,514406,40.0,40.0,,M,False,True,False,False,False,False,2.0,2.0,2.0
5144,514407,37.0,37.0,,M,False,True,False,False,False,False,1.0,2.0,5.0
5144,514408,56.0,56.0,,M,True,False,False,False,False,False,2.0,2.0,4.0
5145,514501,19.0,19.0,,F,True,False,False,False,False,False,2.0,1.0,4.0
5145,514502,10.0,10.0,,M,True,False,False,False,False,False,2.0,1.0,4.0
5145,514503,20.0,20.0,,,True,False,False,False,False,False,2.0,1.0,4.0
5145,514504,3.0,3.0,,F,True,False,False,False,False,False,2.0,1.0,4.0
5145,514505,10.0,10.0,,F,True,False,False,False,False,False,2.0,1.0,4.0
5145,514506,32.0,32.0,,F,True,False,False,False,False,False,2.0,1.0,4.0
5145,514507,6.0,6.0,,F,True,False,False,False,False,False,2.0,1.0,4.0
5145,514508,1.0,1.0,,,True,False,False,False,False,False,2.0,1.0,4.0
5145,514509,7.0,7.0,,F,True,False,False,False,False,False,2.0,1.0,4.0
5145,514510,8.0,8.0,,M,True,False,False,False,False,False,2.0,1.0,4.0
5145,514511,18.0,18.0,,F,True,False,False,False,False,False,2.0,1.0,4.0
5145,514512,35.0,35.0,,F,True,False,False,False,False,False,2.0,1.0,4.0
5145,514513,7.0,7.0,,F,True,False,False,False,False,False,2.0,1.0,4.0
5145,514514,7.0,7.0,,M,True,False,False,False,False,False,2.0,1.0,4.0
5145,514515,22.0,22.0,,M,True,False,False,False,False,False,2.0,1.0,4.0
5145,514516,19.0,19.0,,F,True,False,False,False,False,False,2.0,1.0,4.0
5145,514517,36.0,36.0,,F,True,False,False,False,False,False,2.0,1.0,4.0
5145,514518,55.0,55.0,,M,True,False,False,False,False,False,2.0,1.0,4.0
5145,514519,55.0,55.0,,F,True,False,False,False,False,False,2.0,1.0,4.0
5145,514520,36.0,36.0,,M,True,False,False,False,False,False,2.0,1.0,4.0
5146,514601,30.0,30.0,,M,False,True,False,False,False,False,1.0,2.0,5.0
5146,514602,29.0,29.0,,M,False,True,False,False,False,False,1.0,2.0,5.0
5146,514603,67.0,67.0,,M,False,True,False,False,False,False,1.0,2.0,5.0
5146,514604,37.0,37.0,,M,False,True,False,False,False,False,1.0,2.0,5.0
5146,514605,32.0,32.0,,M,False,True,False,False,False,False,1.0,2.0,5.0
5146,514606,24.0,24.0,,M,False,True,False,False,False,False,1.0,2.0,5.0
5146,514607,19.0,19.0,,F,True,False,False,False,False,False,1.0,2.0,5.0
5146,514608,1.0,1.0,,F,True,False,False,False,False,False,1.0,1.0,5.0
5146,514609,19.0,19.0,,F,True,False,False,False,False,False,1.0,1.0,5.0
5146,514610,24.0,24.0,,M,False,True,False,False,False,False,1.0,2.0,5.0
5147,514701,3.0,3.0,,M,True,False,False,False,False,False,2.0,1.0,4.0
5147,514702,32.0,32.0,,F,False,True,False,False,False,False,1.0,1.0,4.0
5147,514703,30.0,30.0,,F,False,True,False,False,False,False,1.0,1.0,4.0
5147,514704,39.0,39.0,,F,False,True,False,False,False,False,1.0,1.0,4.0
5147,514705,50.0,50.0,,M,False,True,False,False,False,False,1.0,1.0,4.0
5147,514706,46.0,46.0,,M,False,True,False,False,False,False,1.0,1.0,4.0
5147,514707,11.0,11.0,,M,False,False,False,False,False,False,2.0,1.0,4.0
5147,514708,59.0,59.0,,M,True,False,False,False,False,False,2.0,,4.0
5147,514709,37.0,37.0,,M,True,False,False,False,False,False,1.0,,4.0
5147,514710,32.0,32.0,,F,True,False,False,False,False,False,2.0,,4.0
5147,514711,80.0,80.0,,F,True,False,False,False,False,False,1.0,1.0,5.0
5147,514712,40.0,40.0,,M,False,True,False,False,False,False,1.0,1.0,
5148,514801,60.0,60.0,,F,True,False,False,False,False,False,1.0,1.0,5.0
5149,514901,55.0,50.0,60.0,M,False,True,False,False,False,False,4.0,2.0,2.0
5149,514902,14.0,14.0,,,True,False,False,False,False,False,1.0,1.0,5.0
5149,514903,12.0,12.0,,F,True,False,False,False,False,False,1.0,1.0,5.0
5149,514904,35.0,35.0,,F,True,False,False,False,False,False,1.0,1.0,5.0
5150,515001,41.0,41.0,,M,True,False,False,False,False,False,1.0,1.0,4.0
5150,515002,29.0,29.0,,F,False,False,True,False,False,False,2.0,2.0,2.0
5150,515003,41.0,41.0,,F,True,False,False,False,False,False,2.0,2.0,4.0
5150,515004,61.0,61.0,,F,True,False,False,False,True,True,1.0,1.0,4.0
5150,515005,33.0,33.0,,M,True,False,False,False,False,False,1.0,1.0,5.0
5150,515006,13.0,13.0,,M,True,False,True,False,False,False,1.0,1.0,5.0
5150,515007,9.0,9.0,,F,True,False,True,False,False,False,1.0,1.0,5.0
5150,515008,5.0,5.0,,M,True,False,True,False,False,False,1.0,1.0,5.0
5150,515009,3.0,3.0,,F,True,False,True,False,False,False,1.0,1.0,5.0
5150,515010,40.0,40.0,,F,True,False,True,False,True,False,1.0,1.0,4.0
5151,515101,46.0,46.0,,,False,False,False,False,False,False,1.0,2.0,5.0
5151,515102,45.0,45.0,,,False,False,False,False,False,False,1.0,2.0,2.0
5151,515103,19.0,19.0,,F,False,False,False,False,False,False,,2.0,2.0
5151,515104,79.0,78.0,80.0,,False,False,False,False,False,False,1.0,2.0,3.0
5152,515201,43.0,43.0,,F,True,False,False,False,False,False,1.0,2.0,5.0
5152,515202,26.0,26.0,,F,False,False,False,False,False,False,1.0,2.0,5.0
5152,515203,52.0,45.0,60.0,F,False,False,False,False,False,False,1.0,2.0,1.0
5153,515301,11.0,11.0,,F,True,False,False,False,False,False,1.0,1.0,5.0
5153,515302,42.0,40.0,45.0,F,False,False,False,False,False,True,3.0,2.0,4.0
5153,515303,22.0,20.0,25.0,F,False,False,False,False,False,True,4.0,2.0,2.0
5153,515304,2.0,2.0,,F,True,False,False,False,False,False,1.0,1.0,5.0
5153,515305,0.0,0.0,,F,True,False,False,False,False,False,1.0,1.0,5.0
5153,515306,37.0,37.0,,M,True,False,False,False,False,False,1.0,1.0,5.0
5153,515307,27.0,25.0,30.0,F,False,False,False,False,False,True,5.0,2.0,1.0
5154,515401,59.0,59.0,,M,True,False,False,False,False,False,1.0,2.0,5.0
5154,515402,28.0,28.0,,M,True,False,False,False,False,False,1.0,2.0,5.0
5154,515403,27.0,27.0,,M,True,False,False,False,False,False,1.0,2.0,4.0
5155,515501,45.0,40.0,50.0,M,False,False,True,False,False,False,4.0,2.0,2.0
5155,515502,37.0,35.0,40.0,F,False,False,True,False,False,False,4.0,2.0,2.0
5156,515601,29.0,29.0,,F,True,False,False,False,False,False,2.0,2.0,2.0
5156,515602,53.0,53.0,,F,False,False,False,False,False,True,4.0,2.0,2.0
5156,515603,19.0,19.0,,F,True,False,False,False,False,False,2.0,1.0,3.0
5156,515604,49.0,49.0,,M,True,False,False,False,False,False,2.0,2.0,3.0
5156,515605,42.0,42.0,,F,True,False,False,False,False,False,1.0,1.0,5.0
5156,515606,47.0,47.0,,F,True,False,False,False,False,False,1.0,1.0,3.0
5157,515701,27.0,25.0,30.0,M,False,False,False,False,True,False,2.0,1.0,4.0
5157,515702,35.0,30.0,40.0,M,False,False,False,False,True,False,2.0,1.0,3.0
5157,515703,77.0,77.0,,M,True,False,False,False,False,False,1.0,2.0,3.0
5157,515704,45.0,40.0,50.0,F,False,True,False,False,False,False,4.0,2.0,1.0
5157,515705,25.0,25.0,,M,False,False,False,False,True,False,2.0,1.0,4.0
5157,515706,50.0,50.0,,M,False,False,False,False,True,False,2.0,1.0,4.0
5157,515707,70.0,70.0,,F,True,False,False,False,False,False,1.0,1.0,3.0
5157,515708,37.0,35.0,40.0,M,False,True,False,False,False,False,5.0,2.0,1.0
5157,515709,20.0,20.0,,F,False,False,False,False,True,False,2.0,1.0,4.0
5158,515801,21.0,21.0,,F,True,False,False,False,False,False,1.0,1.0,3.0
5158,515802,31.0,31.0,,F,False,True,False,False,False,False,2.0,1.0,5.0
5158,515803,27.0,27.0,,M,False,True,False,False,False,False,2.0,1.0,5.0
5158,515804,22.0,22.0,,M,False,True,False,False,False,False,2.0,1.0,5.0
5158,515805,37.0,37.0,,M,False,True,False,False,False,False,2.0,1.0,5.0
5158,515806,41.0,41.0,,M,False,True,False,False,False,False,2.0,1.0,5.0
5158,515807,18.0,18.0,,M,True,False,False,False,False,False,1.0,1.0,5.0
5158,515808,25.0,25.0,,M,True,False,False,False,False,False,5.0,2.0,3.0
5158,515809,50.0,50.0,,M,False,False,False,False,True,False,4.0,1.0,3.0
5158,515810,32.0,32.0,,M,False,False,False,False,True,False,4.0,1.0,4.0
5158,515811,44.0,44.0,,M,False,False,False,False,True,False,2.0,2.0,5.0
5158,515812,48.0,48.0,,F,True,False,False,False,False,False,1.0,1.0,5.0
5158,515813,42.0,42.0,,M,False,True,False,False,False,False,2.0,1.0,5.0
5159,515901,43.0,43.0,,F,False,False,False,False,False,True,2.0,,4.0
5159,515902,25.0,20.0,30.0,F,False,False,False,False,False,True,5.0,2.0,1.0
5159,515903,7.0,7.0,,M,True,False,False,False,False,False,4.0,2.0,1.0
5159,515904,32.0,30.0,35.0,F,False,False,False,False,False,True,5.0,2.0,1.0
5159,515905,41.0,41.0,,M,True,False,False,False,False,False,2.0,2.0,2.0
5159,515906,55.0,50.0,60.0,M,False,False,False,False,False,True,5.0,1.0,3.0
5159,515907,74.0,74.0,,F,True,False,False,False,False,True,2.0,1.0,4.0
5159,515908,76.0,76.0,,M,True,False,False,False,False,True,2.0,2.0,4.0
5159,515909,45.0,40.0,50.0,F,False,False,False,False,False,True,2.0,,1.0
5159,515910,8.0,8.0,,F,True,False,False,False,False,False,4.0,2.0,1.0
5159,515911,68.0,68.0,,F,True,False,False,False,False,False,1.0,1.0,5.0
5159,515912,15.0,15.0,,M,True,False,False,False,False,False,1.0,2.0,2.0
5160,516001,24.0,24.0,,F,False,True,False,False,False,False,2.0,2.0,4.0
5160,516002,7.0,7.0,,F,False,False,True,False,False,False,2.0,2.0,2.0
5160,516003,3.0,3.0,,F,False,False,True,False,False,False,2.0,2.0,2.0
5160,516004,34.0,34.0,,M,False,False,True,False,False,False,2.0,2.0,2.0
5160,516005,40.0,40.0,,M,True,False,False,False,False,False,2.0,2.0,3.0
5160,516006,67.0,67.0,,M,False,False,True,False,False,False,2.0,2.0,2.0
5160,516007,8.0,8.0,,F,True,False,False,False,False,False,1.0,1.0,5.0
5160,516008,48.0,48.0,,F,False,True,False,False,False,False,2.0,2.0,4.0
5160,516009,41.0,41.0,,F,False,True,False,False,False,False,2.0,2.0,4.0
5160,516010,29.0,29.0,,M,False,True,False,False,False,False,2.0,2.0,4.0
5160,516011,34.0,34.0,,F,False,False,True,False,False,False,1.0,2.0,2.0
5160,516012,34.0,34.0,,F,False,False,True,False,False,False,1.0,2.0,2.0
5160,516013,38.0,38.0,,F,False,False,True,False,False,False,1.0,2.0,2.0
5160,516014,3.0,3.0,,F,True,False,False,False,False,False,1.0,1.0,5.0
5161,516101,29.0,29.0,,F,True,False,False,False,False,False,1.0,2.0,3.0
5161,516102,85.0,85.0,,F,True,False,False,False,False,False,1.0,2.0,2.0
5161,516103,12.0,12.0,,F,True,False,False,False,False,False,2.0,,5.0
5161,516104,13.0,13.0,,M,True,False,False,False,False,False,2.0,2.0,5.0
5161,516105,94.0,94.0,,M,True,False,False,False,False,False,1.0,2.0,2.0
5161,516106,86.0,86.0,,F,True,False,False,False,False,False,1.0,2.0,2.0
5161,516107,87.0,87.0,,F,True,False,False,False,False,False,1.0,2.0,3.0
5161,516108,99.0,99.0,,F,True,False,False,False,False,False,1.0,2.0,3.0
5161,516109,55.0,55.0,,M,True,False,False,False,False,False,1.0,1.0,4.0
5161,516110,4.0,4.0,,M,True,False,False,False,False,False,1.0,1.0,4.0
5161,516111,86.0,86.0,,M,True,False,False,False,False,False,1.0,2.0,2.0
5161,516112,81.0,81.0,,M,True,False,False,False,False,False,1.0,2.0,3.0
5162,516201,37.0,35.0,40.0,M,True,False,False,False,False,False,5.0,2.0,1.0
5162,516202,47.0,47.0,,F,False,False,False,False,False,True,1.0,2.0,3.0
5162,516203,83.0,83.0,,F,False,False,False,False,False,True,2.0,1.0,3.0
5162,516204,19.0,18.0,21.0,F,False,False,False,False,False,True,5.0,2.0,1.0
5162,516205,32.0,30.0,35.0,M,False,False,False,False,False,True,5.0,2.0,1.0
5162,516206,1.0,1.0,,M,True,False,False,False,False,False,1.0,1.0,5.0
5162,516207,42.0,40.0,45.0,F,False,False,False,False,False,True,5.0,2.0,1.0
5162,516208,44.0,43.0,45.0,F,False,True,False,False,False,False,2.0,2.0,2.0
5162,516209,27.0,25.0,30.0,M,True,False,False,False,False,False,5.0,2.0,1.0
5162,516210,34.0,34.0,,F,False,True,False,False,False,False,2.0,1.0,3.0
5162,516211,50.0,50.0,,M,True,False,False,False,False,False,1.0,2.0,3.0
5162,516212,28.0,28.0,,M,False,False,False,False,True,False,2.0,2.0,4.0
5162,516213,28.0,28.0,,F,True,False,False,False,False,False,1.0,2.0,4.0
5162,516214,27.0,27.0,,M,False,False,False,False,True,False,2.0,1.0,3.0
5162,516215,20.0,19.0,21.0,F,False,False,False,False,False,True,3.0,2.0,2.0
5162,516216,51.0,51.0,,M,False,True,False,False,False,False,1.0,2.0,4.0
5162,516217,24.0,24.0,,M,False,True,False,False,False,False,1.0,2.0,5.0
5162,516218,38.0,38.0,,M,False,True,False,False,False,False,1.0,2.0,5.0
5162,516219,44.0,43.0,45.0,M,False,True,False,False,False,False,1.0,2.0,4.0
5162,516220,36.0,36.0,,M,False,False,False,False,False,True,2.0,2.0,3.0
5162,516221,22.0,22.0,,F,True,False,False,False,False,False,1.0,1.0,5.0
5162,516222,1.0,1.0,,F,True,False,False,False,False,False,1.0,1.0,4.0
5162,516223,37.0,35.0,40.0,M,True,False,False,False,False,False,2.0,2.0,2.0
5163,516301,60.0,60.0,,F,False,False,False,False,False,True,5.0,2.0,1.0
5163,516302,31.0,31.0,,M,True,False,False,False,False,False,1.0,1.0,5.0
5163,516303,40.0,40.0,,F,False,False,True,False,False,False,2.0,2.0,1.0
5163,516304,36.0,36.0,,F,True,False,False,False,False,False,2.0,2.0,2.0
5163,516305,34.0,34.0,,F,False,False,True,False,False,False,1.0,2.0,2.0
5163,516306,2.0,2.0,,F,True,False,False,False,False,False,1.0,1.0,5.0
5163,516307,4.0,4.0,,F,True,False,False,False,False,False,1.0,1.0,5.0
5163,516308,6.0,6.0,,F,True,False,False,False,False,False,1.0,1.0,5.0
5163,516309,24.0,24.0,,F,False,False,False,False,True,False,1.0,1.0,4.0
5163,516310,54.0,54.0,,F,True,False,False,False,False,False,1.0,2.0,2.0
5164,516401,77.0,77.0,,F,False,False,False,False,True,False,1.0,2.0,3.0
5164,516402,52.0,50.0,55.0,M,False,False,False,False,False,True,3.0,2.0,1.0
5164,516403,76.0,76.0,,F,True,False,False,False,False,True,1.0,1.0,3.0
5164,516404,21.0,18.0,25.0,F,False,False,False,False,False,True,5.0,2.0,1.0
5164,516405,52.0,52.0,,M,False,False,False,False,False,True,2.0,2.0,1.0
5164,516406,50.0,50.0,,F,False,False,False,False,True,False,2.0,1.0,3.0
5164,516407,21.0,21.0,,M,True,False,False,False,False,False,1.0,2.0,4.0
5164,516408,42.0,40.0,45.0,M,False,False,False,False,False,True,4.0,1.0,1.0
5164,516409,45.0,40.0,50.0,F,False,False,False,False,False,True,2.0,1.0,1.0
5164,516410,44.0,44.0,,M,True,False,False,False,False,False,1.0,1.0,5.0
5164,516411,49.0,49.0,,F,True,False,False,False,False,False,1.0,2.0,1.0
5166,516601,17.0,15.0,20.0,F,True,False,False,False,False,False,1.0,1.0,5.0
5166,516602,35.0,30.0,40.0,F,False,True,False,False,False,False,1.0,2.0,5.0
5166,516603,47.0,45.0,50.0,M,False,True,False,False,False,False,1.0,2.0,5.0
5166,516604,55.0,50.0,60.0,M,False,True,False,False,False,False,1.0,2.0,5.0
5166,516605,35.0,30.0,40.0,F,False,True,False,False,False,False,1.0,2.0,5.0
5166,516606,17.0,15.0,20.0,F,True,False,False,False,False,False,1.0,1.0,5.0
5166,516607,12.0,10.0,15.0,F,True,False,False,False,False,False,1.0,1.0,5.0
5166,516608,12.0,10.0,15.0,F,True,False,False,False,False,False,1.0,1.0,5.0
5166,516609,7.0,5.0,10.0,M,True,False,False,False,False,False,1.0,1.0,5.0
5166,516610,1.0,0.0,2.0,M,True,False,False,False,False,False,1.0,1.0,5.0
5166,516611,35.0,30.0,40.0,M,True,False,False,False,False,False,1.0,1.0,5.0
5167,516701,55.0,50.0,60.0,M,False,True,False,False,False,False,,,2.0
5167,516702,75.0,70.0,80.0,M,False,False,False,False,False,True,2.0,1.0,3.0
5167,516703,55.0,50.0,60.0,M,False,True,False,False,False,False,,,2.0
5167,516704,85.0,80.0,90.0,F,False,True,False,False,False,False,,,2.0
5167,516705,35.0,30.0,40.0,M,False,True,False,False,False,False,2.0,,3.0
5167,516706,45.0,40.0,50.0,M,False,False,False,False,True,False,3.0,2.0,3.0
5167,516707,75.0,70.0,80.0,F,False,False,False,False,False,True,2.0,1.0,3.0
5167,516708,35.0,30.0,40.0,M,False,True,False,False,False,False,2.0,,3.0
5168,516801,35.0,30.0,40.0,F,False,True,False,False,False,False,5.0,1.0,3.0
5168,516802,65.0,60.0,70.0,M,False,True,False,False,False,False,5.0,2.0,2.0
5168,516803,55.0,50.0,60.0,F,False,True,False,False,False,False,5.0,1.0,3.0
5168,516804,37.0,35.0,40.0,F,False,True,False,False,False,False,5.0,1.0,3.0
5168,516805,75.0,70.0,80.0,M,False,True,False,False,False,False,5.0,1.0,3.0
5168,516806,37.0,35.0,40.0,F,False,True,False,False,False,False,5.0,2.0,2.0
5168,516807,35.0,30.0,40.0,M,False,True,False,False,False,False,5.0,2.0,2.0
5168,516808,45.0,40.0,50.0,M,False,True,False,False,False,False,2.0,2.0,5.0
5168,516809,45.0,40.0,50.0,F,False,True,False,False,False,False,2.0,2.0,5.0
5168,516810,25.0,20.0,30.0,F,False,True,False,False,False,False,2.0,2.0,5.0
5168,516811,55.0,50.0,60.0,F,False,True,False,False,False,False,5.0,2.0,2.0
5169,516901,65.0,60.0,70.0,F,False,False,False,False,False,True,2.0,1.0,
5169,516902,12.0,10.0,15.0,M,True,False,False,False,False,False,1.0,1.0,
5169,516903,35.0,30.0,40.0,F,False,False,False,False,True,False,4.0,2.0,
5169,516904,35.0,30.0,40.0,F,False,False,False,False,True,False,5.0,2.0,
5169,516905,17.0,15.0,20.0,F,True,False,False,False,False,False,1.0,1.0,
5169,516906,65.0,60.0,70.0,M,False,False,False,False,False,True,2.0,1.0,
5169,516907,35.0,30.0,40.0,M,True,False,False,False,False,False,1.0,1.0,
5170,517001,45.0,40.0,50.0,M,False,True,False,False,False,False,1.0,2.0,5.0
5170,517002,35.0,30.0,40.0,M,False,True,False,False,False,False,1.0,2.0,5.0
5170,517003,45.0,40.0,50.0,M,False,True,False,False,False,False,1.0,2.0,5.0
5170,517004,35.0,30.0,40.0,M,False,True,False,False,False,False,1.0,2.0,5.0
5170,517005,55.0,50.0,60.0,M,False,True,False,False,False,False,1.0,2.0,5.0
5171,517101,0.0,0.0,1.0,M,True,False,False,False,False,False,2.0,1.0,3.0
5171,517102,2.0,0.0,5.0,F,True,False,False,False,False,False,2.0,1.0,3.0
5171,517103,57.0,50.0,65.0,M,True,False,False,False,False,False,1.0,1.0,5.0
5171,517104,22.0,20.0,25.0,F,True,False,False,False,False,False,2.0,1.0,3.0
5172,517201,65.0,60.0,70.0,M,True,False,False,False,False,False,1.0,1.0,5.0
5172,517202,55.0,50.0,60.0,M,False,False,False,False,False,True,3.0,2.0,1.0
5173,517301,51.0,51.0,,F,True,False,False,False,False,False,1.0,1.0,5.0
5173,517302,75.0,70.0,80.0,F,False,False,False,False,True,False,2.0,1.0,3.0
5173,517303,22.0,20.0,25.0,F,False,False,False,True,False,False,5.0,2.0,2.0
5173,517304,31.0,31.0,,M,True,False,False,False,False,False,1.0,1.0,5.0
5173,517305,21.0,18.0,25.0,F,False,True,False,False,False,False,1.0,2.0,2.0
5173,517306,21.0,18.0,25.0,M,False,True,False,False,False,False,1.0,2.0,2.0
5174,517401,42.0,40.0,45.0,M,False,True,False,False,False,False,1.0,2.0,5.0
5174,517402,87.0,85.0,90.0,F,False,True,False,False,False,False,5.0,2.0,1.0
5174,517403,32.0,30.0,35.0,F,False,True,False,False,False,False,5.0,2.0,1.0
5174,517404,42.0,40.0,45.0,F,False,True,False,False,False,False,1.0,2.0,4.0
5174,517405,62.0,60.0,65.0,M,False,True,False,False,False,False,5.0,2.0,2.0
5174,517406,50.0,45.0,55.0,M,False,True,False,False,False,False,5.0,2.0,1.0
5174,517407,42.0,40.0,45.0,M,False,True,False,False,False,False,1.0,2.0,3.0
5174,517408,33.0,33.0,,F,True,False,False,False,False,False,1.0,1.0,4.0
5174,517409,2.0,2.0,,F,True,False,False,False,False,False,1.0,1.0,4.0
5174,517410,40.0,40.0,,M,True,False,False,False,False,False,1.0,2.0,4.0
5174,517411,77.0,75.0,80.0,F,False,True,False,False,False,False,3.0,2.0,1.0
5174,517412,52.0,50.0,55.0,F,False,True,False,False,False,False,5.0,2.0,2.0
5174,517413,72.0,70.0,75.0,F,False,True,False,False,False,False,4.0,2.0,1.0
5174,517414,64.0,64.0,,M,False,True,False,False,False,False,1.0,2.0,3.0
5174,517415,82.0,80.0,85.0,M,False,True,False,False,False,False,5.0,2.0,2.0
5174,517416,62.0,62.0,,M,False,True,False,False,False,False,1.0,2.0,4.0
5174,517417,42.0,40.0,45.0,M,False,True,False,False,False,False,1.0,2.0,4.0
5174,517418,53.0,53.0,,M,False,True,False,False,False,False,1.0,2.0,4.0
5174,517419,67.0,65.0,70.0,F,False,True,False,False,False,False,4.0,,2.0
5174,517420,49.0,49.0,,F,True,False,False,False,False,False,1.0,1.0,5.0
5174,517421,60.0,60.0,,F,False,True,False,False,False,False,1.0,2.0,3.0
5174,517422,45.0,45.0,,F,False,True,False,False,False,False,1.0,2.0,3.0
5174,517423,52.0,50.0,55.0,F,False,True,False,False,False,False,4.0,2.0,1.0
5174,517424,52.0,50.0,55.0,M,False,True,False,False,False,False,5.0,2.0,1.0
5174,517425,77.0,75.0,80.0,F,False,True,False,False,False,False,4.0,2.0,1.0
5174,517426,62.0,60.0,65.0,F,False,True,False,False,False,False,5.0,2.0,1.0
5174,517427,62.0,60.0,65.0,M,False,True,False,False,False,False,5.0,2.0,1.0
5174,517428,35.0,35.0,,M,False,True,False,False,False,False,1.0,2.0,4.0
5175,517501,10.0,10.0,,M,True,False,False,False,False,False,1.0,1.0,5.0
5175,517502,37.0,35.0,40.0,M,False,False,True,False,False,False,4.0,2.0,3.0
5175,517503,42.0,40.0,45.0,M,False,False,True,False,False,False,4.0,2.0,1.0
5175,517504,42.0,40.0,45.0,F,False,False,False,False,False,True,5.0,2.0,1.0
5175,517505,47.0,45.0,50.0,M,False,False,True,False,False,False,4.0,2.0,3.0
5175,517506,42.0,40.0,45.0,F,False,False,False,False,False,True,5.0,2.0,1.0
5175,517507,11.0,11.0,,M,True,False,False,False,False,False,1.0,1.0,5.0
5175,517508,6.0,6.0,,F,True,False,False,False,False,False,1.0,1.0,5.0
5175,517509,41.0,41.0,,F,True,False,False,False,False,False,1.0,1.0,5.0
5176,517601,37.0,35.0,40.0,M,False,True,False,False,False,False,5.0,1.0,1.0
5176,517602,47.0,45.0,50.0,F,False,True,False,False,False,False,4.0,1.0,1.0
5176,517603,32.0,30.0,35.0,F,True,False,False,False,False,False,2.0,2.0,2.0
5176,517604,32.0,30.0,35.0,M,True,False,False,False,False,False,2.0,2.0,2.0
5176,517605,8.0,8.0,,F,False,False,False,False,False,True,2.0,2.0,3.0
5176,517606,71.0,71.0,,M,False,False,False,False,False,True,2.0,2.0,3.0
5176,517607,68.0,68.0,,F,False,False,False,False,False,True,2.0,2.0,3.0
5176,517608,32.0,30.0,35.0,M,False,True,False,False,False,False,4.0,1.0,1.0
5176,517609,47.0,45.0,50.0,M,False,True,False,False,False,False,4.0,1.0,1.0
5176,517610,20.0,20.0,,M,False,True,False,False,False,False,5.0,1.0,1.0
5176,517611,42.0,40.0,45.0,M,False,True,False,False,False,False,5.0,1.0,1.0
5176,517612,35.0,35.0,,M,True,False,False,False,False,False,1.0,1.0,
5176,517613,42.0,40.0,45.0,F,False,True,False,False,False,False,4.0,1.0,2.0
5176,517614,47.0,45.0,50.0,F,False,True,False,False,False,False,1.0,2.0,4.0
5176,517615,42.0,40.0,45.0,F,False,True,False,False,False,False,2.0,2.0,4.0
5176,517616,47.0,45.0,50.0,F,False,True,False,False,False,False,1.0,2.0,5.0
5176,517617,37.0,37.0,,F,False,True,False,False,False,False,1.0,2.0,5.0
5176,517618,33.0,33.0,,F,False,True,False,False,False,False,2.0,2.0,5.0
5176,517619,55.0,55.0,,F,False,True,False,False,False,False,1.0,2.0,4.0
5176,517620,50.0,50.0,,F,False,False,False,False,False,True,2.0,2.0,2.0
5176,517621,2.0,2.0,,F,False,False,False,False,False,False,1.0,1.0,
5176,517622,1.0,1.0,,F,True,False,False,False,False,False,1.0,1.0,
5176,517623,37.0,35.0,40.0,M,False,True,False,False,False,False,4.0,1.0,2.0
5177,517701,60.0,60.0,,F,False,False,False,False,False,False,2.0,2.0,
5177,517702,86.0,86.0,,M,False,False,False,False,False,False,2.0,,
5177,517703,37.0,35.0,40.0,M,False,False,False,False,False,True,3.0,2.0,
5177,517704,37.0,35.0,40.0,M,False,False,False,False,False,True,3.0,2.0,2.0
5177,517705,20.0,20.0,,,True,False,False,False,False,False,1.0,1.0,5.0
5177,517706,51.0,51.0,,F,True,False,False,False,False,False,1.0,1.0,5.0
5177,517707,57.0,55.0,60.0,F,False,False,False,False,False,True,5.0,2.0,1.0
5178,517801,86.0,86.0,,M,False,False,False,False,False,True,2.0,1.0,4.0
5178,517802,55.0,50.0,60.0,M,False,False,False,False,False,True,4.0,,2.0
5178,517803,56.0,56.0,,F,False,False,False,False,True,False,2.0,,4.0
5178,517804,67.0,67.0,,F,False,True,False,False,False,False,4.0,2.0,4.0
5178,517805,86.0,86.0,,M,False,False,False,False,False,True,2.0,2.0,1.0
5178,517806,79.0,79.0,,F,False,False,False,False,False,True,2.0,2.0,4.0
5178,517807,51.0,51.0,,F,False,False,False,False,False,True,2.0,2.0,4.0
5178,517808,40.0,40.0,,F,False,True,False,False,False,False,4.0,2.0,4.0
5178,517809,57.0,57.0,,M,False,True,False,False,False,False,4.0,2.0,4.0
5178,517810,64.0,64.0,,F,False,False,False,False,True,False,2.0,,4.0
5179,517901,27.0,25.0,30.0,M,False,False,False,False,False,False,1.0,2.0,1.0
5179,517902,27.0,25.0,30.0,F,False,True,False,False,False,False,1.0,2.0,5.0
5179,517903,42.0,40.0,45.0,M,False,False,False,False,False,False,1.0,1.0,1.0
5179,517904,30.0,30.0,,M,False,True,False,False,False,False,1.0,,3.0
5179,517905,47.0,45.0,50.0,M,False,True,False,False,False,False,1.0,,3.0
5179,517906,47.0,45.0,50.0,F,False,True,False,False,False,False,1.0,2.0,4.0
5179,517907,37.0,35.0,40.0,F,False,True,False,False,False,False,1.0,2.0,4.0
5179,517908,62.0,60.0,65.0,M,False,True,False,False,False,False,1.0,2.0,5.0
5179,517909,62.0,60.0,65.0,M,False,True,False,False,False,False,1.0,2.0,5.0
5179,517910,30.0,30.0,,M,False,True,False,False,False,False,1.0,2.0,4.0
5179,517911,52.0,50.0,55.0,F,False,True,False,False,False,False,1.0,2.0,5.0
5179,517912,20.0,20.0,,F,True,False,False,False,False,False,1.0,1.0,5.0
5179,517913,50.0,50.0,,M,True,False,False,False,False,False,1.0,1.0,5.0
5179,517914,20.0,20.0,,M,True,False,False,False,False,False,1.0,1.0,5.0
5179,517915,47.0,45.0,50.0,M,False,True,False,False,False,False,2.0,2.0,2.0
5180,518001,86.0,86.0,,M,True,False,False,False,False,False,1.0,1.0,5.0
5180,518002,15.0,14.0,17.0,M,True,False,False,False,False,False,2.0,2.0,1.0
5180,518003,51.0,51.0,,F,True,False,False,False,False,False,2.0,1.0,4.0
5180,518004,37.0,30.0,45.0,F,False,False,False,False,False,True,2.0,,2.0
5180,518005,57.0,57.0,,F,True,False,False,False,False,False,2.0,2.0,4.0
5181,518101,49.0,49.0,,M,False,False,False,False,False,True,2.0,2.0,3.0
5181,518102,52.0,52.0,,M,False,True,False,False,False,False,1.0,2.0,5.0
5181,518103,52.0,50.0,55.0,M,False,False,False,False,True,False,3.0,2.0,3.0
5181,518104,25.0,25.0,,M,False,True,False,False,False,False,1.0,2.0,4.0
5181,518105,27.0,25.0,30.0,M,False,False,False,False,True,False,2.0,2.0,1.0
5181,518106,6.0,6.0,,M,True,False,False,False,False,False,1.0,1.0,5.0
5181,518107,42.0,42.0,,M,False,True,False,False,False,False,1.0,2.0,5.0
5181,518108,49.0,49.0,,F,False,False,False,False,False,True,2.0,2.0,3.0
5181,518109,42.0,42.0,,M,False,True,False,False,False,False,1.0,2.0,5.0
5181,518110,25.0,25.0,,M,False,True,False,False,False,False,1.0,2.0,5.0
5181,518111,22.0,22.0,,F,True,False,False,False,False,False,1.0,1.0,5.0
5181,518112,22.0,22.0,,F,False,True,False,False,False,False,1.0,2.0,5.0
5182,518201,60.0,60.0,,F,True,False,False,False,False,False,1.0,1.0,4.0
5182,518202,58.0,58.0,,M,True,False,False,False,False,False,1.0,1.0,4.0
5182,518203,52.0,52.0,,M,False,True,False,False,False,False,1.0,2.0,5.0
5182,518204,34.0,34.0,,M,False,True,False,False,False,False,1.0,2.0,5.0
5182,518205,28.0,28.0,,M,False,True,False,False,False,False,1.0,2.0,5.0
5182,518206,29.0,29.0,,F,False,False,False,False,True,False,2.0,1.0,4.0
5183,518301,41.0,41.0,,M,False,False,False,False,False,False,1.0,2.0,
5183,518302,44.0,44.0,,M,False,False,False,False,False,False,1.0,2.0,
5183,518303,61.0,61.0,,F,False,False,False,False,False,False,2.0,2.0,
5183,518304,28.0,28.0,,F,False,False,False,False,False,False,2.0,2.0,
5183,518305,36.0,36.0,,M,False,False,False,False,False,False,4.0,2.0,
5183,518306,30.0,30.0,,M,False,False,False,False,True,False,5.0,2.0,1.0
5184,518401,50.0,50.0,,M,False,False,False,False,True,False,3.0,2.0,3.0
5184,518402,38.0,38.0,,F,True,False,False,False,False,False,1.0,1.0,5.0
5184,518403,14.0,14.0,,M,False,False,False,False,True,False,2.0,2.0,3.0
5184,518404,16.0,16.0,,F,True,False,False,False,False,False,1.0,2.0,3.0
5184,518405,24.0,24.0,,M,True,False,False,False,False,False,2.0,2.0,3.0
5184,518406,30.0,30.0,,F,True,False,False,False,False,False,2.0,2.0,3.0
5184,518407,28.0,28.0,,M,False,False,False,False,True,False,2.0,2.0,3.0
5184,518408,18.0,18.0,,M,False,False,False,False,True,False,2.0,2.0,2.0
5185,518501,45.0,45.0,,F,True,False,False,False,False,False,1.0,1.0,4.0
5185,518502,45.0,45.0,,F,True,False,False,False,False,False,1.0,1.0,4.0
5185,518503,61.0,61.0,,F,True,False,False,False,False,False,1.0,1.0,3.0
5185,518504,22.0,22.0,,M,False,True,False,False,False,False,2.0,2.0,1.0
5185,518505,16.0,16.0,,M,False,True,False,False,False,False,2.0,2.0,2.0
5185,518506,44.0,44.0,,M,False,True,False,False,False,False,2.0,2.0,2.0
5185,518507,22.0,22.0,,M,False,True,False,False,False,False,2.0,2.0,1.0
5185,518508,17.0,17.0,,M,True,False,False,False,False,False,2.0,2.0,3.0
5186,518601,15.0,15.0,,F,True,False,False,False,False,False,1.0,1.0,4.0
5187,518701,18.0,18.0,,M,True,False,False,False,False,False,1.0,1.0,3.0
5187,518702,28.0,28.0,,F,True,False,False,False,False,False,1.0,2.0,4.0
5187,518703,50.0,50.0,,M,False,False,False,False,True,False,2.0,2.0,3.0
5187,518704,4.0,4.0,,M,True,False,False,False,False,False,4.0,1.0,2.0
5188,518801,28.0,28.0,,F,False,False,False,False,True,False,1.0,2.0,4.0
5188,518802,55.0,55.0,,F,False,False,False,False,True,False,2.0,2.0,3.0
5188,518803,42.0,42.0,,M,False,False,False,True,False,False,2.0,2.0,3.0
5188,518804,36.0,36.0,,F,True,False,False,False,False,False,2.0,1.0,4.0
5188,518805,38.0,38.0,,F,False,False,False,False,True,False,1.0,2.0,5.0
5188,518806,52.0,52.0,,M,True,False,False,False,False,False,2.0,2.0,2.0
5189,518901,61.0,61.0,,M,True,False,False,False,False,False,2.0,2.0,2.0
5189,518902,50.0,50.0,,M,True,False,False,False,False,False,1.0,2.0,2.0
5189,518903,34.0,34.0,,M,True,False,False,False,False,False,1.0,2.0,3.0
5189,518904,9.0,9.0,,F,True,False,False,False,False,False,2.0,1.0,5.0
5189,518905,28.0,28.0,,F,False,False,False,False,True,False,5.0,,2.0
5189,518906,28.0,28.0,,F,True,False,False,False,True,False,3.0,,2.0
5189,518907,41.0,41.0,,M,False,False,False,False,False,True,2.0,1.0,3.0
5190,519001,54.0,54.0,,F,False,True,False,False,False,False,1.0,2.0,4.0
5190,519002,79.0,79.0,,F,True,False,False,False,False,False,1.0,2.0,5.0
5190,519003,28.0,28.0,,F,False,False,False,False,True,False,2.0,2.0,3.0
5190,519004,48.0,48.0,,M,False,True,False,False,False,False,1.0,2.0,4.0
5190,519005,47.0,47.0,,M,False,True,False,False,False,False,1.0,2.0,4.0
5190,519006,37.0,37.0,,F,False,True,False,False,False,False,1.0,2.0,4.0
5190,519007,45.0,45.0,,M,True,False,False,False,False,False,1.0,1.0,5.0
5190,519008,38.0,38.0,,F,False,True,False,False,False,False,1.0,2.0,4.0
5191,519101,12.0,12.0,,F,False,False,False,False,True,False,3.0,1.0,2.0
5191,519102,62.0,60.0,65.0,F,False,True,False,False,False,False,,2.0,1.0
5191,519103,27.0,25.0,30.0,,False,False,False,False,False,True,5.0,,2.0
5191,519104,21.0,20.0,22.0,F,False,False,False,False,False,True,5.0,,1.0
5191,519105,40.0,40.0,,F,False,False,False,False,True,False,1.0,1.0,3.0
5191,519106,15.0,15.0,,M,False,False,False,False,True,False,4.0,2.0,2.0
5191,519107,44.0,44.0,,M,False,False,False,False,True,False,4.0,2.0,2.0
5191,519108,55.0,55.0,,M,True,False,False,False,True,False,1.0,1.0,4.0
5191,519109,12.0,12.0,,M,True,False,False,False,True,False,1.0,1.0,4.0
5191,519110,27.0,25.0,30.0,F,False,True,False,False,False,False,,2.0,1.0
5191,519111,22.0,20.0,25.0,F,False,True,False,False,False,False,5.0,2.0,1.0
5191,519112,47.0,45.0,50.0,M,False,True,False,False,False,False,5.0,1.0,2.0
5191,519113,42.0,40.0,45.0,M,False,False,False,True,False,False,5.0,2.0,1.0
5191,519114,42.0,40.0,45.0,M,False,False,False,True,False,False,5.0,2.0,1.0
5191,519115,49.0,49.0,,F,False,False,False,False,True,False,3.0,2.0,2.0
5192,519201,12.0,12.0,,F,True,False,False,False,False,False,2.0,2.0,1.0
5192,519202,27.0,25.0,30.0,M,False,False,False,False,True,False,4.0,1.0,3.0
5192,519203,53.0,53.0,,F,True,False,False,False,False,False,1.0,1.0,5.0
5192,519204,27.0,25.0,30.0,M,False,False,False,False,True,False,4.0,2.0,
5192,519205,19.0,18.0,20.0,F,True,False,False,False,False,False,1.0,2.0,1.0
5192,519206,78.0,78.0,,M,False,False,False,False,True,False,2.0,2.0,4.0
5192,519207,19.0,18.0,20.0,F,True,False,False,False,False,False,2.0,2.0,1.0
5192,519208,76.0,76.0,,F,False,False,False,False,True,False,2.0,1.0,4.0
5192,519209,40.0,35.0,45.0,M,False,False,False,False,True,False,2.0,2.0,2.0
5192,519210,45.0,40.0,50.0,M,True,False,False,False,False,False,1.0,2.0,2.0
5192,519211,45.0,40.0,50.0,M,True,False,False,False,False,False,1.0,2.0,
5192,519212,55.0,50.0,60.0,M,False,False,False,False,True,False,1.0,2.0,2.0
5192,519213,27.0,25.0,30.0,M,False,False,False,False,True,False,3.0,2.0,3.0
5192,519214,27.0,25.0,30.0,M,False,False,False,False,True,False,3.0,2.0,3.0
5192,519215,35.0,30.0,40.0,M,False,False,False,False,True,False,4.0,2.0,3.0
5192,519216,55.0,50.0,60.0,M,False,False,False,False,True,False,4.0,2.0,3.0
5192,519217,45.0,40.0,50.0,F,True,False,False,False,False,False,1.0,2.0,
5192,519218,53.0,53.0,,F,True,True,False,False,True,False,1.0,1.0,5.0
5193,519301,16.0,16.0,,M,False,True,False,False,False,False,3.0,2.0,2.0
5193,519302,27.0,27.0,,F,False,True,False,False,False,False,1.0,2.0,3.0
5193,519303,32.0,30.0,35.0,F,False,True,False,False,False,False,1.0,2.0,4.0
5193,519304,42.0,40.0,45.0,F,False,False,False,False,False,True,5.0,1.0,1.0
5193,519305,19.0,17.0,21.0,F,False,False,False,False,False,True,2.0,1.0,1.0
5193,519306,68.0,68.0,,F,True,False,False,False,False,False,2.0,1.0,3.0
5193,519307,38.0,38.0,,F,False,True,False,False,False,False,1.0,2.0,3.0
5193,519308,18.0,18.0,,M,False,True,False,False,False,False,1.0,2.0,3.0
5193,519309,52.0,50.0,55.0,F,False,True,False,False,False,False,3.0,2.0,3.0
5193,519310,27.0,25.0,30.0,F,False,True,False,False,False,False,1.0,2.0,2.0
5193,519311,27.0,25.0,30.0,F,False,True,False,False,False,False,3.0,2.0,4.0
5193,519312,24.0,24.0,,M,False,True,False,False,False,False,3.0,2.0,3.0
5193,519313,47.0,45.0,50.0,M,False,True,False,False,False,False,2.0,2.0,2.0
5193,519314,32.0,32.0,,F,False,True,False,False,False,False,1.0,2.0,2.0
5193,519315,47.0,45.0,50.0,M,False,True,False,False,False,False,3.0,2.0,4.0
5193,519316,47.0,45.0,50.0,F,False,True,False,False,False,False,3.0,2.0,4.0
5193,519317,42.0,42.0,,M,True,False,False,False,False,False,1.0,1.0,5.0
5193,519318,3.0,3.0,,F,True,False,False,False,False,False,1.0,1.0,5.0
5193,519319,48.0,48.0,,F,False,True,False,False,False,False,1.0,2.0,4.0
5193,519320,43.0,43.0,,M,False,True,False,False,False,False,1.0,2.0,4.0
5193,519321,52.0,50.0,55.0,M,False,True,False,False,False,False,1.0,2.0,3.0
5193,519322,46.0,46.0,,M,False,True,False,False,False,False,2.0,2.0,3.0
5193,519323,54.0,54.0,,F,False,True,False,False,False,False,1.0,2.0,4.0
5193,519324,33.0,33.0,,F,False,True,False,False,False,False,1.0,2.0,4.0
5193,519325,32.0,32.0,,F,False,True,False,False,False,False,1.0,2.0,3.0
5193,519326,52.0,50.0,55.0,M,False,True,False,False,False,False,2.0,2.0,3.0
5193,519327,7.0,7.0,,F,True,False,False,False,False,False,1.0,1.0,5.0
5194,519401,82.0,82.0,,M,True,False,False,False,False,False,4.0,1.0,3.0
5194,519402,24.0,24.0,,M,False,False,False,False,True,False,2.0,2.0,3.0
5194,519403,56.0,56.0,,F,True,False,False,False,False,False,1.0,1.0,4.0
5194,519404,55.0,55.0,,M,True,False,False,False,False,False,1.0,1.0,4.0
5194,519405,29.0,29.0,,M,True,False,False,False,False,False,1.0,1.0,3.0
5194,519406,0.0,0.0,,M,True,False,False,False,False,False,2.0,1.0,3.0
5194,519407,32.0,32.0,,M,True,False,False,False,False,False,1.0,1.0,3.0
5194,519408,26.0,26.0,,F,False,False,True,False,False,False,1.0,2.0,2.0
5194,519409,26.0,26.0,,F,True,False,False,False,False,False,2.0,1.0,3.0
5194,519410,4.0,4.0,,F,True,False,False,True,False,False,1.0,1.0,5.0
5194,519411,57.0,57.0,,F,True,False,False,True,False,False,1.0,2.0,3.0
5194,519412,1.0,1.0,,F,False,False,True,False,False,False,1.0,1.0,2.0
5194,519413,45.0,40.0,50.0,F,False,False,True,False,False,False,1.0,2.0,2.0
5194,519414,35.0,35.0,,F,False,False,True,False,False,False,1.0,2.0,2.0
5194,519415,28.0,28.0,,M,True,False,False,False,False,False,1.0,1.0,5.0
5194,519416,5.0,5.0,,F,True,False,False,True,False,False,1.0,1.0,5.0
5194,519417,60.0,60.0,,M,True,False,False,False,False,False,2.0,2.0,3.0
5194,519418,35.0,30.0,40.0,F,False,False,True,False,False,False,1.0,2.0,2.0
5195,519501,32.0,32.0,,F,False,False,False,False,False,True,2.0,,1.0
5195,519502,66.0,66.0,,F,True,False,False,False,False,False,2.0,1.0,4.0
5195,519503,68.0,68.0,,M,True,False,False,False,False,False,1.0,1.0,5.0
5197,519701,48.0,48.0,,F,False,False,False,False,True,False,2.0,1.0,2.0
5197,519702,30.0,30.0,,M,False,False,False,False,True,False,2.0,2.0,3.0
5197,519703,46.0,46.0,,M,False,False,False,False,True,False,2.0,2.0,3.0
5197,519704,40.0,40.0,,M,False,False,False,False,True,False,2.0,2.0,3.0
5198,519801,6.0,6.0,,M,True,False,False,True,True,False,1.0,1.0,5.0
5198,519802,29.0,29.0,,F,True,False,False,True,True,False,1.0,1.0,5.0
5198,519803,25.0,25.0,,M,True,False,False,False,False,False,1.0,1.0,4.0
5199,519901,20.0,20.0,,M,True,False,False,False,False,False,1.0,2.0,5.0
5199,519902,25.0,20.0,30.0,M,True,False,False,False,False,False,5.0,2.0,1.0
5199,519903,55.0,50.0,60.0,F,False,False,False,False,False,True,3.0,2.0,2.0
5199,519904,20.0,20.0,,M,True,False,False,False,False,False,2.0,2.0,4.0
5199,519905,50.0,50.0,,F,True,False,False,False,False,False,1.0,2.0,5.0
5199,519906,4.0,4.0,,F,True,False,False,False,False,False,1.0,1.0,5.0
5199,519907,53.0,53.0,,M,True,False,False,False,False,False,1.0,2.0,5.0
5200,520001,42.0,40.0,45.0,M,False,True,False,False,False,False,1.0,2.0,4.0
5200,520002,47.0,45.0,50.0,M,False,True,False,False,False,False,2.0,2.0,3.0
5200,520003,47.0,45.0,50.0,M,False,True,False,False,False,False,5.0,2.0,1.0
5200,520004,47.0,45.0,50.0,M,False,True,False,False,False,False,2.0,2.0,3.0
5200,520005,57.0,55.0,60.0,M,False,True,False,False,False,False,3.0,1.0,3.0
5200,520006,47.0,45.0,50.0,M,False,True,False,False,False,False,1.0,2.0,4.0
5200,520007,39.0,39.0,,F,True,False,False,False,False,False,1.0,1.0,4.0
5200,520008,6.0,6.0,,M,True,False,False,False,False,False,1.0,1.0,3.0
5200,520009,9.0,9.0,,M,True,False,False,False,False,False,1.0,1.0,3.0
5200,520010,42.0,40.0,45.0,F,False,True,False,False,False,False,2.0,2.0,2.0
5200,520011,42.0,40.0,45.0,M,False,True,False,False,False,False,2.0,2.0,3.0
5201,520101,30.0,30.0,,M,False,True,False,False,False,False,2.0,,1.0
5201,520102,1.0,1.0,,F,True,False,False,False,False,False,1.0,1.0,5.0
5201,520103,33.0,33.0,,M,False,True,False,False,False,False,3.0,2.0,4.0
5201,520104,24.0,24.0,,F,False,True,False,False,False,False,4.0,,1.0
5201,520105,17.0,17.0,,F,False,True,False,False,False,False,1.0,,3.0
5201,520106,57.0,57.0,,F,False,True,False,False,False,False,3.0,1.0,3.0
5201,520107,32.0,30.0,35.0,M,False,True,False,False,False,False,3.0,2.0,2.0
5201,520108,45.0,45.0,,M,False,True,False,False,False,False,3.0,2.0,1.0
5201,520109,41.0,41.0,,M,False,True,False,False,False,False,2.0,1.0,3.0
5201,520110,28.0,28.0,,F,False,True,False,False,False,False,2.0,1.0,3.0
5201,520111,22.0,22.0,,F,False,True,False,False,False,False,2.0,,2.0
5202,520201,37.0,35.0,40.0,M,False,False,False,False,True,False,3.0,2.0,1.0
5202,520202,42.0,40.0,45.0,M,True,False,False,False,False,False,2.0,2.0,1.0
5202,520203,84.0,84.0,,M,False,False,False,False,False,True,3.0,2.0,2.0
5202,520204,62.0,60.0,65.0,F,True,False,False,False,False,False,2.0,2.0,1.0
5202,520205,32.0,30.0,35.0,F,False,False,False,False,False,True,5.0,2.0,1.0
5202,520206,52.0,50.0,55.0,M,False,False,False,False,False,True,5.0,2.0,1.0
5202,520207,42.0,40.0,45.0,M,False,False,False,False,True,False,5.0,2.0,1.0
5202,520208,72.0,70.0,75.0,M,False,False,False,False,False,True,2.0,2.0,2.0
5202,520209,60.0,60.0,,F,True,False,False,False,False,False,1.0,2.0,5.0
5202,520210,23.0,23.0,,F,True,False,False,False,False,False,1.0,1.0,3.0
5202,520211,42.0,40.0,45.0,F,False,False,False,False,False,True,5.0,2.0,1.0
5202,520212,72.0,70.0,75.0,M,False,False,False,False,False,True,5.0,2.0,1.0
5203,520301,19.0,19.0,,F,True,False,False,True,True,True,1.0,1.0,5.0
5203,520302,32.0,30.0,35.0,F,False,True,False,False,False,False,5.0,1.0,2.0
5203,520303,32.0,30.0,35.0,M,False,True,False,False,False,False,5.0,1.0,2.0
5203,520304,37.0,35.0,40.0,M,False,False,False,False,True,True,3.0,1.0,4.0
5203,520305,24.0,24.0,,F,False,True,False,False,False,False,5.0,1.0,2.0
5203,520306,28.0,27.0,30.0,F,False,True,False,False,False,False,5.0,1.0,2.0
5203,520307,32.0,30.0,35.0,F,False,True,False,False,False,False,5.0,1.0,2.0
5203,520308,25.0,21.0,30.0,F,False,True,False,False,False,False,5.0,1.0,2.0
5203,520309,23.0,17.0,30.0,M,False,False,False,True,False,False,5.0,1.0,1.0
5203,520310,22.0,20.0,25.0,F,False,True,False,False,False,False,5.0,1.0,2.0
5203,520311,4.0,4.0,,F,True,False,False,True,True,True,1.0,1.0,5.0
5203,520312,30.0,30.0,,M,True,False,False,True,True,True,1.0,1.0,5.0
5203,520313,24.0,24.0,,F,True,False,False,True,True,True,1.0,1.0,5.0
5203,520314,41.0,41.0,,M,True,False,False,True,True,True,1.0,1.0,5.0
5203,520315,19.0,18.0,21.0,M,False,True,False,False,False,False,5.0,1.0,2.0
5203,520316,32.0,30.0,35.0,M,False,True,False,False,False,False,1.0,1.0,5.0
5203,520317,19.0,19.0,,F,True,False,False,True,True,True,1.0,1.0,5.0
5203,520318,26.0,26.0,,M,True,True,False,True,False,False,1.0,1.0,5.0
5203,520319,22.0,20.0,25.0,F,False,False,False,False,True,True,1.0,1.0,1.0
5203,520320,36.0,36.0,,F,False,False,False,False,True,False,1.0,2.0,3.0
5203,520321,35.0,30.0,40.0,M,False,True,False,False,False,False,4.0,1.0,3.0
5203,520322,57.0,55.0,60.0,F,False,True,False,False,False,False,1.0,1.0,4.0
5203,520323,25.0,20.0,30.0,M,False,True,False,False,False,False,5.0,1.0,1.0
5203,520324,18.0,17.0,20.0,F,False,True,False,False,False,False,5.0,1.0,2.0
5203,520325,67.0,65.0,70.0,M,False,True,False,False,False,False,5.0,1.0,1.0
5203,520326,37.0,35.0,40.0,F,False,True,False,False,False,False,5.0,2.0,2.0
5203,520327,41.0,41.0,,M,False,True,False,False,False,False,1.0,1.0,
5203,520328,28.0,27.0,30.0,F,False,True,False,False,False,False,5.0,1.0,
5203,520329,17.0,15.0,20.0,F,False,True,False,False,False,False,5.0,1.0,1.0
5203,520330,52.0,50.0,55.0,M,False,False,False,False,True,False,2.0,2.0,3.0
5204,520401,30.0,30.0,,M,True,False,False,False,False,False,,1.0,5.0
5204,520402,45.0,40.0,50.0,M,False,False,False,False,False,True,4.0,2.0,1.0
5204,520403,25.0,25.0,,F,True,False,False,True,False,False,1.0,1.0,5.0
5204,520404,4.0,4.0,,F,True,False,False,True,False,False,1.0,1.0,4.0
5204,520405,22.0,20.0,25.0,F,False,False,False,False,False,True,4.0,1.0,1.0
5205,520501,62.0,60.0,65.0,F,True,False,False,False,False,False,2.0,1.0,5.0
5205,520502,47.0,45.0,50.0,F,False,False,False,False,False,True,1.0,1.0,2.0
5205,520503,65.0,60.0,70.0,F,False,False,False,False,True,False,5.0,2.0,2.0
5205,520504,75.0,70.0,80.0,F,False,False,False,True,False,False,5.0,2.0,1.0
5205,520505,85.0,80.0,90.0,F,False,False,False,False,True,False,1.0,1.0,2.0
5207,520701,4.0,4.0,,M,False,False,False,False,False,True,2.0,2.0,3.0
5207,520702,24.0,24.0,,F,False,False,False,False,True,False,3.0,1.0,2.0
5207,520703,30.0,30.0,,F,False,False,False,False,True,False,3.0,1.0,3.0
5207,520704,6.0,6.0,,M,False,False,False,False,False,True,2.0,2.0,4.0
5207,520705,36.0,36.0,,F,False,True,False,False,False,False,1.0,1.0,5.0
5207,520706,54.0,54.0,,M,False,True,False,False,False,False,2.0,2.0,5.0
5207,520707,31.0,31.0,,M,False,True,False,False,False,False,2.0,1.0,5.0
5207,520708,28.0,28.0,,F,True,False,False,False,False,False,1.0,1.0,3.0
5208,520801,19.0,19.0,,F,True,False,False,False,False,False,1.0,2.0,3.0
5208,520802,71.0,71.0,,,True,False,False,False,False,False,3.0,,4.0
5208,520803,64.0,64.0,,M,True,False,False,False,False,False,2.0,1.0,4.0
5208,520804,14.0,14.0,,F,True,False,False,False,False,False,1.0,2.0,4.0
5208,520805,42.0,42.0,,F,True,False,False,False,False,False,2.0,2.0,2.0
5208,520806,24.0,24.0,,M,True,False,False,False,False,False,2.0,2.0,2.0
5208,520807,36.0,36.0,,M,False,False,False,False,True,False,2.0,2.0,3.0
5208,520808,22.0,22.0,,M,False,False,False,False,True,False,2.0,1.0,3.0
5208,520809,16.0,16.0,,F,True,False,False,False,False,False,2.0,1.0,1.0
5208,520810,14.0,14.0,,M,True,False,False,False,False,False,1.0,1.0,2.0
5208,520811,12.0,12.0,,M,False,False,False,False,True,False,1.0,1.0,3.0
5208,520812,40.0,40.0,,F,True,False,False,False,False,False,2.0,2.0,2.0
5208,520813,14.0,14.0,,F,True,False,False,False,False,False,5.0,1.0,4.0
5209,520901,49.0,49.0,,F,True,False,False,False,False,False,1.0,2.0,3.0
5209,520902,53.0,53.0,,F,True,False,False,False,False,False,1.0,2.0,3.0
5209,520903,27.0,27.0,,M,True,False,False,False,False,False,1.0,1.0,5.0
5210,521001,31.0,31.0,,M,True,False,False,False,False,False,1.0,1.0,5.0
5210,521002,40.0,40.0,,F,False,True,False,False,False,False,1.0,2.0,5.0
5210,521003,30.0,30.0,,F,False,False,False,False,True,False,2.0,1.0,1.0
5210,521004,50.0,50.0,,F,False,False,False,False,False,True,4.0,1.0,2.0
5210,521005,50.0,50.0,,M,False,False,False,False,False,True,5.0,2.0,2.0
5210,521006,32.0,32.0,,F,False,True,False,False,False,False,1.0,2.0,5.0
5210,521007,8.0,8.0,,F,True,False,False,False,False,False,1.0,1.0,5.0
5210,521008,44.0,44.0,,F,False,False,False,False,False,True,1.0,2.0,2.0
5210,521009,42.0,42.0,,M,False,True,False,False,False,False,1.0,2.0,5.0
5211,521101,46.0,46.0,,M,False,False,False,False,True,False,3.0,2.0,4.0
5211,521102,62.0,62.0,,M,True,False,False,False,False,False,2.0,2.0,2.0
5211,521103,60.0,60.0,,M,True,False,False,False,False,False,2.0,2.0,2.0
5211,521104,19.0,19.0,,F,True,False,False,False,False,False,2.0,2.0,2.0
5211,521105,17.0,17.0,,F,True,False,False,False,False,False,2.0,2.0,2.0
5211,521106,44.0,44.0,,M,True,False,False,False,False,False,3.0,2.0,3.0
5212,521201,18.0,18.0,,M,False,False,False,True,False,False,2.0,2.0,1.0
5212,521202,44.0,44.0,,F,True,False,False,False,False,False,2.0,2.0,3.0
5212,521203,21.0,21.0,,M,True,False,False,False,False,False,1.0,1.0,5.0
5212,521204,19.0,19.0,,F,True,False,False,False,False,False,1.0,2.0,4.0
5212,521205,19.0,19.0,,F,True,False,False,False,False,False,1.0,2.0,4.0
5212,521206,24.0,24.0,,F,True,False,False,False,False,False,1.0,2.0,4.0
5212,521207,4.0,4.0,,M,True,False,False,False,False,False,1.0,1.0,4.0
5212,521208,22.0,22.0,,F,True,False,False,False,False,False,1.0,1.0,4.0
5212,521209,15.0,15.0,,F,True,False,False,False,False,False,3.0,2.0,1.0
5212,521210,6.0,6.0,,F,True,False,False,False,False,False,1.0,1.0,4.0
5212,521211,13.0,13.0,,F,True,False,False,False,False,False,2.0,2.0,2.0
5212,521212,34.0,34.0,,F,False,False,False,True,False,False,2.0,2.0,1.0
5212,521213,19.0,19.0,,F,True,False,False,False,False,False,1.0,2.0,4.0
5212,521214,34.0,34.0,,F,True,False,False,False,False,False,2.0,2.0,1.0
5212,521215,9.0,9.0,,F,True,False,False,False,False,False,2.0,1.0,5.0
5212,521216,36.0,36.0,,F,True,False,False,False,False,False,1.0,2.0,5.0
5212,521217,35.0,30.0,40.0,F,False,False,False,False,False,True,3.0,2.0,2.0
5212,521218,35.0,30.0,40.0,F,False,False,False,False,False,True,2.0,2.0,1.0
5212,521219,33.0,33.0,,F,True,False,False,False,False,False,1.0,2.0,1.0
5212,521220,16.0,16.0,,M,True,False,False,False,False,False,3.0,2.0,1.0
5212,521221,16.0,16.0,,M,True,False,False,False,False,False,3.0,2.0,1.0
5213,521301,56.0,56.0,,F,True,False,False,False,False,False,1.0,2.0,3.0
5213,521302,72.0,72.0,,F,True,False,False,False,False,False,2.0,1.0,3.0
5213,521303,18.0,18.0,,M,True,False,False,False,False,False,2.0,1.0,3.0
5213,521304,20.0,20.0,,F,True,False,False,False,False,False,3.0,2.0,2.0
5213,521305,16.0,16.0,,F,True,False,False,False,False,False,3.0,1.0,1.0
5213,521306,9.0,9.0,,M,True,False,False,False,False,False,1.0,1.0,1.0
5213,521307,4.0,4.0,,M,True,False,False,False,False,False,1.0,1.0,
5214,521401,55.0,55.0,,F,True,False,False,False,False,False,2.0,2.0,3.0
5214,521402,57.0,57.0,,M,True,False,False,False,False,False,2.0,2.0,3.0
5214,521403,36.0,36.0,,F,True,False,False,False,False,False,2.0,2.0,2.0
5214,521404,33.0,33.0,,M,True,False,False,False,False,False,1.0,1.0,5.0
5215,521501,45.0,45.0,,M,True,False,False,False,False,False,1.0,1.0,4.0
5215,521502,14.0,14.0,,M,True,False,False,False,False,False,1.0,1.0,4.0
5215,521503,61.0,61.0,,F,False,False,False,False,True,False,2.0,2.0,2.0
5215,521504,50.0,50.0,,M,False,False,False,False,True,False,2.0,2.0,2.0
5215,521505,31.0,31.0,,F,True,False,False,False,False,False,2.0,2.0,1.0
5215,521506,34.0,34.0,,M,True,False,False,False,False,False,2.0,1.0,2.0
5216,521601,2.0,2.0,,M,True,False,False,False,False,False,2.0,1.0,4.0
5216,521602,36.0,36.0,,M,True,False,False,False,False,False,2.0,1.0,4.0
5216,521603,40.0,40.0,,F,True,False,False,False,False,False,2.0,1.0,4.0
5216,521604,54.0,54.0,,F,False,False,False,False,True,False,2.0,1.0,5.0
5216,521605,6.0,6.0,,F,True,False,False,False,False,False,2.0,,4.0
5216,521606,55.0,55.0,,M,False,False,False,False,True,False,2.0,1.0,5.0
5217,521701,71.0,71.0,,M,False,False,False,False,False,True,2.0,2.0,3.0
5217,521702,23.0,23.0,,F,True,False,False,False,False,False,1.0,1.0,5.0
5217,521703,1.0,1.0,,M,True,False,False,False,False,False,3.0,2.0,2.0
5217,521704,22.0,22.0,,F,True,False,False,False,False,False,3.0,2.0,3.0
5217,521705,58.0,58.0,,F,False,False,False,False,False,True,2.0,2.0,3.0
5217,521706,51.0,51.0,,F,False,False,False,False,False,True,1.0,1.0,4.0
5217,521707,19.0,19.0,,M,False,False,False,False,False,True,2.0,2.0,4.0
5217,521708,1.0,1.0,,F,True,False,False,False,False,False,1.0,1.0,5.0
5217,521709,3.0,3.0,,F,True,False,False,False,True,False,1.0,1.0,5.0
5217,521710,52.0,52.0,,M,False,False,False,False,False,True,1.0,2.0,4.0
5218,521801,58.0,58.0,,M,False,False,False,False,False,True,2.0,2.0,
5218,521802,55.0,50.0,60.0,M,False,False,False,False,False,True,2.0,2.0,3.0
5218,521803,0.0,0.0,,F,False,False,False,False,False,True,1.0,1.0,4.0
5218,521804,0.0,0.0,,F,False,False,False,False,False,True,1.0,1.0,4.0
5218,521805,33.0,33.0,,M,False,False,False,False,False,True,1.0,2.0,4.0
5218,521806,30.0,30.0,,F,False,False,False,False,False,True,1.0,1.0,4.0
5218,521807,56.0,56.0,,F,True,False,False,False,False,False,1.0,1.0,4.0
5218,521808,55.0,50.0,60.0,F,False,False,False,False,False,True,1.0,2.0,2.0
5218,521809,57.0,50.0,65.0,M,False,False,False,False,False,True,2.0,2.0,3.0
5218,521810,40.0,35.0,45.0,F,False,False,False,False,False,True,2.0,2.0,3.0
5218,521811,30.0,25.0,35.0,M,False,False,False,False,False,True,5.0,2.0,2.0
5218,521812,56.0,56.0,,M,False,False,False,False,False,True,1.0,1.0,2.0
5218,521813,69.0,69.0,,F,False,False,False,False,False,True,2.0,2.0,2.0
5218,521814,55.0,55.0,,M,True,False,False,False,False,False,1.0,2.0,4.0
5218,521815,55.0,45.0,65.0,F,False,False,False,False,False,True,5.0,2.0,2.0
5218,521816,31.0,31.0,,F,False,False,False,False,False,True,1.0,1.0,4.0
5218,521817,0.0,0.0,,M,False,False,False,False,False,True,1.0,1.0,4.0
5218,521818,0.0,0.0,,M,False,False,False,False,False,True,1.0,1.0,4.0
5218,521819,33.0,33.0,,M,False,False,False,False,False,True,1.0,2.0,4.0
5218,521820,55.0,55.0,,M,True,False,False,False,False,False,1.0,2.0,4.0
5218,521821,15.0,15.0,,F,True,False,False,False,False,False,1.0,2.0,3.0
5218,521822,37.0,30.0,45.0,M,False,False,False,False,False,True,5.0,2.0,2.0
5219,521901,3.0,3.0,,F,True,False,False,False,False,False,1.0,1.0,3.0
5219,521902,26.0,26.0,,M,False,False,False,False,False,True,2.0,2.0,2.0
5219,521903,35.0,30.0,40.0,F,False,False,False,False,False,True,4.0,2.0,2.0
5219,521904,27.0,27.0,,F,False,False,False,False,False,True,2.0,1.0,2.0
5219,521905,1.0,1.0,,F,True,False,False,False,False,False,1.0,1.0,3.0
5219,521906,62.0,60.0,65.0,F,False,False,False,False,False,True,2.0,2.0,2.0
5219,521907,34.0,34.0,,M,False,False,False,False,False,True,1.0,2.0,3.0
5219,521908,23.0,23.0,,F,False,False,False,False,False,True,1.0,1.0,3.0
5219,521909,1.0,1.0,,F,False,False,False,False,False,True,1.0,1.0,3.0
5219,521910,3.0,3.0,,F,False,False,False,False,False,True,1.0,1.0,3.0
5219,521911,51.0,51.0,,F,True,False,False,False,False,False,1.0,1.0,5.0
5219,521912,50.0,45.0,55.0,F,False,False,False,False,False,True,3.0,2.0,2.0
5219,521913,19.0,19.0,,M,True,False,False,False,False,False,1.0,1.0,5.0
5220,522001,38.0,36.0,40.0,M,True,False,False,False,False,False,2.0,2.0,3.0
5220,522002,57.0,55.0,60.0,F,True,False,False,False,False,False,1.0,1.0,4.0
5220,522003,15.0,14.0,16.0,M,True,False,False,False,False,False,,1.0,4.0
5220,522004,32.0,30.0,35.0,F,False,False,True,False,False,False,1.0,2.0,4.0
5220,522005,27.0,25.0,30.0,F,False,True,False,False,False,False,1.0,2.0,2.0
5220,522006,9.0,9.0,,M,True,False,False,False,False,False,1.0,1.0,5.0
5220,522007,47.0,40.0,55.0,F,True,False,False,False,False,False,1.0,1.0,5.0
5221,522101,47.0,40.0,55.0,M,False,False,False,False,False,True,1.0,1.0,2.0
5221,522102,47.0,47.0,,F,False,False,False,False,False,True,2.0,1.0,3.0
5221,522103,30.0,20.0,40.0,F,False,False,False,False,False,True,2.0,1.0,2.0
5221,522104,13.0,13.0,,F,False,False,False,False,False,True,2.0,1.0,3.0
5221,522105,10.0,10.0,,F,False,False,False,False,False,True,2.0,1.0,3.0
5221,522106,8.0,8.0,,F,False,False,False,False,False,True,2.0,1.0,3.0
5221,522107,47.0,47.0,,M,False,False,False,False,False,True,3.0,2.0,3.0
5221,522108,6.0,6.0,,F,True,False,False,False,False,False,1.0,1.0,4.0
5221,522109,26.0,26.0,,M,True,False,False,False,False,False,1.0,1.0,4.0
5221,522110,35.0,30.0,40.0,F,False,False,False,False,False,True,2.0,2.0,2.0
5221,522111,45.0,40.0,50.0,F,False,False,False,False,False,True,2.0,2.0,2.0
5221,522112,6.0,6.0,,M,True,False,False,False,False,False,1.0,1.0,4.0
5221,522113,6.0,6.0,,F,True,False,False,False,False,False,1.0,1.0,4.0
5221,522114,26.0,26.0,,M,True,False,False,False,False,False,1.0,1.0,4.0
5221,522115,5.0,5.0,,F,True,False,False,False,False,False,1.0,1.0,4.0
5221,522116,24.0,24.0,,M,True,False,False,False,False,False,3.0,,3.0
5221,522117,21.0,21.0,,F,True,False,False,False,False,False,2.0,2.0,3.0
5221,522118,3.0,3.0,,M,True,False,False,False,False,False,2.0,1.0,3.0
5221,522119,16.0,16.0,,M,True,False,False,False,False,False,2.0,2.0,1.0
5221,522120,57.0,50.0,65.0,F,False,False,False,False,False,True,2.0,2.0,2.0
5221,522121,47.0,40.0,55.0,M,False,False,False,False,False,True,1.0,2.0,2.0
5221,522122,43.0,43.0,,F,True,False,False,False,False,False,1.0,1.0,3.0
5221,522123,77.0,77.0,,F,False,False,False,False,False,True,2.0,1.0,3.0
5221,522124,47.0,47.0,,M,True,False,False,False,False,False,1.0,1.0,3.0
5221,522125,42.0,42.0,,M,True,False,False,False,False,False,1.0,1.0,3.0
5222,522201,25.0,20.0,30.0,F,False,False,False,False,False,True,2.0,2.0,2.0
5222,522202,42.0,42.0,,F,True,False,False,False,False,False,2.0,2.0,4.0
5222,522203,45.0,40.0,50.0,F,True,False,False,False,False,False,2.0,2.0,1.0
5222,522204,35.0,30.0,40.0,M,False,False,False,False,False,True,3.0,2.0,1.0
5222,522205,8.0,8.0,,F,True,False,False,False,False,False,1.0,1.0,5.0
5222,522206,18.0,16.0,20.0,M,True,False,False,False,False,False,2.0,1.0,1.0
5222,522207,8.0,8.0,,F,True,False,False,False,False,False,1.0,1.0,5.0
5222,522208,72.0,72.0,,F,False,False,False,False,False,True,2.0,1.0,3.0
5222,522209,40.0,40.0,,M,True,False,False,False,False,False,3.0,2.0,3.0
5222,522210,8.0,8.0,,F,True,False,False,False,False,False,1.0,1.0,5.0
5222,522211,50.0,40.0,60.0,F,False,False,False,False,False,True,2.0,1.0,1.0
5222,522212,46.0,46.0,,M,True,False,False,False,False,False,1.0,1.0,4.0
5222,522213,11.0,11.0,,M,False,False,False,False,False,True,2.0,1.0,2.0
5222,522214,62.0,62.0,,F,True,False,False,False,False,False,3.0,2.0,5.0
5222,522215,46.0,46.0,,M,True,False,False,False,False,False,1.0,2.0,4.0
5222,522216,8.0,8.0,,F,True,False,False,False,False,False,1.0,1.0,5.0
5222,522217,42.0,42.0,,M,True,False,False,False,False,False,2.0,2.0,3.0
5222,522218,62.0,62.0,,F,True,False,False,False,False,False,3.0,1.0,5.0
5222,522219,68.0,68.0,,M,True,False,False,False,False,False,3.0,1.0,5.0
5222,522220,8.0,8.0,,F,True,False,False,False,False,False,1.0,1.0,5.0
5222,522221,46.0,46.0,,M,True,False,False,False,False,False,1.0,1.0,4.0
5222,522222,8.0,8.0,,F,True,False,False,False,False,False,1.0,2.0,2.0
5222,522223,30.0,25.0,35.0,F,False,False,False,False,False,True,2.0,2.0,1.0
5222,522224,68.0,68.0,,M,True,False,False,False,False,False,3.0,2.0,5.0
5223,522301,48.0,48.0,,M,True,False,False,False,False,False,1.0,2.0,4.0
5223,522302,55.0,50.0,60.0,M,False,False,False,False,False,True,1.0,2.0,5.0
5223,522303,35.0,30.0,40.0,M,False,False,False,False,False,True,1.0,2.0,5.0
5223,522304,45.0,40.0,50.0,M,False,False,False,False,False,True,1.0,2.0,5.0
5223,522305,46.0,46.0,,F,True,False,False,False,False,False,1.0,2.0,4.0
5223,522306,35.0,30.0,40.0,M,False,False,False,False,False,True,1.0,2.0,5.0
5223,522307,47.0,45.0,50.0,M,False,False,False,False,False,True,1.0,2.0,5.0
5223,522308,55.0,50.0,60.0,M,False,False,False,False,False,True,1.0,2.0,5.0
5223,522309,45.0,40.0,50.0,M,False,False,False,False,False,True,1.0,2.0,
5223,522310,22.0,22.0,,M,False,False,False,False,False,True,2.0,1.0,4.0
5223,522311,23.0,23.0,,M,False,False,False,False,False,True,2.0,1.0,4.0
5223,522312,21.0,21.0,,M,False,False,False,False,False,True,2.0,1.0,4.0
5223,522313,22.0,22.0,,M,False,False,False,False,False,True,2.0,1.0,4.0
5223,522314,20.0,20.0,,M,True,False,False,False,False,False,1.0,1.0,3.0
5223,522315,46.0,46.0,,F,True,False,False,False,False,False,1.0,2.0,4.0
5223,522316,23.0,23.0,,M,False,False,False,False,False,True,2.0,1.0,4.0
5223,522317,22.0,22.0,,M,False,False,False,False,False,True,2.0,1.0,4.0
5224,522401,24.0,24.0,,F,False,False,False,False,True,False,2.0,2.0,1.0
5224,522402,50.0,50.0,,F,False,False,False,False,False,True,2.0,2.0,1.0
5224,522403,43.0,43.0,,M,False,False,False,False,False,True,1.0,2.0,1.0
5224,522404,75.0,75.0,,F,False,False,False,False,False,True,2.0,2.0,1.0
5224,522405,50.0,50.0,,M,True,False,False,False,False,False,1.0,2.0,4.0
5224,522406,65.0,65.0,,M,False,False,False,True,False,False,5.0,2.0,1.0
5224,522407,50.0,50.0,,F,False,False,False,True,False,False,2.0,2.0,1.0
5224,522408,65.0,65.0,,F,False,False,False,False,True,False,2.0,2.0,1.0
5224,522409,39.0,39.0,,F,False,False,False,False,True,False,2.0,2.0,3.0
5224,522410,39.0,39.0,,F,True,False,False,False,False,False,2.0,2.0,3.0
5224,522411,40.0,40.0,,F,False,False,False,False,True,False,2.0,2.0,1.0
5224,522412,44.0,44.0,,M,False,False,False,False,True,False,2.0,2.0,1.0
5224,522413,29.0,29.0,,F,False,False,False,True,False,False,2.0,2.0,1.0
5225,522501,26.0,26.0,,F,True,False,False,True,False,False,1.0,1.0,5.0
5225,522502,61.0,61.0,,M,True,False,False,False,False,False,1.0,2.0,4.0
5225,522503,9.0,9.0,,F,True,False,False,True,False,False,1.0,1.0,5.0
5225,522504,3.0,3.0,,F,True,False,False,False,False,False,3.0,1.0,3.0
5226,522601,25.0,25.0,,F,False,False,False,False,True,False,2.0,1.0,3.0
5226,522602,10.0,10.0,,M,False,False,False,False,True,False,2.0,1.0,3.0
5226,522603,12.0,12.0,,F,False,False,False,False,True,False,2.0,1.0,3.0
5226,522604,50.0,50.0,,M,False,False,False,False,True,False,2.0,1.0,3.0
5226,522605,55.0,55.0,,F,False,False,False,False,True,False,2.0,1.0,3.0
5226,522606,18.0,18.0,,M,False,False,False,False,True,False,2.0,1.0,4.0
5226,522607,19.0,19.0,,F,False,False,False,False,True,False,3.0,2.0,2.0
5226,522608,30.0,30.0,,F,False,False,True,False,False,False,2.0,2.0,4.0
5226,522609,30.0,25.0,35.0,F,False,False,True,False,False,False,2.0,2.0,4.0
5226,522610,39.0,39.0,,F,False,False,True,False,False,False,2.0,2.0,4.0
5226,522611,20.0,20.0,,F,False,False,True,False,False,False,2.0,2.0,4.0
5226,522612,21.0,21.0,,M,True,False,False,False,False,False,1.0,1.0,5.0
5226,522613,18.0,18.0,,M,False,False,False,False,False,True,5.0,2.0,1.0
5226,522614,28.0,28.0,,F,False,False,False,False,True,False,2.0,1.0,3.0
5227,522701,52.0,50.0,55.0,M,False,True,False,False,False,False,5.0,2.0,1.0
5227,522702,12.0,12.0,,F,True,False,False,False,False,False,2.0,2.0,1.0
5227,522703,32.0,30.0,35.0,M,False,True,False,False,False,False,4.0,2.0,2.0
5227,522704,32.0,30.0,35.0,F,False,False,False,False,False,False,,2.0,
5227,522705,27.0,25.0,30.0,M,False,True,False,False,False,False,2.0,2.0,3.0
5227,522706,42.0,40.0,45.0,F,False,True,False,False,False,False,2.0,2.0,2.0
5227,522707,22.0,20.0,25.0,F,False,True,False,False,False,False,2.0,2.0,4.0
5227,522708,42.0,42.0,,M,False,True,False,False,False,False,2.0,2.0,4.0
5227,522709,14.0,14.0,,M,True,False,False,False,False,False,1.0,1.0,5.0
5227,522710,12.0,12.0,,F,True,False,False,False,False,False,1.0,1.0,5.0
5227,522711,11.0,11.0,,F,True,False,False,False,False,False,1.0,1.0,5.0
5227,522712,37.0,37.0,,F,True,False,False,False,False,False,1.0,1.0,5.0
5227,522713,9.0,9.0,,M,True,False,False,False,False,False,1.0,1.0,5.0
5227,522714,7.0,7.0,,M,True,False,False,False,False,False,1.0,1.0,5.0
5227,522715,14.0,14.0,,M,True,False,False,False,False,False,2.0,1.0,2.0
5227,522716,41.0,41.0,,M,False,True,False,False,False,False,2.0,2.0,3.0
5228,522801,40.0,40.0,,M,False,True,False,False,False,False,1.0,2.0,5.0
5228,522802,18.0,18.0,,M,True,False,False,False,False,False,2.0,2.0,5.0
5228,522803,23.0,23.0,,F,False,False,False,False,False,True,2.0,1.0,3.0
5228,522804,18.0,18.0,,M,False,False,False,False,True,False,2.0,2.0,4.0
5228,522805,36.0,36.0,,F,False,True,False,False,False,False,1.0,2.0,4.0
5228,522806,29.0,29.0,,M,False,True,False,False,False,False,1.0,2.0,5.0
5228,522807,35.0,35.0,,M,False,True,False,False,False,False,1.0,2.0,5.0
5228,522808,21.0,21.0,,F,True,False,False,False,False,False,1.0,1.0,5.0
5228,522809,16.0,16.0,,M,False,False,False,False,True,False,2.0,1.0,4.0
5229,522901,48.0,48.0,,F,False,True,False,False,False,False,1.0,2.0,2.0
5229,522902,45.0,40.0,50.0,F,False,False,False,False,False,True,1.0,2.0,1.0
5229,522903,15.0,15.0,,F,False,True,False,False,False,False,1.0,1.0,2.0
5229,522904,14.0,14.0,,M,False,True,False,False,False,False,1.0,2.0,2.0
5229,522905,14.0,14.0,,F,False,True,False,False,False,False,1.0,2.0,2.0
5229,522906,37.0,35.0,40.0,F,False,False,False,False,False,True,5.0,1.0,2.0
5229,522907,37.0,35.0,40.0,F,False,True,False,False,False,False,2.0,2.0,1.0
5229,522908,49.0,49.0,,M,True,False,True,False,False,False,1.0,1.0,3.0
5229,522909,43.0,43.0,,F,False,False,False,False,False,True,2.0,1.0,2.0
5229,522910,35.0,30.0,40.0,F,False,True,False,False,False,False,1.0,2.0,3.0
5229,522911,42.0,40.0,45.0,M,False,True,False,False,False,False,2.0,2.0,1.0
5229,522912,72.0,70.0,75.0,M,False,True,False,False,False,False,2.0,2.0,1.0
5229,522913,62.0,60.0,65.0,M,False,True,False,False,False,False,2.0,2.0,1.0
5229,522914,14.0,14.0,,F,False,True,False,False,False,False,1.0,2.0,2.0
5229,522915,18.0,18.0,,M,True,False,False,False,False,False,1.0,1.0,4.0
5229,522916,14.0,14.0,,F,True,False,False,False,False,False,1.0,1.0,5.0
5229,522917,52.0,50.0,55.0,F,False,True,False,False,False,False,1.0,2.0,2.0
5229,522918,36.0,36.0,,F,False,True,False,False,False,False,1.0,1.0,3.0
5230,523001,37.0,35.0,40.0,F,False,False,False,False,False,True,5.0,2.0,3.0
5230,523002,54.0,54.0,,F,False,False,False,False,False,True,1.0,2.0,4.0
5230,523003,60.0,58.0,62.0,M,False,False,False,False,False,True,2.0,2.0,1.0
5230,523004,42.0,40.0,45.0,F,False,False,False,False,False,True,2.0,2.0,1.0
5230,523005,55.0,55.0,,F,False,False,False,False,False,True,2.0,2.0,3.0
5230,523006,42.0,40.0,45.0,F,False,False,False,False,False,True,2.0,2.0,3.0
5230,523007,37.0,35.0,40.0,F,False,False,False,False,False,True,3.0,2.0,1.0
5230,523008,37.0,35.0,40.0,F,False,False,False,False,False,True,2.0,2.0,3.0
5230,523009,67.0,65.0,70.0,F,False,False,True,False,False,False,1.0,2.0,2.0
5230,523010,40.0,40.0,,M,True,False,False,False,False,False,1.0,2.0,1.0
5230,523011,6.0,6.0,,M,True,False,False,False,False,False,1.0,1.0,5.0
5230,523012,59.0,59.0,,M,False,False,False,False,False,True,1.0,,4.0
5230,523013,8.0,8.0,,M,True,False,False,False,False,False,1.0,1.0,5.0
5230,523014,57.0,55.0,60.0,F,False,False,True,False,False,False,2.0,2.0,1.0
5230,523015,34.0,34.0,,M,True,False,False,False,False,False,1.0,1.0,5.0
5230,523016,32.0,30.0,35.0,F,False,False,False,False,False,True,5.0,2.0,2.0
5230,523017,37.0,35.0,40.0,F,False,False,True,False,False,False,2.0,2.0,1.0
5230,523018,40.0,40.0,,F,False,False,True,False,False,False,1.0,2.0,1.0
5230,523019,40.0,40.0,,F,False,False,True,False,False,False,1.0,,1.0
5230,523020,37.0,35.0,40.0,F,False,False,True,False,False,False,1.0,2.0,2.0
5231,523101,70.0,70.0,,M,False,False,False,False,False,True,2.0,2.0,1.0
5231,523102,50.0,50.0,,M,False,False,False,False,False,True,5.0,2.0,1.0
5231,523103,50.0,50.0,,M,False,False,False,False,False,True,4.0,2.0,1.0
5231,523104,25.0,25.0,,F,False,False,False,False,False,True,2.0,2.0,1.0
5231,523105,25.0,25.0,,F,False,False,False,False,False,True,2.0,2.0,1.0
5231,523106,25.0,25.0,,F,False,False,False,False,False,True,1.0,2.0,2.0
5231,523107,28.0,28.0,,F,False,False,False,False,False,True,1.0,2.0,3.0
5231,523108,25.0,25.0,,M,False,False,False,False,False,True,1.0,2.0,1.0
5231,523109,25.0,25.0,,F,False,False,False,False,False,True,1.0,2.0,1.0
5231,523110,60.0,60.0,,M,False,False,False,False,False,True,3.0,2.0,1.0
5231,523111,70.0,70.0,,M,False,False,False,False,False,True,2.0,2.0,2.0
5231,523112,70.0,70.0,,F,False,False,False,False,False,True,5.0,2.0,1.0
5231,523113,60.0,60.0,,F,False,False,False,False,False,True,2.0,2.0,2.0
5232,523201,37.0,35.0,40.0,M,True,False,False,False,False,False,1.0,1.0,2.0
5232,523202,3.0,3.0,,F,True,False,False,False,False,False,2.0,1.0,2.0
5232,523203,52.0,50.0,55.0,F,True,False,False,False,False,False,1.0,1.0,2.0
5232,523204,12.0,12.0,,M,False,False,False,False,False,True,2.0,2.0,2.0
5232,523205,9.0,9.0,,M,True,False,False,False,False,False,2.0,2.0,2.0
5232,523206,42.0,40.0,45.0,M,False,False,False,False,True,False,2.0,1.0,4.0
5232,523207,67.0,65.0,70.0,M,True,False,False,False,False,False,2.0,2.0,2.0
5232,523208,32.0,30.0,35.0,F,True,False,False,False,False,False,1.0,,3.0
5232,523209,52.0,50.0,55.0,M,True,False,False,False,False,False,1.0,,4.0
5232,523210,57.0,55.0,60.0,F,True,False,False,False,False,False,1.0,2.0,3.0
5232,523211,32.0,30.0,35.0,F,False,False,False,False,False,True,4.0,1.0,2.0
5232,523212,57.0,55.0,60.0,M,False,False,False,False,False,True,3.0,2.0,2.0
5232,523213,42.0,40.0,45.0,M,False,False,False,False,False,True,4.0,2.0,2.0
5232,523214,9.0,9.0,,M,True,False,False,False,False,False,1.0,1.0,4.0
5232,523215,51.0,51.0,,F,True,False,False,False,False,False,1.0,1.0,5.0
5232,523216,42.0,40.0,45.0,F,False,False,False,False,False,True,3.0,,1.0
5233,523301,20.0,20.0,,F,False,False,False,False,True,False,1.0,1.0,4.0
5233,523302,80.0,75.0,85.0,F,True,False,False,False,False,False,1.0,1.0,4.0
5233,523303,27.0,25.0,30.0,F,False,False,False,False,True,False,5.0,2.0,2.0
5233,523304,22.0,20.0,25.0,F,False,False,False,False,True,False,2.0,1.0,3.0
5233,523305,23.0,22.0,25.0,M,False,False,False,False,True,False,2.0,1.0,5.0
5233,523306,45.0,40.0,50.0,F,False,False,False,False,False,True,5.0,,4.0
5233,523307,67.0,66.0,68.0,M,True,False,False,False,False,False,1.0,2.0,3.0
5233,523308,58.0,56.0,60.0,F,True,False,False,False,False,False,1.0,1.0,5.0
5233,523309,26.0,26.0,,M,False,False,False,False,True,False,2.0,2.0,4.0
5233,523310,18.0,18.0,,M,False,False,False,False,True,False,2.0,2.0,5.0
5233,523311,45.0,40.0,50.0,M,False,False,False,False,False,True,5.0,2.0,1.0
5233,523312,26.0,26.0,,M,False,False,False,False,True,False,1.0,1.0,4.0
5234,523401,47.0,47.0,,M,False,True,False,False,False,False,2.0,2.0,4.0
5234,523402,85.0,85.0,,F,True,False,False,False,False,False,1.0,1.0,3.0
5234,523403,53.0,53.0,,F,True,False,False,False,False,False,1.0,1.0,5.0
5234,523404,83.0,83.0,,M,True,False,False,False,False,False,1.0,1.0,3.0
5234,523405,40.0,40.0,,M,False,True,False,False,False,False,2.0,2.0,3.0
5234,523406,48.0,48.0,,M,True,False,False,False,False,False,3.0,2.0,3.0
5234,523407,75.0,75.0,,M,True,False,False,False,False,False,2.0,2.0,2.0
5235,523501,57.0,55.0,60.0,F,False,False,False,False,False,True,3.0,2.0,1.0
5235,523502,62.0,60.0,65.0,F,False,False,False,False,False,True,4.0,2.0,1.0
5235,523503,19.0,17.0,22.0,F,False,False,False,False,False,True,3.0,,2.0
5235,523504,62.0,60.0,65.0,M,False,False,False,False,False,True,4.0,2.0,1.0
5235,523505,62.0,60.0,65.0,F,False,False,False,False,False,True,3.0,2.0,1.0
5235,523506,45.0,40.0,50.0,F,False,False,False,False,False,True,2.0,,1.0
5235,523507,57.0,55.0,60.0,M,False,False,False,False,False,True,3.0,2.0,1.0
5235,523508,67.0,67.0,,F,False,False,False,False,False,True,4.0,2.0,2.0
5235,523509,67.0,67.0,,F,False,False,False,False,False,True,4.0,1.0,2.0
5235,523510,42.0,40.0,45.0,F,False,False,False,False,False,True,2.0,2.0,1.0
5235,523511,30.0,25.0,35.0,F,False,False,False,False,False,True,,2.0,1.0
5235,523512,65.0,65.0,,F,True,False,False,False,False,False,1.0,1.0,5.0
5235,523513,62.0,60.0,65.0,F,False,False,False,False,False,True,3.0,2.0,2.0
5235,523514,62.0,60.0,65.0,M,False,False,False,False,False,True,2.0,2.0,1.0
5236,523601,62.0,60.0,65.0,F,False,False,True,False,False,False,4.0,2.0,1.0
5236,523602,2.0,2.0,,M,True,False,False,False,False,False,2.0,1.0,5.0
5236,523603,32.0,30.0,35.0,F,False,False,True,False,False,False,1.0,2.0,1.0
5236,523604,2.0,2.0,,M,False,False,True,False,False,False,1.0,1.0,1.0
5236,523605,47.0,45.0,50.0,F,False,False,True,False,False,False,1.0,2.0,2.0
5236,523606,32.0,30.0,35.0,F,False,False,True,False,False,False,1.0,2.0,2.0
5236,523607,28.0,28.0,,F,True,False,False,False,False,False,2.0,2.0,2.0
5236,523608,55.0,50.0,60.0,F,False,False,True,False,False,False,2.0,2.0,1.0
5236,523609,42.0,40.0,45.0,F,False,False,True,False,False,False,1.0,2.0,2.0
5236,523610,83.0,80.0,86.0,M,False,False,False,False,False,True,1.0,2.0,2.0
5236,523611,50.0,50.0,,F,False,False,True,False,False,False,1.0,2.0,3.0
5236,523612,21.0,21.0,22.0,F,True,False,False,False,False,False,1.0,1.0,4.0
5236,523613,8.0,8.0,9.0,F,True,False,False,False,False,False,1.0,1.0,4.0
5236,523614,7.0,7.0,8.0,M,True,False,False,False,False,False,1.0,1.0,5.0
5236,523615,3.0,3.0,4.0,M,True,False,False,False,False,False,1.0,1.0,5.0
5236,523616,30.0,30.0,,F,True,False,False,False,False,False,1.0,2.0,2.0
5236,523617,58.0,58.0,59.0,M,True,False,False,False,False,False,1.0,1.0,3.0
5236,523618,60.0,60.0,,M,True,False,False,False,False,False,4.0,1.0,1.0
5236,523619,36.0,35.0,38.0,F,True,False,False,False,False,False,1.0,2.0,2.0
5237,523701,39.0,39.0,,M,False,False,False,False,True,False,3.0,2.0,5.0
5237,523702,15.0,15.0,,F,False,False,False,False,True,False,3.0,2.0,5.0
5237,523703,13.0,13.0,,F,False,False,False,False,True,False,3.0,2.0,5.0
5237,523704,7.0,7.0,,M,False,False,False,False,True,False,3.0,2.0,5.0
5237,523705,15.0,15.0,16.0,M,False,False,False,False,True,False,5.0,2.0,4.0
5237,523706,15.0,15.0,16.0,M,False,False,False,False,True,False,4.0,2.0,1.0
5237,523707,15.0,15.0,16.0,M,False,False,False,False,True,False,5.0,2.0,2.0
5237,523708,35.0,35.0,,F,False,False,False,False,True,False,3.0,1.0,5.0
5237,523709,11.0,11.0,,M,True,False,False,False,True,False,1.0,1.0,5.0
5237,523710,35.0,30.0,40.0,F,False,False,False,False,False,True,5.0,2.0,1.0
5237,523711,32.0,32.0,,M,False,True,False,False,False,False,1.0,2.0,2.0
5237,523712,30.0,30.0,,M,False,True,False,False,False,False,1.0,2.0,2.0
5237,523713,27.0,27.0,,M,False,True,False,False,False,False,1.0,2.0,2.0
5237,523714,45.0,45.0,,F,False,True,False,False,False,False,1.0,2.0,2.0
5237,523715,30.0,30.0,,M,True,False,False,False,True,True,1.0,1.0,4.0
5237,523716,34.0,34.0,,F,False,True,False,False,False,False,1.0,2.0,3.0
5237,523717,57.0,57.0,,F,False,True,False,False,False,False,1.0,2.0,3.0
5237,523718,35.0,30.0,40.0,F,False,False,False,False,False,True,5.0,2.0,1.0
5238,523801,52.0,50.0,55.0,M,False,False,False,False,False,True,5.0,2.0,1.0
5238,523802,47.0,45.0,50.0,M,False,False,False,False,False,True,3.0,2.0,3.0
5238,523803,42.0,40.0,45.0,F,False,False,False,False,False,True,5.0,2.0,1.0
5238,523804,57.0,55.0,60.0,M,False,False,False,False,False,True,4.0,2.0,1.0
5238,523805,67.0,65.0,70.0,F,False,False,False,False,False,True,3.0,1.0,2.0
5238,523806,27.0,25.0,30.0,F,False,False,False,False,False,True,5.0,2.0,2.0
5238,523807,19.0,19.0,,F,False,False,False,False,False,True,3.0,2.0,2.0
5238,523808,57.0,55.0,60.0,F,False,False,False,False,False,True,5.0,2.0,2.0
5238,523809,53.0,50.0,56.0,F,True,False,False,False,False,False,1.0,2.0,3.0
5238,523810,40.0,40.0,,M,True,False,False,False,False,False,1.0,1.0,3.0
5238,523811,67.0,65.0,70.0,M,False,False,False,False,False,True,3.0,2.0,2.0
5238,523812,48.0,48.0,,F,False,False,False,False,False,True,2.0,2.0,3.0
5239,523901,52.0,52.0,,M,False,True,False,False,False,False,1.0,2.0,1.0
5239,523902,57.0,55.0,60.0,F,False,True,False,False,False,False,5.0,1.0,3.0
5239,523903,20.0,20.0,,M,False,True,False,False,False,False,1.0,2.0,1.0
5239,523904,27.0,25.0,30.0,M,False,True,False,False,False,False,1.0,2.0,2.0
5239,523905,18.0,18.0,,M,False,True,False,False,False,False,1.0,2.0,1.0
5239,523906,22.0,20.0,25.0,M,False,True,False,False,False,False,1.0,2.0,1.0
5239,523907,54.0,54.0,,M,False,True,False,False,False,False,1.0,2.0,3.0
5239,523908,48.0,48.0,,M,False,True,False,False,False,False,1.0,2.0,3.0
5239,523909,48.0,48.0,,F,True,False,False,False,False,False,1.0,1.0,5.0
5239,523910,22.0,22.0,,F,True,False,False,False,False,False,1.0,1.0,4.0
5239,523911,14.0,14.0,,F,True,False,False,False,False,False,1.0,1.0,4.0
5239,523912,45.0,40.0,50.0,F,False,True,False,False,False,False,5.0,1.0,2.0
5239,523913,27.0,25.0,30.0,M,False,True,False,False,False,False,1.0,2.0,1.0
5240,524001,38.0,38.0,,F,False,False,False,False,False,False,1.0,2.0,
5240,524002,45.0,45.0,,F,False,False,False,False,False,False,2.0,,
5240,524003,26.0,26.0,,F,False,False,False,False,False,False,4.0,,
5240,524004,38.0,38.0,,F,False,False,False,False,False,False,2.0,2.0,
5240,524005,42.0,42.0,,M,False,False,False,False,False,False,1.0,2.0,
5240,524006,36.0,36.0,,F,False,False,False,False,False,False,1.0,2.0,
5240,524007,58.0,58.0,,F,False,False,False,False,False,False,1.0,2.0,
5240,524008,25.0,25.0,,M,False,False,False,False,False,False,1.0,1.0,
5240,524009,55.0,50.0,60.0,M,True,False,False,False,False,False,1.0,1.0,
5240,524010,21.0,21.0,,M,False,False,False,False,False,False,1.0,1.0,
5240,524011,52.0,52.0,,F,False,False,False,False,False,False,1.0,2.0,
5241,524101,30.0,30.0,,M,False,False,False,False,False,True,4.0,2.0,1.0
5241,524102,51.0,51.0,,F,True,False,False,False,False,False,1.0,1.0,5.0
5241,524103,25.0,25.0,,F,False,False,False,False,False,True,2.0,2.0,1.0
5241,524104,80.0,80.0,,F,False,False,False,False,False,True,1.0,2.0,1.0
5242,524201,20.0,20.0,,M,False,False,False,False,True,False,2.0,,4.0
5242,524202,18.0,18.0,,M,False,False,False,False,True,False,2.0,,4.0
5242,524203,4.0,4.0,,F,True,False,False,False,False,False,2.0,2.0,4.0
5242,524204,17.0,17.0,,M,False,False,False,False,True,False,2.0,2.0,4.0
5243,524301,60.0,60.0,,F,True,False,False,False,False,False,3.0,1.0,1.0
5243,524302,16.0,16.0,,F,True,False,False,False,False,False,1.0,1.0,5.0
5243,524303,47.0,47.0,,F,False,False,False,False,True,False,1.0,2.0,3.0
5243,524304,24.0,24.0,,,False,False,False,False,False,True,2.0,,2.0
5243,524305,10.0,10.0,,M,False,False,False,False,False,True,2.0,,2.0
5243,524306,17.0,17.0,,M,False,False,False,False,True,False,1.0,1.0,5.0
5243,524307,26.0,26.0,,M,True,False,False,False,False,True,1.0,,4.0
5243,524308,21.0,21.0,,F,False,True,False,False,False,False,1.0,1.0,4.0
5243,524309,21.0,21.0,,F,False,False,False,False,False,False,2.0,2.0,
5243,524310,39.0,39.0,,M,False,True,False,False,False,False,2.0,1.0,3.0
5243,524311,48.0,48.0,,M,False,False,False,False,False,False,1.0,2.0,4.0
5243,524312,51.0,51.0,,F,False,True,False,False,False,False,1.0,2.0,5.0
5244,524401,17.0,17.0,,M,True,True,False,False,False,False,2.0,1.0,5.0
5244,524402,35.0,30.0,40.0,F,False,False,False,False,False,True,5.0,2.0,1.0
5244,524403,25.0,20.0,30.0,M,False,False,False,False,False,True,1.0,1.0,2.0
5244,524404,45.0,40.0,50.0,M,False,False,False,False,False,True,5.0,1.0,1.0
5244,524405,25.0,20.0,30.0,M,False,False,False,False,False,True,5.0,2.0,1.0
5244,524406,35.0,30.0,40.0,F,False,False,False,False,False,True,5.0,2.0,2.0
5244,524407,9.0,9.0,,M,True,False,False,False,False,False,1.0,1.0,5.0
5244,524408,7.0,7.0,,M,True,False,False,False,False,False,1.0,1.0,5.0
5244,524409,43.0,43.0,,F,True,False,False,False,False,False,1.0,1.0,5.0
5244,524410,35.0,30.0,40.0,F,False,False,False,False,False,True,5.0,1.0,2.0
5245,524501,32.0,32.0,,M,False,False,False,False,False,True,4.0,2.0,4.0
5245,524502,30.0,30.0,,F,True,False,False,False,False,False,1.0,2.0,3.0
5245,524503,21.0,21.0,,F,True,False,False,False,False,False,2.0,2.0,3.0
5245,524504,23.0,23.0,,M,True,False,False,False,False,False,1.0,2.0,5.0
5245,524505,8.0,8.0,,F,True,False,False,False,False,False,1.0,1.0,3.0
5245,524506,38.0,38.0,,F,True,False,False,False,False,True,4.0,2.0,2.0
5245,524507,60.0,60.0,,M,True,False,False,False,False,False,1.0,1.0,5.0
5246,524601,22.0,20.0,25.0,M,False,False,False,False,True,False,5.0,2.0,2.0
5246,524602,40.0,40.0,,M,True,False,False,False,False,True,1.0,2.0,3.0
5246,524603,64.0,64.0,,F,True,False,False,False,False,False,2.0,1.0,3.0
5246,524604,75.0,75.0,,M,True,False,False,False,False,True,1.0,2.0,3.0
5246,524605,60.0,60.0,,F,True,False,False,False,False,True,1.0,1.0,3.0
5246,524606,32.0,30.0,35.0,F,True,False,False,False,False,True,2.0,2.0,2.0
5246,524607,32.0,30.0,35.0,M,False,False,False,False,False,True,5.0,1.0,2.0
5247,524701,27.0,27.0,,F,False,False,False,False,False,True,4.0,2.0,2.0
5247,524702,71.0,71.0,,M,False,False,False,False,False,True,3.0,1.0,5.0
5247,524703,2.0,2.0,,M,False,False,False,False,False,True,3.0,1.0,2.0
5247,524704,40.0,40.0,,F,False,False,False,False,True,False,3.0,1.0,2.0
5247,524705,25.0,23.0,27.0,M,False,False,False,False,False,True,3.0,2.0,3.0
5247,524706,18.0,18.0,,M,True,False,False,False,False,False,4.0,1.0,4.0
5247,524707,19.0,19.0,,M,False,False,False,False,True,False,3.0,2.0,1.0
5247,524708,32.0,32.0,,F,False,False,False,False,False,True,2.0,2.0,2.0
5247,524709,20.0,20.0,,F,False,False,False,False,True,False,2.0,2.0,5.0
5247,524710,17.0,17.0,,F,False,False,False,False,True,False,4.0,2.0,5.0
5247,524711,22.0,22.0,,F,False,False,False,False,True,False,2.0,2.0,5.0
5247,524712,24.0,24.0,,F,False,False,False,False,True,False,3.0,1.0,5.0
5247,524713,62.0,62.0,,F,False,False,False,False,False,False,3.0,1.0,
5247,524714,24.0,24.0,,F,False,False,False,True,True,False,2.0,1.0,4.0
5247,524715,19.0,19.0,,F,True,False,False,True,True,False,1.0,1.0,4.0
5247,524716,15.0,15.0,,M,False,False,False,True,False,False,4.0,2.0,1.0
5247,524717,7.0,7.0,,M,False,False,False,False,False,True,3.0,2.0,1.0
5247,524718,0.0,0.0,,F,True,False,False,True,True,False,1.0,1.0,5.0
5247,524719,22.0,22.0,,M,False,False,False,False,True,True,2.0,1.0,5.0
5247,524720,20.0,20.0,,M,False,False,False,True,True,False,3.0,2.0,5.0
5247,524721,26.0,26.0,,M,False,False,False,True,False,False,4.0,2.0,2.0
5247,524722,21.0,21.0,,M,False,False,False,True,True,True,2.0,2.0,5.0
5247,524723,42.0,42.0,,F,True,False,False,False,False,False,1.0,1.0,5.0
5247,524724,52.0,52.0,,M,True,False,False,False,False,False,1.0,1.0,5.0
5247,524725,16.0,16.0,,M,True,False,False,False,False,False,1.0,2.0,5.0
5247,524726,20.0,20.0,,F,False,False,False,True,True,False,3.0,1.0,3.0
5247,524727,22.0,22.0,,M,True,False,False,False,True,False,1.0,2.0,3.0
5247,524728,32.0,32.0,,M,False,False,False,True,True,False,2.0,2.0,3.0
5247,524729,20.0,20.0,,M,False,False,False,True,True,False,2.0,2.0,5.0
5248,524801,4.0,4.0,,M,True,False,False,False,False,False,1.0,2.0,3.0
5248,524802,18.0,18.0,,M,True,False,False,False,False,True,2.0,2.0,4.0
5248,524803,7.0,7.0,,F,True,False,False,False,False,False,1.0,2.0,3.0
5248,524804,9.0,9.0,,M,True,False,False,False,False,False,1.0,2.0,3.0
5248,524805,45.0,45.0,,F,True,False,False,False,False,False,1.0,2.0,2.0
5248,524806,32.0,32.0,,F,True,False,False,False,False,False,1.0,2.0,3.0
5249,524901,18.0,18.0,,F,True,False,False,False,False,False,3.0,1.0,4.0
5249,524902,22.0,20.0,25.0,F,False,False,False,False,True,False,5.0,1.0,1.0
5249,524903,35.0,35.0,,M,True,False,False,False,False,False,2.0,2.0,1.0
5249,524904,16.0,16.0,,M,True,False,False,False,False,False,1.0,2.0,5.0
5249,524905,27.0,25.0,30.0,M,False,False,False,True,False,False,5.0,2.0,2.0
5249,524906,34.0,34.0,,M,True,False,False,False,False,False,2.0,2.0,1.0
5249,524907,33.0,33.0,,M,True,False,False,False,False,False,1.0,1.0,5.0
5249,524908,17.0,17.0,,F,False,False,False,False,True,False,3.0,2.0,4.0
5249,524909,29.0,29.0,,F,True,False,False,False,False,False,3.0,2.0,4.0
5249,524910,43.0,43.0,,F,False,False,False,False,True,False,3.0,2.0,4.0
5249,524911,36.0,36.0,,F,False,False,False,False,True,False,3.0,1.0,4.0
5249,524912,7.0,7.0,,F,False,False,False,False,True,False,3.0,2.0,4.0
5249,524913,8.0,8.0,,F,True,False,False,False,False,False,1.0,1.0,5.0
5249,524914,4.0,4.0,,F,False,False,False,False,False,True,1.0,1.0,4.0
5250,525001,32.0,30.0,35.0,M,False,False,False,False,False,True,3.0,2.0,2.0
5250,525002,52.0,50.0,55.0,F,False,False,False,False,False,True,2.0,1.0,3.0
5250,525003,14.0,14.0,,F,True,False,False,False,False,False,1.0,2.0,2.0
5250,525004,14.0,14.0,,F,True,False,False,False,False,False,1.0,2.0,2.0
5250,525005,32.0,30.0,35.0,F,False,False,False,False,False,True,2.0,1.0,1.0
5250,525006,47.0,45.0,50.0,M,False,False,False,False,False,True,2.0,2.0,2.0
5250,525007,47.0,45.0,50.0,M,False,False,False,False,False,True,2.0,1.0,3.0
5250,525008,42.0,40.0,45.0,F,False,False,False,False,False,True,2.0,2.0,2.0
5250,525009,32.0,30.0,35.0,M,True,False,False,False,False,False,1.0,2.0,1.0
5250,525010,35.0,35.0,,F,True,False,False,False,True,True,1.0,1.0,5.0
5250,525011,15.0,15.0,,M,True,False,False,False,False,False,1.0,1.0,5.0
5250,525012,14.0,14.0,,F,True,False,False,False,False,False,1.0,1.0,5.0
5250,525013,12.0,12.0,,M,True,False,False,False,False,False,1.0,1.0,5.0
5250,525014,10.0,10.0,,M,True,False,False,False,False,True,1.0,1.0,5.0
5250,525015,9.0,9.0,,F,True,False,False,False,False,True,1.0,1.0,5.0
5250,525016,31.0,31.0,,M,False,False,False,False,False,True,2.0,1.0,3.0
5250,525017,47.0,45.0,50.0,F,False,False,False,False,False,True,1.0,1.0,1.0
5251,525101,30.0,30.0,,M,True,False,False,False,False,False,1.0,1.0,5.0
5251,525102,2.0,2.0,,M,False,False,False,False,False,True,2.0,1.0,3.0
5251,525103,21.0,21.0,,F,False,False,False,False,False,True,2.0,1.0,3.0
5251,525104,42.0,40.0,45.0,M,False,False,False,True,False,False,2.0,2.0,1.0
5251,525105,32.0,30.0,35.0,F,False,False,False,False,False,True,2.0,2.0,1.0
5251,525106,70.0,70.0,,F,False,False,False,False,False,True,2.0,1.0,3.0
5251,525107,23.0,23.0,,F,False,False,False,False,True,False,2.0,1.0,4.0
5251,525108,45.0,40.0,50.0,M,True,False,False,False,False,False,5.0,2.0,1.0
5252,525201,17.0,15.0,20.0,M,True,False,False,False,False,False,1.0,1.0,5.0
5252,525202,72.0,70.0,75.0,M,True,False,False,False,False,False,1.0,1.0,5.0
5253,525301,52.0,50.0,55.0,M,True,False,False,False,False,False,4.0,2.0,1.0
5253,525302,41.0,40.0,42.0,M,False,False,False,False,False,True,3.0,2.0,1.0
5253,525303,34.0,34.0,,M,True,False,False,False,False,False,1.0,2.0,4.0
5253,525304,58.0,57.0,60.0,F,False,False,False,False,False,True,3.0,2.0,1.0
5253,525305,29.0,28.0,30.0,F,False,False,False,False,False,True,3.0,2.0,1.0
5254,525401,24.0,24.0,,F,True,False,False,False,False,False,1.0,1.0,4.0
5254,525402,29.0,29.0,,F,True,False,False,False,False,False,2.0,1.0,3.0
5255,525501,30.0,30.0,,F,False,False,False,True,False,False,1.0,2.0,4.0
5255,525502,40.0,40.0,,F,False,False,True,False,False,False,2.0,2.0,1.0
5255,525503,36.0,36.0,,F,False,True,False,False,False,False,2.0,2.0,2.0
5255,525504,30.0,30.0,,F,False,True,False,False,False,False,2.0,2.0,2.0
5255,525505,44.0,44.0,,F,True,False,False,False,False,False,2.0,1.0,3.0
5255,525506,39.0,39.0,,M,True,False,False,False,False,False,1.0,2.0,4.0
5255,525507,3.0,3.0,,M,True,False,False,False,False,False,1.0,2.0,4.0
5255,525508,8.0,8.0,,M,True,False,False,False,False,False,1.0,1.0,5.0
5255,525509,6.0,6.0,,M,True,False,False,False,False,False,1.0,1.0,5.0
5255,525510,9.0,9.0,,M,True,False,False,True,False,False,1.0,2.0,3.0
5256,525601,20.0,20.0,,F,False,False,False,True,False,False,1.0,2.0,4.0
5256,525602,21.0,21.0,,F,True,False,False,False,False,False,1.0,1.0,5.0
5256,525603,5.0,5.0,,M,True,False,False,False,False,False,1.0,1.0,5.0
5256,525604,2.0,2.0,,F,True,False,False,False,False,False,1.0,1.0,5.0
5256,525605,3.0,3.0,,M,False,False,False,True,False,False,1.0,1.0,4.0
5257,525701,48.0,48.0,,F,False,False,False,False,False,True,2.0,2.0,1.0
5257,525702,22.0,20.0,25.0,F,False,False,False,False,False,True,5.0,2.0,1.0
5257,525703,32.0,30.0,35.0,M,True,False,False,False,False,False,5.0,2.0,2.0
5257,525704,42.0,40.0,45.0,M,True,False,False,False,False,False,2.0,2.0,1.0
5257,525705,33.0,33.0,,M,True,False,False,False,False,False,1.0,2.0,3.0
5257,525706,81.0,81.0,,F,False,False,False,False,False,True,1.0,1.0,4.0
5257,525707,37.0,35.0,40.0,F,True,False,False,False,False,False,1.0,2.0,2.0
5257,525708,54.0,54.0,,F,True,False,False,False,False,False,1.0,1.0,5.0
5257,525709,67.0,65.0,70.0,M,True,False,False,False,False,False,4.0,2.0,2.0
5258,525801,13.0,13.0,,M,True,False,False,False,False,False,1.0,1.0,5.0
5258,525802,27.0,25.0,30.0,,False,False,False,False,False,True,5.0,2.0,3.0
5258,525803,50.0,50.0,,M,True,False,False,False,False,False,2.0,2.0,4.0
5258,525804,52.0,50.0,55.0,F,True,False,False,False,False,False,2.0,1.0,4.0
5258,525805,32.0,30.0,35.0,F,False,False,False,False,False,True,4.0,2.0,1.0
5258,525806,42.0,40.0,45.0,M,False,False,False,False,False,True,4.0,1.0,2.0
5258,525807,33.0,33.0,,F,True,False,False,False,False,False,1.0,2.0,2.0
5258,525808,32.0,32.0,,F,True,False,False,False,False,False,1.0,1.0,5.0
5258,525809,32.0,30.0,35.0,F,False,False,False,False,False,True,4.0,2.0,1.0
5259,525901,25.0,20.0,30.0,M,False,True,False,False,False,False,5.0,1.0,1.0
5259,525902,17.0,15.0,20.0,M,False,True,False,False,False,False,5.0,2.0,2.0
5259,525903,55.0,50.0,60.0,F,False,True,False,False,False,False,3.0,1.0,1.0
5259,525904,31.0,30.0,33.0,F,False,True,False,False,False,False,5.0,1.0,2.0
5259,525905,21.0,18.0,25.0,M,False,True,False,False,False,False,5.0,1.0,2.0
5259,525906,35.0,30.0,40.0,M,False,False,False,True,False,False,1.0,2.0,1.0
5259,525907,52.0,50.0,55.0,F,False,False,False,False,False,True,2.0,1.0,1.0
5259,525908,42.0,40.0,45.0,M,False,True,False,False,False,False,5.0,2.0,2.0
5259,525909,55.0,50.0,60.0,F,False,True,False,False,False,False,5.0,1.0,1.0
5259,525910,42.0,40.0,45.0,F,False,True,False,False,False,False,3.0,1.0,1.0
5259,525911,32.0,30.0,35.0,F,False,True,False,False,False,False,5.0,1.0,2.0
5259,525912,25.0,20.0,30.0,M,False,True,False,False,False,False,1.0,2.0,4.0
5259,525913,25.0,20.0,30.0,M,False,True,False,False,False,False,1.0,2.0,4.0
5259,525914,32.0,30.0,35.0,F,False,True,False,False,False,False,2.0,1.0,4.0
5259,525915,46.0,46.0,,M,False,True,False,False,False,False,1.0,2.0,4.0
5259,525916,12.0,12.0,,M,True,False,False,False,False,False,,1.0,5.0
5259,525917,40.0,40.0,,M,True,False,False,False,False,False,,2.0,2.0
5260,526001,1.0,1.0,,M,False,True,False,False,False,False,2.0,1.0,4.0
5260,526002,57.0,57.0,,F,False,False,False,False,False,True,2.0,1.0,4.0
5260,526003,52.0,50.0,55.0,M,False,True,False,False,False,False,5.0,1.0,3.0
5260,526004,59.0,59.0,,M,False,False,False,False,False,True,2.0,1.0,4.0
5260,526005,25.0,20.0,30.0,F,False,True,False,False,False,False,5.0,,1.0
5260,526006,35.0,30.0,40.0,M,False,True,False,False,False,False,4.0,1.0,3.0
5260,526007,28.0,28.0,,F,True,False,False,False,False,False,1.0,1.0,5.0
5260,526008,2.0,2.0,,M,True,False,False,False,False,False,1.0,1.0,5.0
5260,526009,32.0,32.0,,F,False,False,False,False,False,True,2.0,1.0,4.0
5260,526010,3.0,3.0,,F,False,False,False,False,False,True,2.0,1.0,4.0
5261,526101,18.0,18.0,,F,False,False,False,False,True,False,2.0,1.0,3.0
5261,526102,54.0,50.0,59.0,F,False,True,False,False,False,False,2.0,2.0,1.0
5261,526103,32.0,30.0,35.0,M,False,True,False,False,False,False,2.0,1.0,1.0
5261,526104,19.0,19.0,,M,True,False,False,False,False,False,1.0,1.0,4.0
5261,526105,57.0,55.0,60.0,M,False,True,False,False,False,False,1.0,2.0,5.0
5261,526106,48.0,48.0,,F,True,False,False,False,False,False,1.0,1.0,4.0
5261,526107,13.0,13.0,,F,True,False,False,False,False,False,1.0,1.0,4.0
5261,526108,22.0,22.0,,F,False,True,False,False,False,False,2.0,2.0,4.0
5261,526109,57.0,55.0,60.0,M,False,False,False,False,True,False,1.0,2.0,2.0
5262,526201,55.0,50.0,60.0,M,False,True,False,False,False,False,1.0,2.0,2.0
5262,526202,25.0,20.0,30.0,M,False,True,False,False,False,False,1.0,2.0,3.0
5262,526203,25.0,20.0,30.0,M,False,True,False,False,False,False,1.0,2.0,3.0
5262,526204,35.0,30.0,40.0,M,False,True,False,False,False,False,1.0,2.0,3.0
5262,526205,35.0,30.0,40.0,M,False,True,False,False,False,False,1.0,2.0,4.0
5262,526206,35.0,30.0,40.0,M,False,True,False,False,False,False,1.0,2.0,3.0
5262,526207,45.0,40.0,50.0,F,False,True,False,False,False,False,1.0,2.0,2.0
5262,526208,35.0,30.0,40.0,M,False,True,False,False,False,False,1.0,2.0,3.0
5262,526209,35.0,30.0,40.0,M,False,True,False,False,False,False,1.0,2.0,3.0
5262,526210,56.0,56.0,,F,True,False,False,False,False,False,1.0,1.0,4.0
5262,526211,55.0,50.0,60.0,F,False,True,False,False,False,False,1.0,2.0,2.0
5262,526212,45.0,40.0,50.0,M,False,True,False,False,False,False,1.0,2.0,2.0
5262,526213,35.0,30.0,40.0,M,False,True,False,False,False,False,1.0,2.0,3.0
5262,526214,25.0,20.0,30.0,M,False,True,False,False,False,False,1.0,2.0,3.0
5262,526215,55.0,50.0,60.0,M,False,True,False,False,False,False,1.0,2.0,4.0
5262,526216,45.0,40.0,50.0,M,False,True,False,False,False,False,1.0,2.0,5.0
5262,526217,27.0,27.0,,F,True,False,False,False,False,False,1.0,1.0,4.0
5262,526218,0.0,0.0,1.0,F,True,False,False,False,False,False,1.0,1.0,4.0
5262,526219,6.0,6.0,,M,True,False,False,False,False,False,1.0,1.0,4.0
5262,526220,7.0,7.0,,F,True,False,False,False,False,False,1.0,1.0,4.0
5262,526221,25.0,20.0,30.0,F,False,True,False,False,False,False,1.0,2.0,4.0
5263,526301,57.0,57.0,,F,True,False,False,False,False,False,1.0,1.0,5.0
5263,526302,35.0,30.0,40.0,F,False,False,False,False,True,False,1.0,2.0,4.0
5264,526401,42.0,40.0,45.0,F,False,False,False,False,False,False,5.0,2.0,
5264,526402,37.0,37.0,,M,True,False,False,False,False,False,1.0,1.0,5.0
5264,526403,31.0,31.0,,F,False,False,True,False,False,False,2.0,2.0,2.0
5264,526404,42.0,40.0,45.0,F,False,False,False,False,False,True,3.0,1.0,1.0
5264,526405,10.0,10.0,,M,False,False,True,False,False,False,1.0,1.0,5.0
5264,526406,0.0,0.0,,F,True,False,False,False,False,False,1.0,1.0,5.0
5265,526501,75.0,70.0,80.0,F,True,False,False,False,False,False,3.0,2.0,3.0
5265,526502,84.0,84.0,,F,True,False,False,False,False,False,2.0,1.0,2.0
5265,526503,10.0,10.0,,M,True,False,False,False,False,False,2.0,1.0,3.0
5265,526504,17.0,17.0,,M,True,False,False,False,False,False,2.0,1.0,3.0
5265,526505,41.0,41.0,,M,True,False,False,False,False,False,1.0,2.0,5.0
5265,526506,25.0,20.0,30.0,F,False,False,False,False,False,True,2.0,2.0,1.0
5265,526507,59.0,59.0,,F,False,False,False,False,False,True,2.0,2.0,2.0
5265,526508,45.0,40.0,50.0,M,False,False,False,False,False,True,5.0,2.0,1.0
5265,526509,75.0,70.0,80.0,M,False,False,False,False,False,True,3.0,2.0,2.0
5265,526510,42.0,42.0,,M,True,False,False,False,False,False,1.0,1.0,3.0
5265,526511,15.0,15.0,,M,True,False,False,False,False,False,2.0,1.0,3.0
5266,526601,40.0,40.0,,F,False,True,False,False,False,False,1.0,2.0,5.0
5266,526602,35.0,30.0,40.0,F,False,False,False,False,False,True,5.0,2.0,2.0
5266,526603,60.0,60.0,,F,False,False,False,False,True,False,2.0,2.0,4.0
5266,526604,59.0,59.0,,F,False,False,False,False,True,False,2.0,2.0,4.0
5266,526605,51.0,51.0,,F,False,False,False,False,True,False,2.0,2.0,4.0
5266,526606,45.0,40.0,50.0,M,False,False,False,False,False,True,5.0,2.0,2.0
5266,526607,61.0,61.0,,F,False,False,False,False,True,False,1.0,2.0,4.0
5266,526608,25.0,25.0,,F,False,True,False,False,False,False,1.0,2.0,5.0
5266,526609,50.0,50.0,,F,False,True,False,False,False,False,1.0,2.0,5.0
5266,526610,51.0,51.0,,F,False,True,False,False,False,False,1.0,2.0,5.0
5266,526611,25.0,25.0,,M,True,False,False,False,False,False,1.0,1.0,4.0
5266,526612,61.0,61.0,,F,False,True,False,False,False,False,1.0,2.0,3.0
5266,526613,60.0,60.0,,F,False,False,False,False,False,False,1.0,2.0,4.0
5267,526701,41.0,41.0,,M,True,False,False,False,False,False,1.0,1.0,5.0
5267,526702,14.0,14.0,,M,False,False,False,False,False,False,1.0,1.0,5.0
5267,526703,42.0,40.0,45.0,F,False,False,False,False,False,True,4.0,2.0,2.0
5267,526704,33.0,33.0,,F,False,False,False,False,True,False,1.0,2.0,2.0
5267,526705,47.0,45.0,50.0,F,False,False,False,False,False,True,5.0,2.0,3.0
5268,526801,42.0,40.0,45.0,M,False,True,False,False,False,False,1.0,,5.0
5268,526802,28.0,28.0,,M,False,True,False,False,False,False,1.0,2.0,4.0
5268,526803,22.0,20.0,25.0,F,False,False,False,False,False,True,2.0,2.0,2.0
5268,526804,42.0,40.0,45.0,M,False,False,False,False,False,True,2.0,2.0,2.0
5268,526805,31.0,31.0,,M,False,True,False,False,False,False,1.0,1.0,5.0
5268,526806,35.0,30.0,40.0,M,False,True,False,False,False,False,1.0,2.0,5.0
5268,526807,29.0,29.0,,M,False,False,False,False,False,False,1.0,1.0,5.0
5268,526808,32.0,30.0,35.0,M,False,True,False,False,False,False,1.0,2.0,4.0
5268,526809,26.0,26.0,,F,True,False,False,False,False,False,1.0,1.0,
5268,526810,0.0,0.0,,M,True,False,False,False,False,False,1.0,1.0,
5268,526811,9.0,9.0,,M,True,False,False,False,False,False,1.0,1.0,
5269,526901,13.0,13.0,,M,True,False,False,False,False,False,1.0,1.0,1.0
5269,526902,16.0,16.0,,F,True,False,False,False,False,False,1.0,1.0,2.0
5269,526903,62.0,62.0,,F,True,False,False,False,False,False,2.0,2.0,2.0
5269,526904,40.0,40.0,,F,True,False,False,False,False,False,1.0,1.0,4.0
5270,527001,45.0,45.0,,M,False,True,False,False,False,False,1.0,2.0,4.0
5270,527002,57.0,50.0,65.0,M,False,True,False,False,False,False,3.0,2.0,5.0
5270,527003,47.0,45.0,50.0,M,False,False,False,False,False,True,5.0,2.0,1.0
5270,527004,47.0,45.0,50.0,F,False,True,False,False,False,False,4.0,2.0,1.0
5270,527005,26.0,26.0,,F,False,True,False,False,False,False,1.0,2.0,4.0
5270,527006,42.0,40.0,45.0,M,False,False,False,False,False,True,5.0,2.0,1.0
5270,527007,27.0,27.0,,M,True,False,False,False,False,False,4.0,2.0,2.0
5270,527008,55.0,50.0,60.0,F,False,True,False,False,False,False,3.0,2.0,4.0
5270,527009,45.0,40.0,50.0,M,False,True,False,False,False,False,3.0,2.0,4.0
5270,527010,57.0,50.0,65.0,F,False,False,False,False,False,True,2.0,2.0,1.0
5270,527011,25.0,25.0,,M,True,False,False,False,False,False,1.0,2.0,1.0
5270,527012,30.0,30.0,,M,True,False,False,False,False,False,1.0,1.0,4.0
5270,527013,45.0,40.0,50.0,M,False,True,False,False,False,False,3.0,2.0,4.0
5270,527014,53.0,53.0,,F,True,False,False,False,False,False,1.0,2.0,4.0
5270,527015,57.0,55.0,60.0,F,False,False,False,False,False,True,3.0,2.0,1.0
5270,527016,65.0,60.0,70.0,M,False,False,False,False,False,True,4.0,2.0,1.0
5270,527017,3.0,3.0,4.0,F,False,False,False,False,False,True,4.0,2.0,1.0
5270,527018,32.0,32.0,,F,False,True,False,False,False,False,1.0,2.0,4.0
5270,527019,26.0,26.0,,M,False,True,False,False,False,False,1.0,,4.0
5270,527020,45.0,45.0,,M,False,True,False,False,False,False,2.0,2.0,4.0
5271,527101,63.0,63.0,,F,True,False,False,False,False,False,2.0,2.0,4.0
5272,527201,9.0,9.0,,M,True,False,True,False,False,False,3.0,1.0,5.0
5272,527202,13.0,13.0,,F,True,False,False,False,False,False,3.0,,5.0
5272,527203,31.0,31.0,,F,True,False,False,False,False,False,3.0,,5.0
5272,527204,42.0,42.0,,M,False,False,False,True,False,False,,,4.0
5272,527205,63.0,63.0,,F,True,False,False,False,False,False,1.0,,4.0
5273,527301,44.0,44.0,,M,True,False,False,False,False,False,1.0,2.0,5.0
5273,527302,65.0,65.0,,F,True,False,False,False,False,False,1.0,1.0,5.0
5273,527303,18.0,18.0,,M,True,False,False,False,False,False,1.0,1.0,5.0
5273,527304,50.0,50.0,,F,True,False,False,False,False,False,3.0,2.0,1.0
5274,527401,58.0,58.0,,F,True,False,False,False,False,False,3.0,2.0,1.0
5274,527402,38.0,38.0,,F,True,False,False,False,False,False,1.0,2.0,3.0
5274,527403,50.0,50.0,,F,True,False,False,False,False,False,3.0,2.0,1.0
5275,527501,60.0,60.0,,F,False,False,False,False,False,True,2.0,2.0,4.0
5275,527502,55.0,55.0,,F,False,False,False,False,False,True,3.0,2.0,4.0
5275,527503,58.0,58.0,,M,True,False,False,False,False,False,1.0,1.0,5.0
5275,527504,11.0,11.0,,M,True,False,False,False,False,False,1.0,2.0,5.0
5275,527505,50.0,50.0,,F,False,False,False,False,False,True,2.0,2.0,4.0
5275,527506,50.0,50.0,,F,False,False,False,False,False,True,2.0,2.0,4.0
5275,527507,58.0,58.0,,M,True,False,False,False,False,False,1.0,2.0,5.0
5275,527508,60.0,60.0,,F,False,False,False,False,False,True,2.0,2.0,4.0
5275,527509,50.0,50.0,,F,False,False,False,False,False,True,2.0,2.0,4.0
5275,527510,60.0,60.0,,F,False,False,False,False,False,True,4.0,1.0,2.0
5275,527511,14.0,14.0,,,True,False,False,False,False,False,1.0,2.0,5.0
5275,527512,34.0,34.0,,F,False,False,False,False,False,True,4.0,2.0,4.0
5275,527513,14.0,14.0,,M,True,False,False,False,False,False,1.0,2.0,5.0
5276,527601,40.0,40.0,,M,False,True,False,False,False,False,1.0,1.0,5.0
5276,527602,39.0,39.0,,M,False,True,False,False,False,False,1.0,2.0,5.0
5276,527603,50.0,50.0,,M,False,True,False,False,False,False,1.0,2.0,4.0
5276,527604,27.0,25.0,30.0,M,False,False,False,True,False,False,5.0,2.0,2.0
5276,527605,21.0,20.0,23.0,F,False,False,False,True,False,False,5.0,2.0,2.0
5276,527606,43.0,43.0,,F,False,False,False,False,False,True,2.0,1.0,2.0
5276,527607,16.0,15.0,18.0,F,False,False,False,True,False,False,5.0,2.0,2.0
5276,527608,27.0,25.0,30.0,F,False,False,False,True,False,False,5.0,2.0,2.0
5276,527609,37.0,35.0,40.0,F,False,False,False,True,False,False,5.0,2.0,3.0
5276,527610,32.0,30.0,35.0,F,False,False,False,True,False,False,5.0,,1.0
5276,527611,47.0,45.0,50.0,M,False,False,False,True,False,False,3.0,1.0,1.0
5276,527612,42.0,40.0,45.0,F,False,False,False,True,False,False,5.0,2.0,1.0
5276,527613,31.0,31.0,,M,True,False,False,False,False,False,1.0,1.0,5.0
5276,527614,55.0,50.0,60.0,M,False,False,False,True,False,False,5.0,2.0,2.0
5276,527615,37.0,35.0,40.0,F,False,False,False,True,False,False,5.0,2.0,2.0
5276,527616,21.0,17.0,25.0,F,False,False,False,True,False,False,5.0,2.0,3.0
5276,527617,37.0,35.0,40.0,M,False,False,False,True,False,False,5.0,2.0,3.0
5276,527618,21.0,17.0,25.0,F,False,False,False,True,False,False,5.0,2.0,3.0
5277,527701,43.0,43.0,,F,False,False,True,False,False,False,1.0,1.0,5.0
5277,527702,3.0,3.0,,F,False,True,False,False,False,False,1.0,1.0,5.0
5277,527703,35.0,35.0,,M,False,True,False,False,False,False,2.0,2.0,5.0
5277,527704,36.0,36.0,,M,True,False,False,False,False,False,1.0,1.0,5.0
5277,527705,3.0,3.0,,M,False,False,True,False,False,False,1.0,2.0,5.0
5277,527706,3.0,3.0,,M,True,False,False,False,False,False,1.0,1.0,5.0
5277,527707,18.0,18.0,,M,True,False,False,False,False,False,1.0,1.0,5.0
5278,527801,32.0,32.0,,F,False,False,False,False,True,False,1.0,1.0,4.0
5278,527802,52.0,50.0,55.0,M,False,False,False,False,True,False,2.0,2.0,1.0
5278,527803,34.0,30.0,38.0,M,False,False,False,False,True,False,4.0,2.0,1.0
5278,527804,17.0,17.0,,M,False,True,False,False,False,False,2.0,2.0,3.0
5278,527805,27.0,25.0,30.0,F,False,True,False,False,False,False,2.0,2.0,3.0
5278,527806,17.0,17.0,,M,False,True,False,False,False,False,2.0,2.0,3.0
5278,527807,35.0,30.0,40.0,F,False,False,False,False,False,True,5.0,2.0,
5278,527808,35.0,30.0,40.0,F,False,False,False,False,False,True,5.0,2.0,1.0
5278,527809,35.0,30.0,40.0,F,False,False,False,False,False,True,5.0,2.0,1.0
5278,527810,49.0,49.0,,M,True,False,False,False,False,False,1.0,2.0,3.0
5278,527811,25.0,25.0,,F,False,True,False,False,False,False,2.0,2.0,3.0
5278,527812,16.0,16.0,,F,True,False,False,False,True,False,1.0,1.0,4.0
5278,527813,17.0,17.0,,M,False,True,False,False,False,False,2.0,2.0,3.0
5278,527814,45.0,40.0,50.0,F,False,False,False,False,False,True,3.0,2.0,1.0
5279,527901,14.0,14.0,,F,True,False,False,False,False,False,1.0,2.0,5.0
5279,527902,21.0,21.0,,M,False,False,False,False,True,False,1.0,2.0,4.0
5279,527903,42.0,42.0,,M,False,False,False,False,True,False,2.0,2.0,4.0
5279,527904,50.0,45.0,55.0,M,False,False,False,False,False,True,4.0,2.0,2.0
5279,527905,48.0,48.0,,F,True,False,False,False,False,False,1.0,1.0,5.0
5279,527906,38.0,35.0,41.0,M,False,False,False,False,True,False,3.0,2.0,
5280,528001,27.0,25.0,30.0,F,False,False,False,False,False,True,5.0,2.0,3.0
5280,528002,44.0,44.0,,F,True,False,False,False,False,False,1.0,1.0,5.0
5280,528003,34.0,34.0,,M,False,True,False,False,False,False,1.0,,4.0
5280,528004,41.0,41.0,,M,False,True,False,False,False,False,1.0,,4.0
5280,528005,50.0,50.0,,M,False,True,False,False,False,False,1.0,,3.0
5280,528006,58.0,57.0,60.0,M,False,False,False,True,False,False,2.0,2.0,3.0
5280,528007,5.0,5.0,,F,False,True,False,False,False,False,5.0,2.0,2.0
5280,528008,7.0,7.0,,M,False,True,False,False,False,False,1.0,2.0,5.0
5280,528009,50.0,50.0,,M,False,True,False,False,False,False,1.0,2.0,5.0
5280,528010,17.0,17.0,,M,True,True,False,False,False,True,1.0,2.0,4.0
5280,528011,22.0,22.0,,M,True,False,False,False,False,False,1.0,2.0,4.0
5280,528012,43.0,43.0,,M,False,True,False,False,False,False,1.0,2.0,5.0
5281,528101,42.0,40.0,45.0,F,False,False,False,False,True,False,2.0,1.0,3.0
5281,528102,26.0,25.0,28.0,F,False,False,False,False,True,False,5.0,2.0,2.0
5281,528103,59.0,59.0,,M,True,False,False,False,False,False,1.0,1.0,5.0
5281,528104,19.0,18.0,20.0,F,False,False,False,False,False,True,5.0,2.0,1.0
5281,528105,87.0,86.0,88.0,M,False,False,False,True,False,False,3.0,2.0,2.0
5281,528106,86.0,86.0,,F,False,False,False,True,False,False,3.0,1.0,2.0
5281,528107,31.0,31.0,,F,True,False,False,False,False,False,2.0,1.0,4.0
5281,528108,39.0,38.0,40.0,F,False,False,False,False,True,False,2.0,1.0,3.0
5281,528109,43.0,43.0,,F,False,False,False,False,True,False,3.0,1.0,5.0
5281,528110,93.0,93.0,,M,True,False,False,False,False,False,2.0,1.0,3.0
5281,528111,54.0,54.0,,F,True,False,False,False,False,False,2.0,1.0,2.0
5281,528112,59.0,59.0,,M,True,False,False,False,False,False,1.0,1.0,4.0
5281,528113,29.0,28.0,30.0,M,False,False,False,True,False,False,5.0,2.0,2.0
5281,528114,43.0,43.0,,F,True,False,False,False,False,False,2.0,1.0,3.0
5281,528115,34.0,33.0,35.0,F,False,False,False,False,True,False,2.0,2.0,2.0
5281,528116,47.0,45.0,50.0,M,False,False,False,True,False,False,5.0,2.0,3.0
5281,528117,32.0,30.0,35.0,F,False,False,False,False,True,False,2.0,1.0,1.0
5281,528118,28.0,28.0,,F,True,False,False,False,False,False,1.0,1.0,5.0
5281,528119,59.0,59.0,,M,True,False,False,False,False,False,1.0,1.0,
5281,528120,28.0,28.0,,F,True,False,False,False,False,False,1.0,1.0,5.0
5281,528121,13.0,13.0,,M,True,False,False,False,False,False,5.0,2.0,
5281,528122,59.0,59.0,,M,True,False,False,False,False,False,1.0,1.0,5.0
5281,528123,52.0,50.0,55.0,F,False,False,False,False,True,False,2.0,2.0,1.0
5281,528124,29.0,28.0,30.0,F,True,False,False,False,False,False,5.0,2.0,2.0
5281,528125,27.0,27.0,,F,True,False,False,False,False,False,1.0,1.0,5.0
5281,528126,59.0,59.0,,M,True,False,False,False,False,False,1.0,1.0,5.0
5281,528127,55.0,55.0,,F,False,False,False,False,True,False,1.0,1.0,4.0
5281,528128,27.0,25.0,30.0,F,False,False,False,False,True,False,2.0,1.0,3.0
5281,528129,4.0,4.0,,F,True,False,False,False,False,False,2.0,1.0,4.0
5282,528201,22.0,22.0,,F,False,True,False,False,False,False,2.0,1.0,2.0
5282,528202,32.0,32.0,,M,False,True,False,False,False,False,1.0,1.0,3.0
5282,528203,51.0,51.0,,M,False,True,False,False,False,False,2.0,1.0,2.0
5282,528204,29.0,29.0,,F,False,True,False,False,False,False,2.0,2.0,2.0
5282,528205,21.0,21.0,,F,False,True,False,False,False,False,2.0,1.0,1.0
5282,528206,55.0,55.0,,M,True,False,False,False,False,False,,1.0,5.0
5282,528207,45.0,45.0,,F,False,True,False,False,False,False,5.0,2.0,1.0
5282,528208,19.0,19.0,,F,False,True,False,False,False,False,5.0,2.0,1.0
5282,528209,23.0,23.0,,M,False,True,False,False,False,False,5.0,2.0,1.0
5282,528210,13.0,13.0,,M,False,True,False,False,False,False,5.0,2.0,1.0
5282,528211,8.0,8.0,,F,False,True,False,False,False,False,5.0,1.0,2.0
5282,528212,54.0,54.0,,F,True,False,False,False,False,False,,1.0,5.0
5282,528213,32.0,32.0,,F,False,True,False,False,False,False,1.0,2.0,2.0
5282,528214,41.0,41.0,,F,False,True,False,False,False,False,5.0,2.0,2.0
5282,528215,44.0,44.0,,F,False,True,False,False,False,False,1.0,1.0,3.0
5282,528216,48.0,48.0,,M,False,True,False,False,False,False,1.0,1.0,4.0
5282,528217,46.0,46.0,,F,False,True,False,False,False,False,2.0,1.0,2.0
5282,528218,32.0,32.0,,M,True,False,False,False,False,False,1.0,1.0,4.0
5282,528219,38.0,38.0,,F,False,True,False,False,False,False,1.0,1.0,4.0
5282,528220,48.0,48.0,,F,False,True,False,False,False,False,1.0,1.0,5.0
5282,528221,35.0,35.0,,M,False,True,False,False,False,False,2.0,2.0,2.0
5282,528222,20.0,20.0,,F,False,True,False,False,False,False,2.0,2.0,1.0
5282,528223,38.0,38.0,,F,False,True,False,False,False,False,2.0,1.0,3.0
5282,528224,45.0,45.0,,F,False,True,False,False,False,False,1.0,1.0,4.0
5282,528225,38.0,38.0,,F,False,True,False,False,False,False,1.0,2.0,4.0
5282,528226,50.0,50.0,,M,False,True,False,False,False,False,1.0,2.0,3.0
5282,528227,43.0,43.0,,M,False,True,False,False,False,False,1.0,2.0,3.0
5282,528228,35.0,35.0,,M,False,True,False,False,False,False,1.0,2.0,3.0
5282,528229,23.0,23.0,,F,False,True,False,False,False,False,2.0,1.0,3.0
5283,528301,31.0,28.0,35.0,M,False,False,False,False,False,True,5.0,2.0,2.0
5283,528302,67.0,65.0,70.0,M,False,False,False,True,False,False,5.0,2.0,2.0
5283,528303,70.0,70.0,,M,True,False,False,False,False,False,2.0,2.0,4.0
5283,528304,69.0,69.0,,F,True,False,False,False,False,False,1.0,2.0,5.0
5283,528305,64.0,64.0,,F,True,False,False,False,False,False,1.0,1.0,4.0
5283,528306,61.0,60.0,63.0,F,False,False,False,False,False,True,2.0,2.0,3.0
5284,528401,72.0,72.0,,F,False,False,False,False,True,False,3.0,1.0,5.0
5284,528402,18.0,16.0,20.0,M,False,False,False,False,True,False,5.0,2.0,1.0
5284,528403,62.0,60.0,65.0,F,False,False,False,False,True,False,5.0,2.0,1.0
5284,528404,62.0,60.0,65.0,F,False,False,False,False,True,False,5.0,2.0,1.0
5284,528405,42.0,40.0,45.0,F,False,False,False,False,True,False,5.0,2.0,1.0
5284,528406,62.0,60.0,65.0,F,False,False,False,False,True,False,5.0,2.0,1.0
5284,528407,65.0,65.0,,F,False,False,False,False,True,False,3.0,1.0,2.0
5284,528408,65.0,65.0,,F,False,False,False,False,True,False,3.0,1.0,5.0
5284,528409,52.0,50.0,55.0,F,False,False,False,False,True,False,5.0,2.0,1.0
5284,528410,62.0,60.0,65.0,F,False,False,False,False,True,False,5.0,2.0,1.0
5284,528411,34.0,34.0,,F,True,False,False,False,False,False,2.0,2.0,3.0
5284,528412,3.0,3.0,,M,True,False,False,False,False,False,2.0,1.0,3.0
5284,528413,71.0,71.0,,M,True,False,False,False,False,False,1.0,1.0,4.0
5284,528414,62.0,60.0,65.0,F,False,False,False,False,True,False,5.0,2.0,1.0
5286,528601,40.0,40.0,,F,True,False,False,True,False,False,2.0,2.0,4.0
5286,528602,60.0,60.0,,F,True,False,False,False,False,True,1.0,1.0,4.0
5286,528603,3.0,3.0,,M,True,False,False,False,False,False,1.0,1.0,5.0
5286,528604,30.0,30.0,,M,False,False,False,False,False,True,3.0,2.0,3.0
5286,528605,39.0,39.0,,M,True,False,False,False,False,False,1.0,2.0,5.0
5287,528701,61.0,61.0,,F,True,False,False,False,False,False,1.0,,5.0
5288,528801,25.0,20.0,30.0,M,False,False,False,False,False,True,5.0,2.0,2.0
5288,528802,35.0,30.0,40.0,M,True,False,False,False,False,False,4.0,2.0,1.0
5288,528803,55.0,50.0,60.0,F,False,False,False,True,False,False,5.0,1.0,2.0
5288,528804,20.0,20.0,,F,False,False,False,False,True,False,3.0,1.0,3.0
5288,528805,10.0,10.0,,,True,False,False,False,False,False,1.0,1.0,5.0
5288,528806,45.0,40.0,50.0,M,True,False,False,False,False,False,1.0,2.0,4.0
5288,528807,45.0,40.0,50.0,F,True,False,False,False,False,False,1.0,1.0,5.0
5288,528808,18.0,18.0,,F,True,False,False,False,False,False,1.0,1.0,5.0
5288,528809,1.0,1.0,2.0,F,True,False,False,False,False,False,4.0,1.0,1.0
5289,528901,14.0,14.0,,F,True,False,False,False,False,False,1.0,1.0,5.0
5289,528902,59.0,59.0,,F,False,False,False,False,False,True,2.0,2.0,3.0
5290,529001,32.0,32.0,,F,True,False,False,False,False,False,1.0,1.0,5.0
5291,529101,2.0,2.0,,F,False,False,False,False,False,False,1.0,1.0,5.0
5291,529102,17.0,15.0,20.0,M,False,False,False,False,False,False,2.0,2.0,1.0
5291,529103,55.0,50.0,60.0,M,False,False,False,False,False,True,2.0,2.0,1.0
5291,529104,27.0,25.0,30.0,M,False,False,False,False,False,True,4.0,,2.0
5291,529105,6.0,6.0,,M,False,False,False,False,False,False,1.0,1.0,5.0
5291,529106,10.0,10.0,,F,True,False,False,False,False,False,1.0,1.0,5.0
5291,529107,32.0,32.0,,M,True,False,False,False,False,False,1.0,1.0,5.0
5291,529108,35.0,30.0,40.0,F,False,False,False,False,False,True,2.0,2.0,1.0
5291,529109,35.0,30.0,40.0,F,False,False,False,False,False,True,2.0,2.0,1.0
5292,529201,54.0,50.0,59.0,F,False,False,False,True,False,False,5.0,1.0,1.0
5292,529202,35.0,30.0,40.0,M,False,False,False,True,False,False,5.0,2.0,1.0
5293,529301,42.0,40.0,45.0,F,False,False,False,False,False,True,3.0,1.0,2.0
5293,529302,45.0,40.0,50.0,F,True,False,False,False,False,False,5.0,2.0,2.0
5293,529303,27.0,25.0,30.0,M,True,False,False,False,False,False,5.0,2.0,1.0
5293,529304,57.0,55.0,60.0,F,False,False,False,False,False,True,5.0,2.0,1.0
5293,529305,12.0,10.0,15.0,M,False,False,False,False,False,True,4.0,2.0,2.0
5293,529306,12.0,10.0,15.0,F,False,False,False,False,False,True,4.0,2.0,2.0
5293,529307,47.0,45.0,50.0,F,False,False,False,False,False,True,5.0,2.0,
5293,529308,42.0,40.0,45.0,F,False,True,False,False,False,True,4.0,1.0,2.0
5293,529309,37.0,35.0,40.0,M,True,False,False,False,True,True,1.0,1.0,5.0
5293,529310,37.0,35.0,40.0,F,True,True,False,False,False,False,1.0,1.0,
5295,529501,22.0,20.0,25.0,F,True,False,False,False,False,False,3.0,2.0,4.0
5295,529502,45.0,40.0,50.0,F,True,False,False,False,False,False,1.0,1.0,5.0
5296,529601,7.0,7.0,,F,True,False,False,False,False,False,1.0,1.0,2.0
5296,529602,7.0,7.0,,M,True,False,False,False,False,False,1.0,1.0,2.0
5296,529603,9.0,9.0,,F,True,False,False,False,False,False,1.0,1.0,2.0
5297,529701,28.0,28.0,,M,False,False,False,True,False,False,1.0,1.0,2.0
5297,529702,7.0,7.0,,M,False,False,False,False,False,True,2.0,1.0,3.0
5297,529703,35.0,30.0,40.0,M,False,True,False,False,False,False,1.0,1.0,5.0
5297,529704,32.0,30.0,35.0,M,False,True,False,False,False,False,1.0,1.0,5.0
5297,529705,27.0,25.0,30.0,M,False,True,False,False,False,False,1.0,1.0,5.0
5297,529706,27.0,25.0,30.0,F,False,False,False,False,False,True,2.0,2.0,2.0
5297,529707,32.0,30.0,35.0,M,False,False,False,False,False,True,5.0,2.0,3.0
5297,529708,2.0,2.0,,F,True,False,False,False,False,False,1.0,1.0,5.0
5297,529709,26.0,26.0,,F,False,False,False,False,False,False,1.0,1.0,5.0
5297,529710,39.0,38.0,40.0,M,False,False,False,False,False,True,2.0,1.0,1.0
5298,529801,27.0,25.0,30.0,F,False,False,False,False,False,True,2.0,2.0,2.0
5298,529802,27.0,27.0,,M,False,False,False,False,True,False,5.0,2.0,3.0
5298,529803,2.0,2.0,,F,True,False,False,False,False,False,1.0,1.0,5.0
5298,529804,35.0,30.0,40.0,F,False,False,False,False,False,True,2.0,2.0,2.0
5298,529805,28.0,28.0,,M,False,False,False,False,False,False,1.0,1.0,5.0
5298,529806,43.0,43.0,,F,False,False,False,False,False,True,1.0,1.0,3.0
5299,529901,52.0,50.0,55.0,M,False,True,False,False,False,False,5.0,2.0,1.0
5299,529902,52.0,50.0,55.0,F,False,True,False,False,False,False,1.0,2.0,2.0
5299,529903,52.0,50.0,55.0,F,False,False,False,False,True,False,4.0,2.0,2.0
5299,529904,52.0,50.0,55.0,F,False,False,False,False,False,True,4.0,2.0,2.0
5299,529905,52.0,50.0,55.0,F,False,False,False,False,False,True,4.0,2.0,3.0
5299,529906,27.0,25.0,30.0,F,False,True,False,False,False,False,2.0,2.0,2.0
5299,529907,52.0,52.0,,M,True,False,False,False,False,False,1.0,1.0,5.0
5299,529908,47.0,45.0,50.0,F,False,True,False,False,False,False,2.0,2.0,1.0
5299,529909,22.0,20.0,25.0,F,False,True,False,False,False,False,4.0,2.0,3.0
5299,529910,22.0,20.0,25.0,F,False,True,False,False,False,False,1.0,2.0,5.0
5299,529911,22.0,20.0,25.0,F,False,True,False,False,False,False,1.0,2.0,2.0
5299,529912,27.0,25.0,30.0,F,False,True,False,False,False,False,2.0,2.0,2.0
5300,530001,0.0,0.0,1.0,M,False,False,False,False,False,True,3.0,1.0,2.0
5300,530002,51.0,51.0,,M,True,False,False,False,False,False,2.0,2.0,3.0
5300,530003,32.0,30.0,35.0,F,False,False,False,False,False,True,2.0,2.0,2.0
5300,530004,27.0,25.0,30.0,F,False,False,False,False,False,True,2.0,2.0,2.0
5300,530005,3.0,3.0,,F,False,False,False,False,False,True,2.0,1.0,2.0
5300,530006,27.0,25.0,30.0,F,False,False,False,False,False,True,2.0,2.0,4.0
5300,530007,27.0,25.0,30.0,F,False,False,False,False,False,True,3.0,2.0,4.0
5300,530008,2.0,2.0,,M,True,False,False,False,True,True,1.0,1.0,5.0
5300,530009,1.0,1.0,,M,True,False,False,False,True,True,1.0,1.0,5.0
5300,530010,2.0,2.0,,F,False,False,False,False,False,True,2.0,1.0,2.0
5301,530101,9.0,9.0,,M,True,False,False,False,False,False,1.0,1.0,5.0
5301,530102,24.0,24.0,,,False,True,False,False,False,False,1.0,2.0,1.0
5301,530103,26.0,26.0,,,False,True,False,False,False,False,2.0,2.0,2.0
5301,530104,50.0,50.0,,,True,True,False,False,True,False,4.0,2.0,2.0
5301,530105,24.0,24.0,,,False,True,False,False,False,False,5.0,2.0,1.0
5301,530106,65.0,65.0,,,False,True,False,False,False,False,1.0,2.0,1.0
5301,530107,37.0,37.0,,,False,True,False,False,False,False,1.0,2.0,1.0
5301,530108,40.0,40.0,,,False,True,False,False,False,False,1.0,2.0,5.0
5301,530109,41.0,41.0,,,False,True,False,False,False,False,1.0,2.0,5.0
5301,530110,39.0,39.0,,,False,True,False,False,True,False,1.0,1.0,2.0
5301,530111,20.0,20.0,,,False,True,False,False,False,False,1.0,2.0,5.0
5301,530112,5.0,5.0,,,True,False,False,False,False,False,1.0,1.0,5.0
5301,530113,39.0,39.0,,,True,False,False,False,False,False,1.0,1.0,5.0
5302,530201,45.0,40.0,50.0,F,False,False,False,False,True,False,5.0,2.0,2.0
5302,530202,77.0,75.0,80.0,M,False,False,False,False,True,False,2.0,,4.0
5302,530203,62.0,60.0,65.0,M,False,False,False,False,True,False,2.0,,4.0
5302,530204,54.0,54.0,,M,False,False,False,False,True,False,2.0,,4.0
5302,530205,27.0,25.0,30.0,F,False,False,False,False,False,True,5.0,,1.0
5302,530206,35.0,30.0,40.0,M,False,False,False,False,False,True,5.0,2.0,3.0
5302,530207,76.0,76.0,,M,True,False,False,False,False,False,1.0,2.0,2.0
5302,530208,55.0,50.0,60.0,M,False,False,False,False,False,True,5.0,2.0,2.0
5302,530209,35.0,30.0,40.0,M,False,False,False,False,True,False,2.0,2.0,1.0
5302,530210,68.0,68.0,,M,True,False,False,False,True,False,3.0,2.0,5.0
5302,530211,42.0,42.0,,M,True,False,False,False,False,False,2.0,2.0,3.0
5303,530301,16.0,16.0,,F,True,False,False,False,False,False,1.0,1.0,5.0
5303,530302,47.0,45.0,50.0,M,False,False,False,False,True,False,2.0,2.0,1.0
5303,530303,17.0,15.0,20.0,F,False,False,False,False,True,False,2.0,2.0,1.0
5303,530304,52.0,50.0,55.0,F,True,False,False,False,False,False,3.0,2.0,2.0
5304,530401,45.0,40.0,50.0,F,False,True,False,False,False,False,4.0,2.0,2.0
5304,530402,44.0,44.0,,M,True,False,False,False,False,False,3.0,1.0,3.0
5304,530403,24.0,24.0,,M,True,False,False,False,False,False,2.0,2.0,4.0
5304,530404,45.0,40.0,50.0,F,False,True,False,False,False,False,4.0,2.0,2.0
5304,530405,25.0,20.0,30.0,M,False,True,False,False,False,False,4.0,2.0,2.0
5304,530406,46.0,46.0,,M,False,True,False,False,False,False,2.0,1.0,3.0
5304,530407,36.0,36.0,,F,False,True,False,False,False,False,3.0,2.0,2.0
5304,530408,61.0,61.0,,M,False,True,False,False,False,False,,2.0,4.0
5304,530409,46.0,46.0,,M,False,True,False,False,False,False,1.0,2.0,4.0
5304,530410,50.0,50.0,,F,True,False,False,False,False,False,1.0,1.0,5.0
5304,530411,35.0,30.0,40.0,F,False,True,False,False,False,False,4.0,2.0,2.0
5305,530501,49.0,49.0,,,False,True,False,False,False,False,1.0,2.0,5.0
5305,530502,29.0,29.0,,M,False,True,False,False,False,False,1.0,2.0,5.0
5305,530503,50.0,50.0,,F,False,False,False,False,True,False,2.0,1.0,4.0
5305,530504,24.0,24.0,,F,False,False,False,False,True,False,2.0,2.0,4.0
5305,530505,23.0,23.0,,,False,True,False,False,False,False,1.0,2.0,5.0
5305,530506,20.0,20.0,,F,True,False,False,False,False,False,1.0,2.0,5.0
5305,530507,35.0,35.0,,M,False,True,False,False,False,False,1.0,2.0,5.0
5305,530508,44.0,44.0,,F,False,True,False,False,False,False,1.0,2.0,5.0
5305,530509,26.0,26.0,,F,False,True,False,False,False,False,1.0,2.0,5.0
5305,530510,51.0,51.0,,M,False,True,False,False,False,False,1.0,2.0,5.0
5306,530601,21.0,21.0,,M,False,True,False,False,False,False,1.0,2.0,5.0
5306,530602,29.0,29.0,,M,False,False,False,False,True,False,2.0,2.0,4.0
5306,530603,26.0,26.0,,M,False,False,False,False,True,False,2.0,2.0,4.0
5306,530604,37.0,37.0,,M,False,True,False,False,False,False,1.0,2.0,5.0
5306,530605,43.0,43.0,,M,False,True,False,False,False,False,1.0,2.0,5.0
5306,530606,64.0,64.0,,F,True,False,False,False,False,False,1.0,2.0,4.0
5306,530607,28.0,28.0,,M,False,False,False,False,True,False,2.0,2.0,4.0
5307,530701,80.0,80.0,,F,False,False,False,False,False,True,3.0,1.0,2.0
5307,530702,17.0,17.0,,M,True,False,False,False,False,False,1.0,1.0,4.0
5307,530703,2.0,2.0,,F,True,False,False,False,False,False,1.0,1.0,5.0
5307,530704,3.0,3.0,,M,True,False,False,False,False,False,1.0,1.0,5.0
5307,530705,30.0,30.0,,F,False,False,False,False,False,True,5.0,2.0,2.0
5307,530706,20.0,20.0,,F,False,False,False,False,False,True,2.0,1.0,2.0
5307,530707,84.0,84.0,,M,False,False,False,False,True,False,2.0,1.0,4.0
5307,530708,10.0,10.0,,F,True,False,False,False,False,False,1.0,1.0,5.0
5307,530709,40.0,40.0,,F,True,False,False,False,False,False,1.0,1.0,4.0
5307,530710,20.0,20.0,,F,False,False,False,False,True,False,2.0,2.0,4.0
5307,530711,30.0,30.0,,F,False,False,False,False,False,True,5.0,2.0,2.0
5307,530712,85.0,85.0,,F,False,False,False,False,False,True,1.0,1.0,3.0
5308,530801,4.0,4.0,,F,False,False,False,False,True,False,2.0,1.0,3.0
5308,530802,31.0,31.0,,M,True,False,False,False,False,False,2.0,1.0,4.0
5308,530803,33.0,33.0,,F,True,False,False,False,True,False,2.0,1.0,4.0
5308,530804,1.0,1.0,,F,False,False,False,False,True,False,2.0,1.0,4.0
5308,530805,33.0,33.0,,F,False,False,False,False,True,False,2.0,1.0,4.0
5308,530806,25.0,25.0,,M,True,False,False,False,False,False,1.0,1.0,4.0
5308,530807,37.0,37.0,,F,True,False,False,False,True,False,2.0,1.0,4.0
5308,530808,24.0,24.0,,M,False,False,False,False,True,False,5.0,2.0,4.0
5309,530901,30.0,30.0,,,False,False,False,False,False,True,,,
5309,530902,52.0,50.0,55.0,M,False,False,False,True,False,False,5.0,2.0,
5309,530903,42.0,40.0,45.0,M,False,False,False,True,False,False,5.0,2.0,
5309,530904,67.0,65.0,70.0,F,True,False,False,True,False,False,3.0,1.0,5.0
5309,530905,37.0,35.0,40.0,M,True,False,False,False,False,True,2.0,1.0,4.0
5309,530906,7.0,7.0,,M,False,False,False,False,False,False,2.0,1.0,4.0
5309,530907,5.0,5.0,,M,False,False,False,False,False,False,2.0,1.0,4.0
5309,530908,37.0,35.0,40.0,F,False,False,False,False,False,False,4.0,2.0,
5309,530909,82.0,80.0,85.0,F,True,False,False,False,False,False,2.0,1.0,3.0
5310,531001,20.0,20.0,,M,True,False,False,False,False,False,1.0,2.0,5.0
5310,531002,40.0,40.0,,F,False,True,False,False,False,False,1.0,2.0,
5310,531003,12.0,12.0,,F,True,False,False,False,False,False,1.0,1.0,4.0
5310,531004,16.0,16.0,,F,True,False,False,False,False,False,1.0,2.0,5.0
5311,531101,42.0,42.0,,M,False,True,False,False,False,False,1.0,2.0,4.0
5311,531102,52.0,52.0,,M,False,True,False,False,False,False,1.0,2.0,4.0
5311,531103,38.0,38.0,,M,False,True,False,False,False,False,1.0,2.0,4.0
5311,531104,34.0,34.0,,M,False,True,False,False,False,False,1.0,2.0,4.0
5311,531105,51.0,51.0,,M,False,True,False,False,False,False,1.0,2.0,4.0
5311,531106,8.0,8.0,,M,True,False,False,False,False,False,1.0,1.0,5.0
5311,531107,33.0,33.0,,F,True,False,False,False,False,False,1.0,1.0,5.0
5311,531108,18.0,18.0,,F,False,False,False,False,False,True,5.0,2.0,1.0
5312,531201,65.0,65.0,,F,False,True,False,False,False,False,3.0,1.0,4.0
5312,531202,48.0,48.0,,F,False,True,False,False,False,False,3.0,1.0,4.0
5312,531203,34.0,34.0,,M,True,False,False,False,False,False,1.0,1.0,5.0
5312,531204,8.0,8.0,,M,True,False,False,False,False,False,1.0,1.0,5.0
5312,531205,48.0,48.0,,F,False,True,False,False,False,False,2.0,1.0,4.0
5312,531206,18.0,18.0,,F,False,False,False,False,False,True,5.0,2.0,1.0
5312,531207,42.0,42.0,,F,False,True,False,False,False,False,3.0,1.0,4.0
5312,531208,38.0,38.0,,F,False,True,False,False,False,False,3.0,1.0,4.0
5312,531209,59.0,59.0,,F,False,True,False,False,False,False,3.0,1.0,4.0
5312,531210,45.0,45.0,,F,False,True,False,False,False,False,3.0,1.0,4.0
5312,531211,39.0,39.0,,F,False,True,False,False,False,False,3.0,1.0,4.0
5312,531212,42.0,42.0,,F,False,True,False,False,False,False,2.0,1.0,4.0
5312,531213,65.0,65.0,,F,False,True,False,False,False,False,3.0,1.0,4.0
5312,531214,68.0,68.0,,F,False,True,False,False,False,False,3.0,1.0,4.0
5313,531301,47.0,45.0,50.0,F,False,True,False,False,False,False,5.0,2.0,1.0
5313,531302,15.0,15.0,16.0,F,False,True,False,False,False,False,1.0,2.0,1.0
5313,531303,1.0,1.0,,M,False,True,False,False,False,False,5.0,1.0,1.0
5313,531304,22.0,20.0,25.0,F,False,True,False,False,False,False,5.0,2.0,1.0
5313,531305,22.0,20.0,25.0,F,False,True,False,False,False,False,5.0,2.0,1.0
5313,531306,72.0,70.0,75.0,F,False,True,False,False,False,False,5.0,2.0,2.0
5313,531307,72.0,70.0,75.0,M,False,True,False,False,False,False,3.0,2.0,2.0
5313,531308,72.0,70.0,75.0,M,False,True,False,False,False,False,3.0,2.0,1.0
5313,531309,32.0,30.0,35.0,F,False,True,False,False,False,False,5.0,2.0,1.0
5313,531310,15.0,14.0,16.0,F,False,True,False,False,False,False,4.0,2.0,1.0
5313,531311,42.0,40.0,45.0,F,False,True,False,False,False,False,5.0,2.0,1.0
5313,531312,15.0,15.0,16.0,F,False,True,False,False,False,False,5.0,2.0,1.0
5313,531313,47.0,45.0,50.0,M,False,True,False,False,False,False,1.0,2.0,4.0
5313,531314,52.0,50.0,55.0,F,False,True,False,False,False,False,3.0,2.0,1.0
5313,531315,55.0,50.0,60.0,F,False,True,False,False,False,False,5.0,2.0,1.0
5313,531316,42.0,40.0,45.0,F,False,True,False,False,False,False,4.0,2.0,1.0
5313,531317,42.0,40.0,45.0,M,False,True,False,False,False,False,4.0,2.0,1.0
5313,531318,20.0,19.0,22.0,F,False,True,False,False,False,False,5.0,2.0,1.0
5313,531319,52.0,50.0,55.0,F,False,True,False,False,False,False,1.0,2.0,5.0
5313,531320,40.0,40.0,41.0,F,False,True,False,False,False,False,1.0,2.0,5.0
5313,531321,71.0,70.0,72.0,M,False,True,False,False,False,False,3.0,2.0,2.0
5313,531322,42.0,40.0,45.0,,False,True,False,False,False,False,1.0,2.0,5.0
5313,531323,22.0,20.0,25.0,M,False,True,False,False,False,False,5.0,2.0,1.0
5313,531324,7.0,7.0,,M,False,True,False,False,False,False,5.0,2.0,1.0
5313,531325,5.0,5.0,,M,False,True,False,False,False,False,5.0,2.0,1.0
5313,531326,21.0,20.0,22.0,M,False,True,False,False,False,False,5.0,2.0,1.0
5313,531327,22.0,20.0,25.0,F,False,True,False,False,False,False,5.0,2.0,1.0
5313,531328,52.0,50.0,55.0,F,False,True,False,False,False,False,1.0,2.0,5.0
5313,531329,34.0,33.0,35.0,F,False,True,False,False,False,False,1.0,2.0,5.0
5314,531401,57.0,55.0,60.0,M,False,True,False,False,False,False,5.0,1.0,2.0
5314,531402,22.0,20.0,25.0,F,False,True,False,False,False,False,1.0,2.0,2.0
5314,531403,26.0,24.0,28.0,F,False,True,False,False,False,False,1.0,2.0,2.0
5314,531404,37.0,35.0,40.0,F,False,True,False,False,False,False,1.0,,2.0
5314,531405,28.0,26.0,30.0,F,False,True,False,False,False,False,2.0,2.0,1.0
5314,531406,22.0,20.0,25.0,M,False,False,False,False,False,True,5.0,2.0,1.0
5314,531407,52.0,50.0,55.0,M,False,True,False,False,False,False,4.0,1.0,3.0
5314,531408,37.0,35.0,40.0,M,False,True,False,False,False,False,1.0,2.0,5.0
5314,531409,22.0,20.0,25.0,F,False,False,False,False,False,True,5.0,2.0,2.0
5314,531410,24.0,24.0,,F,False,True,False,False,False,False,1.0,2.0,5.0
5314,531411,37.0,35.0,40.0,M,False,True,False,False,False,False,1.0,2.0,5.0
5314,531412,63.0,63.0,,F,True,False,False,False,False,False,1.0,2.0,5.0
5314,531413,39.0,38.0,40.0,M,False,True,False,False,False,False,1.0,2.0,5.0
5314,531414,42.0,40.0,45.0,F,False,True,False,False,False,False,1.0,2.0,5.0
5314,531415,29.0,29.0,,F,False,True,False,False,False,False,1.0,2.0,5.0
5314,531416,63.0,63.0,,M,False,True,False,False,False,False,1.0,2.0,5.0
5314,531417,42.0,40.0,45.0,M,False,True,False,False,False,False,1.0,2.0,5.0
5315,531501,67.0,60.0,75.0,F,False,True,False,False,False,False,2.0,2.0,1.0
5315,531502,75.0,70.0,80.0,F,False,True,False,False,False,False,2.0,2.0,1.0
5315,531503,57.0,50.0,65.0,M,False,True,False,False,False,False,2.0,2.0,2.0
5315,531504,32.0,30.0,35.0,F,False,True,False,False,False,False,2.0,2.0,2.0
5315,531505,55.0,50.0,60.0,M,False,True,False,False,False,False,2.0,2.0,1.0
5315,531506,40.0,35.0,45.0,F,False,False,False,False,True,False,2.0,2.0,1.0
5315,531507,38.0,38.0,,F,True,False,False,False,False,False,3.0,2.0,3.0
5315,531508,35.0,30.0,40.0,M,True,False,False,False,False,False,3.0,2.0,2.0
5315,531509,40.0,35.0,45.0,F,False,True,False,False,False,False,2.0,2.0,1.0
5315,531510,30.0,30.0,,F,True,False,False,False,False,False,3.0,2.0,4.0
5315,531511,24.0,24.0,,F,True,False,False,False,False,False,4.0,2.0,3.0
5315,531512,41.0,41.0,,M,True,False,False,False,False,False,3.0,2.0,4.0
5315,531513,39.0,39.0,,F,True,False,False,False,False,False,2.0,2.0,3.0
5315,531514,21.0,21.0,,M,True,False,False,False,False,False,3.0,2.0,5.0
5315,531515,23.0,23.0,,F,True,False,False,False,False,False,2.0,1.0,5.0
5315,531516,35.0,35.0,,F,True,False,False,False,False,False,2.0,1.0,5.0
5315,531517,46.0,46.0,,M,False,True,False,False,False,False,1.0,2.0,4.0
5316,531601,14.0,14.0,,F,True,False,True,False,False,False,2.0,2.0,3.0
5316,531602,37.0,35.0,40.0,F,True,False,False,False,False,False,3.0,,2.0
5316,531603,40.0,30.0,50.0,M,False,True,False,False,False,False,2.0,2.0,1.0
5316,531604,41.0,41.0,,M,True,False,False,False,False,False,2.0,2.0,4.0
5316,531605,17.0,17.0,,F,True,False,False,False,False,False,2.0,2.0,3.0
5316,531606,30.0,30.0,,F,False,True,False,False,False,False,2.0,2.0,2.0
5316,531607,69.0,69.0,,M,True,False,False,False,False,False,1.0,2.0,5.0
5316,531608,39.0,39.0,,F,True,False,False,False,False,False,1.0,2.0,4.0
5317,531701,35.0,30.0,40.0,M,True,False,False,False,False,False,4.0,2.0,3.0
5317,531702,45.0,40.0,50.0,F,False,False,False,False,False,True,2.0,2.0,2.0
5317,531703,30.0,25.0,35.0,M,False,False,False,False,False,True,5.0,2.0,1.0
5317,531704,37.0,35.0,40.0,F,False,False,False,False,False,True,2.0,,2.0
5317,531705,42.0,40.0,45.0,F,False,False,False,False,False,True,2.0,,2.0
5317,531706,68.0,68.0,,F,True,False,False,True,False,False,1.0,1.0,4.0
5317,531707,40.0,40.0,,M,True,False,False,False,False,False,2.0,2.0,3.0
5317,531708,38.0,38.0,,F,True,False,False,True,False,False,1.0,2.0,3.0
5317,531709,17.0,17.0,,F,True,False,False,True,False,False,2.0,2.0,2.0
5317,531710,7.0,7.0,,M,True,False,False,False,False,False,4.0,1.0,3.0
5317,531711,14.0,14.0,,F,True,False,False,True,False,False,2.0,2.0,2.0
5318,531801,41.0,41.0,,M,True,False,False,False,False,False,1.0,1.0,5.0
5318,531802,17.0,17.0,,F,True,False,False,False,False,False,1.0,1.0,5.0
5318,531803,14.0,14.0,,F,True,False,False,False,False,False,1.0,1.0,5.0
5319,531901,38.0,38.0,,F,True,False,False,False,False,False,1.0,1.0,3.0
5319,531902,45.0,45.0,,F,False,False,False,False,True,False,5.0,1.0,2.0
5319,531903,3.0,3.0,,M,True,False,False,False,True,False,1.0,1.0,5.0
5319,531904,8.0,8.0,,F,True,False,False,False,True,False,1.0,1.0,5.0
5319,531905,25.0,25.0,,M,True,False,False,False,False,False,3.0,1.0,1.0
5320,532001,58.0,58.0,,F,True,False,False,False,False,False,1.0,1.0,5.0
5320,532002,59.0,59.0,,M,True,False,False,False,False,False,1.0,1.0,5.0
5320,532003,57.0,57.0,,M,True,False,False,False,False,False,2.0,2.0,
5320,532004,25.0,25.0,,M,True,False,False,False,False,False,1.0,2.0,
5321,532101,90.0,90.0,,F,True,False,False,False,False,False,4.0,2.0,1.0
5321,532102,28.0,28.0,,M,True,False,False,False,False,False,5.0,2.0,1.0
5321,532103,24.0,24.0,,F,True,False,False,False,False,False,5.0,2.0,1.0
5321,532104,22.0,22.0,,F,True,False,False,False,False,False,5.0,2.0,1.0
5321,532105,48.0,48.0,,M,True,False,False,False,False,False,5.0,2.0,2.0
5321,532106,43.0,43.0,,M,True,False,False,False,False,False,5.0,2.0,2.0
5321,532107,60.0,60.0,,M,True,False,False,False,False,False,1.0,1.0,3.0
5321,532108,58.0,58.0,,F,True,False,False,False,False,False,1.0,1.0,3.0
5321,532109,35.0,35.0,,M,False,True,False,False,False,False,3.0,2.0,3.0
5321,532110,30.0,30.0,,M,False,True,False,False,False,False,2.0,,2.0
5321,532111,30.0,30.0,,F,False,True,False,False,False,False,2.0,,2.0
5321,532112,54.0,54.0,,M,True,False,False,False,False,False,2.0,2.0,2.0
5321,532113,48.0,48.0,,F,True,False,False,False,False,False,2.0,2.0,2.0
5321,532114,12.0,12.0,,M,True,False,False,False,False,False,1.0,1.0,5.0
5321,532115,36.0,36.0,,F,True,False,False,False,False,False,1.0,1.0,5.0
5321,532116,26.0,26.0,,M,False,True,False,False,False,False,1.0,1.0,4.0
5321,532117,28.0,28.0,,M,False,True,False,False,False,False,3.0,2.0,3.0
5321,532118,20.0,20.0,,M,True,False,False,False,False,False,5.0,2.0,2.0
5322,532201,23.0,23.0,,F,True,False,False,False,False,True,1.0,2.0,3.0
5322,532202,58.0,58.0,,M,False,False,False,False,True,False,3.0,1.0,4.0
5322,532203,60.0,60.0,,F,False,False,False,False,True,False,2.0,1.0,4.0
5322,532204,20.0,20.0,,F,False,False,False,False,False,True,5.0,2.0,1.0
5322,532205,50.0,50.0,,F,False,False,False,False,True,False,5.0,2.0,1.0
5322,532206,40.0,40.0,,F,False,False,False,False,False,True,5.0,2.0,1.0
5322,532207,49.0,49.0,,F,True,False,False,False,True,False,4.0,1.0,5.0
5322,532208,79.0,79.0,,F,True,False,False,False,True,False,2.0,1.0,5.0
5322,532209,50.0,50.0,,M,True,False,False,False,True,False,4.0,1.0,5.0
5323,532301,52.0,50.0,55.0,M,False,False,False,False,True,False,3.0,2.0,2.0
5323,532302,8.0,8.0,,F,True,False,False,False,False,False,3.0,1.0,4.0
5323,532303,32.0,30.0,35.0,M,True,False,False,False,False,False,3.0,1.0,4.0
5323,532304,3.0,3.0,,M,True,False,False,False,False,False,3.0,1.0,4.0
5323,532305,37.0,35.0,40.0,F,True,False,False,False,False,False,3.0,2.0,4.0
5323,532306,62.0,60.0,65.0,F,True,False,False,True,True,False,2.0,1.0,5.0
5323,532307,32.0,30.0,35.0,F,True,False,False,False,False,False,3.0,2.0,4.0
5323,532308,57.0,55.0,60.0,F,False,False,False,False,True,False,3.0,2.0,2.0
5324,532401,57.0,57.0,,M,False,True,False,False,False,False,2.0,1.0,1.0
5324,532402,44.0,44.0,,F,False,True,False,False,False,False,2.0,1.0,4.0
5324,532403,16.0,16.0,,M,True,False,False,False,False,False,1.0,1.0,4.0
5324,532404,17.0,17.0,,M,True,False,False,False,False,False,2.0,1.0,4.0
5324,532405,17.0,17.0,,F,True,False,False,False,False,False,1.0,2.0,5.0
5324,532406,17.0,17.0,,F,True,False,False,False,False,False,1.0,2.0,4.0
5324,532407,42.0,40.0,45.0,F,False,True,False,False,False,False,3.0,1.0,2.0
5324,532408,28.0,28.0,,M,False,True,False,False,False,False,5.0,2.0,3.0
5324,532409,63.0,63.0,,F,False,True,False,False,False,False,5.0,1.0,3.0
5324,532410,49.0,49.0,,M,False,True,False,False,False,False,1.0,2.0,3.0
5324,532411,37.0,35.0,40.0,M,False,True,False,False,False,False,1.0,2.0,3.0
5324,532412,34.0,29.0,39.0,F,False,True,False,False,False,False,1.0,2.0,3.0
5324,532413,59.0,59.0,,M,False,True,False,False,False,False,2.0,2.0,3.0
5324,532414,42.0,42.0,,M,True,False,False,False,False,False,1.0,1.0,5.0
5324,532415,33.0,33.0,,F,False,True,False,False,False,False,1.0,2.0,4.0
5324,532416,39.0,39.0,,F,False,True,False,False,False,False,2.0,1.0,4.0
5324,532417,28.0,28.0,,F,False,True,False,False,False,False,1.0,2.0,5.0
5324,532418,47.0,45.0,50.0,M,False,True,False,False,False,False,1.0,1.0,4.0
5324,532419,29.0,29.0,,F,False,True,False,False,False,False,1.0,2.0,4.0
5324,532420,24.0,24.0,,F,False,True,False,False,False,False,,2.0,3.0
5324,532421,31.0,31.0,,M,False,True,False,False,False,False,1.0,2.0,4.0
5324,532422,31.0,31.0,,F,False,True,False,False,False,False,1.0,2.0,4.0
5324,532423,44.0,44.0,,M,False,True,False,False,False,False,1.0,2.0,4.0
5324,532424,42.0,42.0,,F,False,True,False,False,False,False,1.0,2.0,2.0
5324,532425,73.0,73.0,,F,False,True,False,False,False,False,5.0,1.0,3.0
5324,532426,42.0,40.0,45.0,M,False,True,False,False,False,False,1.0,1.0,2.0
5324,532427,16.0,16.0,,M,True,False,False,False,False,False,1.0,2.0,5.0
5324,532428,47.0,45.0,50.0,F,False,True,False,False,False,False,1.0,1.0,5.0
5325,532501,12.0,12.0,,M,True,False,False,False,False,False,1.0,1.0,5.0
5325,532502,51.0,51.0,,M,True,False,False,False,False,False,2.0,2.0,4.0
5325,532503,32.0,32.0,,M,True,False,False,False,False,False,2.0,2.0,5.0
5325,532504,7.0,7.0,8.0,M,True,False,False,False,False,False,3.0,2.0,2.0
5325,532505,42.0,40.0,44.0,M,True,False,False,False,False,False,2.0,2.0,3.0
5325,532506,4.0,4.0,,F,True,False,False,False,False,False,1.0,1.0,5.0
5325,532507,35.0,35.0,,F,True,False,False,False,False,False,1.0,1.0,5.0
5325,532508,15.0,15.0,,M,True,False,False,False,False,False,1.0,1.0,5.0
5325,532509,2.0,2.0,,M,True,False,False,False,False,False,1.0,1.0,5.0
5325,532510,39.0,39.0,,M,True,False,False,False,False,False,2.0,2.0,4.0
5326,532601,14.0,14.0,,M,True,False,False,False,False,False,1.0,1.0,2.0
5326,532602,42.0,40.0,45.0,M,True,False,False,False,False,False,3.0,2.0,1.0
5326,532603,10.0,10.0,,F,True,False,False,False,False,False,1.0,1.0,2.0
5326,532604,52.0,52.0,,F,True,False,False,False,False,False,1.0,2.0,2.0
5326,532605,52.0,50.0,55.0,M,False,False,False,False,True,False,2.0,1.0,3.0
5326,532606,81.0,81.0,,M,False,False,False,False,True,False,1.0,2.0,2.0
5326,532607,63.0,63.0,,M,True,False,False,False,False,False,2.0,1.0,3.0
5326,532608,57.0,57.0,,M,False,False,False,False,True,False,3.0,2.0,2.0
5326,532609,42.0,40.0,45.0,M,False,False,False,True,False,False,5.0,2.0,1.0
5326,532610,35.0,30.0,40.0,F,False,False,False,False,False,True,3.0,,2.0
5326,532611,38.0,38.0,,F,True,False,False,False,False,False,1.0,1.0,2.0
5327,532701,11.0,11.0,,M,True,False,False,False,False,False,1.0,1.0,5.0
5327,532702,58.0,58.0,,F,False,True,False,False,False,False,1.0,2.0,5.0
5327,532703,27.0,27.0,,,False,True,False,False,False,False,1.0,2.0,4.0
5327,532704,50.0,50.0,,F,False,True,False,False,False,False,1.0,2.0,4.0
5327,532705,33.0,33.0,,F,False,True,False,False,False,False,1.0,2.0,3.0
5327,532706,31.0,30.0,33.0,M,False,True,False,False,False,False,5.0,2.0,1.0
5327,532707,31.0,31.0,,F,False,True,False,False,False,False,2.0,2.0,4.0
5327,532708,37.0,35.0,40.0,F,False,False,False,False,False,True,2.0,2.0,1.0
5327,532709,60.0,60.0,,M,False,True,False,False,False,False,5.0,2.0,4.0
5327,532710,14.0,14.0,,M,True,False,False,False,False,False,1.0,1.0,5.0
5327,532711,59.0,58.0,60.0,M,False,False,False,False,False,False,1.0,2.0,3.0
5327,532712,44.0,44.0,,F,False,True,False,False,False,False,1.0,2.0,5.0
5327,532713,23.0,23.0,,F,False,True,False,False,False,False,1.0,2.0,5.0
5327,532714,48.0,48.0,,F,False,True,False,False,False,False,1.0,2.0,5.0
5327,532715,26.0,26.0,,F,False,True,False,False,False,False,1.0,2.0,5.0
5327,532716,45.0,45.0,,F,False,True,False,False,False,False,1.0,2.0,5.0
5327,532717,37.0,35.0,39.0,F,False,True,False,False,False,False,5.0,2.0,2.0
5327,532718,37.0,35.0,39.0,M,False,True,False,False,False,False,5.0,2.0,2.0
5327,532719,58.0,58.0,,M,False,True,False,False,False,False,1.0,2.0,5.0
5327,532720,30.0,30.0,,F,False,True,False,False,False,False,3.0,2.0,5.0
5327,532721,22.0,22.0,,F,False,True,False,False,False,False,1.0,2.0,2.0
5327,532722,27.0,27.0,,,False,True,False,False,False,False,1.0,2.0,5.0
5327,532723,37.0,37.0,,F,True,False,False,False,False,False,2.0,2.0,4.0
5328,532801,26.0,26.0,,F,False,False,False,False,False,True,4.0,2.0,2.0
5328,532802,48.0,48.0,,M,False,False,False,False,True,False,3.0,2.0,3.0
5328,532803,36.0,35.0,38.0,M,True,False,False,False,False,False,5.0,2.0,5.0
5329,532901,22.0,20.0,25.0,F,False,False,False,True,False,False,,1.0,1.0
5329,532902,32.0,29.0,35.0,M,False,True,False,False,False,False,4.0,1.0,1.0
5329,532903,62.0,60.0,65.0,F,False,False,False,False,False,True,2.0,2.0,2.0
5329,532904,10.0,8.0,12.0,M,False,True,False,False,False,False,3.0,2.0,1.0
5329,532905,12.0,10.0,14.0,F,False,False,True,False,False,False,2.0,2.0,2.0
5329,532906,43.0,40.0,47.0,M,False,True,False,False,False,False,3.0,2.0,1.0
5329,532907,45.0,42.0,48.0,F,False,False,True,False,False,False,2.0,2.0,1.0
5329,532908,52.0,50.0,55.0,M,True,True,False,False,False,False,3.0,2.0,3.0
5329,532909,14.0,14.0,,M,True,False,False,False,False,False,2.0,2.0,2.0
5329,532910,24.0,22.0,26.0,M,False,False,False,True,False,False,1.0,2.0,2.0
5329,532911,18.0,18.0,,F,False,False,True,False,False,False,2.0,1.0,1.0
5329,532912,26.0,24.0,28.0,M,True,False,False,False,False,False,1.0,1.0,1.0
5329,532913,16.0,14.0,18.0,F,False,False,True,False,False,False,2.0,2.0,2.0
5329,532914,28.0,26.0,30.0,M,False,False,False,False,True,False,1.0,2.0,2.0
5329,532915,27.0,24.0,30.0,F,False,False,True,False,True,False,1.0,1.0,2.0
5330,533001,18.0,18.0,,F,True,False,False,False,False,False,1.0,2.0,4.0
5330,533002,60.0,60.0,,F,True,False,False,False,False,False,2.0,2.0,1.0
5330,533003,12.0,10.0,15.0,M,False,False,False,True,False,False,5.0,,3.0
5330,533004,35.0,35.0,,F,False,False,False,False,False,True,5.0,,2.0
5330,533005,42.0,40.0,45.0,M,False,False,False,True,False,False,1.0,2.0,2.0
5330,533006,29.0,29.0,,F,False,True,False,False,False,False,4.0,2.0,1.0
5330,533007,22.0,19.0,26.0,M,False,False,False,False,True,False,2.0,1.0,2.0
5330,533008,34.0,32.0,37.0,M,False,False,False,True,False,False,5.0,2.0,1.0
5330,533009,22.0,20.0,25.0,M,False,False,True,False,False,False,3.0,2.0,4.0
5330,533010,9.0,9.0,,F,False,False,False,False,False,True,1.0,1.0,2.0
5330,533011,27.0,22.0,33.0,M,False,False,False,False,True,False,2.0,1.0,2.0
5331,533101,18.0,18.0,,M,False,False,False,False,False,True,2.0,1.0,2.0
5331,533102,42.0,42.0,,F,False,False,False,True,False,False,5.0,2.0,1.0
5331,533103,39.0,35.0,43.0,M,False,False,False,True,False,False,2.0,,2.0
5331,533104,29.0,29.0,,F,False,False,False,True,False,False,3.0,1.0,2.0
5331,533105,17.0,16.0,19.0,M,True,False,False,False,False,False,1.0,1.0,2.0
5331,533106,21.0,15.0,27.0,F,False,False,False,False,False,True,,2.0,2.0
5331,533107,5.0,5.0,,F,False,False,False,False,False,True,5.0,1.0,2.0
5331,533108,36.0,34.0,39.0,F,False,False,False,False,False,True,2.0,1.0,2.0
5331,533109,34.0,29.0,40.0,M,False,False,False,False,False,True,2.0,,2.0
5331,533110,36.0,36.0,,M,False,False,False,True,False,False,1.0,2.0,1.0
5331,533111,10.0,10.0,,F,False,False,False,False,False,True,4.0,1.0,2.0
5331,533112,16.0,16.0,,M,False,False,False,False,True,False,2.0,1.0,3.0
5331,533113,27.0,22.0,33.0,M,False,False,False,False,True,False,2.0,2.0,3.0
5331,533114,30.0,28.0,32.0,F,False,False,False,True,False,False,5.0,2.0,2.0
5331,533115,24.0,24.0,,F,False,False,False,False,False,True,1.0,1.0,2.0
5332,533201,30.0,30.0,,M,False,False,False,True,False,False,4.0,2.0,1.0
5332,533202,23.0,20.0,27.0,M,False,False,False,True,False,False,2.0,2.0,2.0
5332,533203,22.0,19.0,25.0,F,True,False,False,False,False,False,3.0,2.0,1.0
5332,533204,23.0,21.0,26.0,F,False,False,True,False,False,False,1.0,1.0,2.0
5332,533205,28.0,26.0,30.0,F,True,False,False,False,False,False,3.0,2.0,1.0
5332,533206,47.0,45.0,50.0,M,False,True,False,False,False,False,1.0,1.0,3.0
5332,533207,9.0,7.0,12.0,F,False,False,False,False,True,False,2.0,2.0,2.0
5332,533208,42.0,42.0,,F,False,False,True,False,False,False,1.0,1.0,3.0
5332,533209,45.0,40.0,50.0,F,True,False,False,False,False,False,2.0,2.0,1.0
5332,533210,65.0,60.0,70.0,M,False,False,True,False,False,False,3.0,2.0,2.0
5332,533211,20.0,18.0,22.0,F,False,False,True,False,False,False,3.0,2.0,1.0
5332,533212,27.0,25.0,30.0,F,True,False,False,False,False,False,2.0,2.0,2.0
5332,533213,50.0,45.0,55.0,M,True,False,False,False,False,False,4.0,1.0,2.0
5332,533214,31.0,28.0,35.0,F,False,True,False,False,False,False,1.0,2.0,1.0
5332,533215,14.0,14.0,,M,False,False,False,True,False,False,1.0,1.0,1.0
5332,533216,9.0,9.0,,F,False,False,False,False,True,False,2.0,1.0,3.0
5332,533217,43.0,42.0,45.0,M,False,False,False,True,False,False,1.0,1.0,1.0
5333,533301,34.0,30.0,38.0,M,True,False,False,False,False,False,2.0,2.0,2.0
5333,533302,14.0,12.0,16.0,M,False,True,False,False,False,False,4.0,2.0,2.0
5333,533303,17.0,14.0,20.0,F,True,False,False,False,False,False,2.0,1.0,1.0
5333,533304,51.0,47.0,55.0,M,False,False,False,True,False,False,1.0,1.0,1.0
5333,533305,57.0,55.0,60.0,F,True,False,False,False,False,False,2.0,2.0,2.0
5333,533306,9.0,9.0,,M,False,False,True,False,False,False,1.0,2.0,1.0
5333,533307,16.0,16.0,,F,True,False,False,False,False,False,2.0,1.0,3.0
5333,533308,27.0,25.0,30.0,F,False,True,False,False,False,False,4.0,1.0,2.0
5333,533309,31.0,28.0,35.0,F,True,False,False,False,False,False,1.0,2.0,1.0
5333,533310,43.0,41.0,46.0,M,False,False,True,False,False,False,1.0,1.0,1.0
5333,533311,22.0,19.0,25.0,M,True,False,False,False,False,False,1.0,1.0,1.0
5333,533312,42.0,42.0,,F,False,False,False,True,False,False,1.0,2.0,2.0
5333,533313,8.0,7.0,10.0,M,False,False,True,False,False,False,2.0,1.0,3.0
5333,533314,19.0,19.0,,F,False,False,True,False,False,False,3.0,1.0,1.0
5333,533315,32.0,30.0,35.0,F,True,False,False,False,False,False,1.0,2.0,2.0
5333,533316,20.0,18.0,22.0,F,False,False,False,True,False,False,2.0,1.0,1.0
5336,533601,62.0,60.0,65.0,F,True,False,False,False,False,False,2.0,2.0,4.0
5336,533602,37.0,35.0,40.0,F,False,False,False,True,False,False,3.0,2.0,4.0
5336,533603,81.0,80.0,82.0,M,False,False,True,False,False,False,2.0,2.0,2.0
5336,533604,27.0,25.0,30.0,M,False,False,False,True,False,False,4.0,2.0,3.0
5336,533605,21.0,20.0,22.0,M,False,False,True,False,False,False,3.0,2.0,4.0
5336,533606,45.0,44.0,46.0,M,False,False,False,False,True,False,3.0,1.0,3.0
5336,533607,29.0,24.0,34.0,M,False,True,False,False,False,False,3.0,2.0,2.0
5336,533608,10.0,8.0,12.0,F,False,False,False,True,False,False,1.0,1.0,4.0
5336,533609,9.0,9.0,,M,False,False,True,False,False,False,1.0,2.0,3.0
5336,533610,57.0,55.0,60.0,F,False,True,False,False,False,False,4.0,2.0,2.0
5337,533701,14.0,12.0,16.0,M,False,False,False,False,True,False,1.0,2.0,1.0
5337,533702,46.0,42.0,50.0,F,False,False,True,False,False,False,1.0,1.0,1.0
5337,533703,16.0,16.0,,M,False,False,False,True,False,False,3.0,2.0,3.0
5337,533704,27.0,26.0,29.0,M,True,False,False,False,False,False,2.0,1.0,1.0
5337,533705,12.0,12.0,,F,True,False,False,False,False,False,1.0,2.0,1.0
5337,533706,43.0,40.0,46.0,M,True,False,False,False,False,False,,1.0,2.0
5337,533707,52.0,50.0,55.0,F,False,False,False,True,False,False,1.0,1.0,1.0
5337,533708,62.0,60.0,65.0,F,False,False,True,False,False,False,2.0,2.0,3.0
5337,533709,58.0,56.0,60.0,M,False,False,False,False,True,False,2.0,2.0,2.0
5337,533710,45.0,42.0,48.0,F,False,False,False,True,False,False,1.0,1.0,1.0
5337,533711,17.0,15.0,20.0,F,False,False,True,False,False,False,4.0,1.0,1.0
5337,533712,27.0,25.0,30.0,F,False,False,True,False,False,False,2.0,1.0,2.0
5337,533713,46.0,42.0,50.0,M,False,True,False,False,False,False,1.0,2.0,1.0
5337,533714,16.0,14.0,18.0,F,True,False,False,False,False,False,3.0,2.0,1.0
5337,533715,21.0,18.0,24.0,F,True,False,False,False,False,False,1.0,1.0,3.0
5338,533801,47.0,45.0,50.0,F,False,False,False,False,False,True,5.0,2.0,1.0
5338,533802,52.0,52.0,,F,False,True,False,False,False,False,2.0,2.0,4.0
5338,533803,20.0,20.0,,F,False,True,False,False,False,False,5.0,2.0,4.0
5338,533804,44.0,44.0,,F,False,True,False,False,False,False,2.0,2.0,4.0
5338,533805,32.0,32.0,,F,False,True,False,False,False,False,2.0,2.0,4.0
5338,533806,60.0,60.0,,M,False,False,False,False,False,True,2.0,1.0,4.0
5338,533807,59.0,59.0,,F,False,False,False,False,False,True,2.0,1.0,4.0
5338,533808,57.0,57.0,,F,False,True,False,False,False,False,2.0,1.0,4.0
5338,533809,25.0,20.0,30.0,F,False,False,False,False,False,True,5.0,2.0,1.0
5338,533810,56.0,56.0,,M,False,True,False,False,False,False,2.0,2.0,4.0
5338,533811,25.0,20.0,30.0,F,False,False,False,False,False,True,5.0,2.0,1.0
5338,533812,61.0,61.0,,M,False,True,False,False,False,False,2.0,2.0,4.0
5338,533813,39.0,39.0,,F,False,True,False,False,False,False,3.0,2.0,4.0
5338,533814,26.0,26.0,,F,False,True,False,False,False,False,2.0,2.0,4.0
5338,533815,35.0,35.0,,F,False,True,False,False,False,False,2.0,2.0,4.0
5338,533816,18.0,18.0,,F,False,True,False,False,False,False,5.0,2.0,4.0
5338,533817,26.0,26.0,,F,False,True,False,False,False,False,2.0,2.0,4.0
5338,533818,55.0,55.0,,F,False,True,False,False,False,False,2.0,2.0,5.0
5338,533819,51.0,51.0,,F,False,True,False,False,False,False,4.0,2.0,4.0
5338,533820,67.0,67.0,,M,True,False,False,False,False,True,1.0,1.0,5.0
5338,533821,63.0,63.0,,F,False,True,False,False,False,False,2.0,1.0,4.0
5339,533901,45.0,40.0,50.0,F,False,False,False,False,False,True,2.0,2.0,3.0
5339,533902,45.0,40.0,50.0,F,False,False,False,False,False,True,5.0,,1.0
5339,533903,40.0,40.0,41.0,F,True,False,False,False,False,False,2.0,2.0,2.0
5339,533904,13.0,13.0,,M,False,False,False,False,False,True,2.0,2.0,3.0
5339,533905,70.0,70.0,,F,True,False,False,False,False,False,1.0,1.0,5.0
5339,533906,45.0,40.0,50.0,F,False,False,False,False,False,True,5.0,,1.0
5339,533907,35.0,30.0,40.0,F,False,False,False,False,False,True,5.0,2.0,1.0
5339,533908,17.0,17.0,,F,False,False,False,False,False,True,2.0,1.0,3.0
5340,534001,32.0,30.0,35.0,M,False,True,False,False,False,False,3.0,2.0,1.0
5340,534002,19.0,19.0,,,True,False,False,False,False,False,1.0,2.0,5.0
5340,534003,57.0,55.0,60.0,M,False,True,False,False,False,False,3.0,2.0,4.0
5340,534004,52.0,50.0,55.0,M,False,True,False,False,False,False,2.0,2.0,4.0
5340,534005,27.0,25.0,30.0,M,False,True,False,False,False,False,2.0,2.0,1.0
5340,534006,57.0,55.0,60.0,F,False,True,False,False,False,False,3.0,2.0,1.0
5340,534007,62.0,60.0,65.0,F,False,True,False,False,False,False,1.0,2.0,2.0
5340,534008,52.0,50.0,55.0,M,False,True,False,False,False,False,2.0,2.0,2.0
5340,534009,55.0,55.0,,F,True,False,False,False,False,False,1.0,1.0,5.0
5340,534010,27.0,25.0,30.0,,False,True,False,False,False,False,1.0,2.0,2.0
5340,534011,27.0,25.0,30.0,M,False,True,False,False,False,False,1.0,2.0,1.0
5340,534012,60.0,55.0,65.0,M,False,True,False,False,False,False,4.0,2.0,2.0
5340,534013,47.0,45.0,50.0,M,False,False,False,True,False,False,1.0,2.0,4.0
5340,534014,47.0,45.0,50.0,M,False,False,False,True,False,False,1.0,2.0,4.0
5340,534015,62.0,60.0,65.0,M,False,False,False,True,False,False,1.0,2.0,4.0
5340,534016,62.0,60.0,65.0,M,False,False,False,True,False,False,1.0,2.0,4.0
5340,534017,47.0,45.0,50.0,F,False,True,False,False,False,False,1.0,2.0,1.0
5340,534018,62.0,60.0,65.0,M,False,True,False,False,False,False,2.0,2.0,1.0
5341,534101,37.0,35.0,40.0,M,False,True,False,False,False,False,1.0,2.0,2.0
5341,534102,52.0,50.0,55.0,M,False,True,False,False,False,False,1.0,2.0,2.0
5341,534103,57.0,55.0,60.0,M,False,True,False,False,False,False,1.0,2.0,3.0
5341,534104,52.0,50.0,55.0,M,False,True,False,False,False,False,3.0,2.0,4.0
5341,534105,52.0,50.0,55.0,M,False,True,False,False,False,False,3.0,2.0,4.0
5341,534106,45.0,40.0,50.0,M,False,True,False,False,False,False,4.0,2.0,4.0
5341,534107,45.0,40.0,50.0,M,False,True,False,False,False,False,4.0,2.0,4.0
5341,534108,22.0,20.0,25.0,F,False,False,False,False,False,True,5.0,2.0,1.0
5341,534109,42.0,40.0,45.0,F,False,True,False,False,False,False,1.0,2.0,4.0
5341,534110,45.0,40.0,50.0,F,False,False,False,False,False,True,2.0,2.0,1.0
5341,534111,45.0,40.0,50.0,M,False,True,False,False,False,False,1.0,2.0,2.0
5341,534112,37.0,35.0,40.0,F,False,False,True,False,False,False,2.0,2.0,1.0
5341,534113,45.0,40.0,50.0,M,False,True,False,False,False,False,1.0,2.0,2.0
5341,534114,8.0,8.0,,M,True,False,False,True,True,False,1.0,1.0,5.0
5341,534115,45.0,45.0,,F,True,False,False,False,True,False,1.0,1.0,5.0
5341,534116,45.0,40.0,50.0,M,False,True,False,False,False,False,1.0,2.0,2.0
5341,534117,45.0,40.0,50.0,M,False,True,False,False,False,False,1.0,2.0,2.0
5341,534118,45.0,40.0,50.0,M,False,True,False,False,False,False,1.0,2.0,2.0
5341,534119,45.0,40.0,50.0,M,False,True,False,False,False,False,1.0,2.0,2.0
5341,534120,45.0,40.0,50.0,M,False,True,False,False,False,False,1.0,2.0,2.0
5341,534121,45.0,40.0,50.0,M,False,True,False,False,False,False,1.0,2.0,2.0
5341,534122,11.0,11.0,,M,True,False,False,False,True,False,1.0,1.0,5.0
5342,534201,7.0,7.0,,F,True,False,True,True,True,False,1.0,1.0,4.0
5342,534202,27.0,25.0,30.0,M,False,True,False,False,False,False,2.0,2.0,2.0
5342,534203,9.0,9.0,,M,True,False,False,False,False,False,2.0,2.0,1.0
5342,534204,65.0,65.0,,F,True,False,False,False,False,False,1.0,1.0,3.0
5342,534205,27.0,25.0,30.0,M,False,False,False,True,False,False,5.0,2.0,1.0
5342,534206,52.0,50.0,55.0,M,False,True,False,False,False,False,2.0,2.0,2.0
5342,534207,27.0,25.0,30.0,F,False,True,False,False,False,False,2.0,2.0,2.0
5342,534208,37.0,35.0,40.0,M,False,True,False,False,False,False,1.0,2.0,3.0
5342,534209,9.0,9.0,,M,True,False,True,True,True,False,1.0,1.0,4.0
5342,534210,40.0,40.0,,F,True,False,False,True,True,True,1.0,1.0,5.0
5342,534211,42.0,40.0,45.0,M,False,True,False,False,False,False,1.0,2.0,3.0
5343,534301,65.0,65.0,,F,True,False,False,False,False,False,1.0,1.0,3.0
5343,534302,38.0,38.0,,M,True,False,False,False,False,False,2.0,1.0,4.0
5343,534303,4.0,4.0,,M,True,False,False,False,False,False,2.0,1.0,4.0
5343,534304,4.0,4.0,,F,True,False,False,False,False,False,1.0,1.0,4.0
5343,534305,66.0,66.0,,F,True,False,False,False,False,False,4.0,1.0,3.0
5343,534306,68.0,68.0,,M,True,False,False,False,False,False,4.0,1.0,3.0
5343,534307,9.0,9.0,,M,True,False,False,False,False,False,1.0,2.0,4.0
5343,534308,9.0,9.0,,M,True,False,False,False,False,False,1.0,1.0,5.0
5343,534309,38.0,38.0,,M,True,False,False,False,False,False,1.0,1.0,5.0
5343,534310,1.0,1.0,,M,True,False,False,False,False,False,1.0,1.0,5.0
5343,534311,35.0,35.0,,F,True,False,False,False,False,False,1.0,1.0,4.0
5343,534312,12.0,12.0,,F,True,False,False,False,False,False,1.0,1.0,5.0
5344,534401,18.0,17.0,19.0,M,False,True,False,False,False,False,5.0,2.0,1.0
5344,534402,57.0,55.0,60.0,M,False,True,False,False,False,False,4.0,2.0,4.0
5344,534403,18.0,17.0,19.0,M,False,True,False,False,False,False,5.0,2.0,1.0
5344,534404,18.0,17.0,19.0,M,False,True,False,False,False,False,5.0,2.0,1.0
5344,534405,42.0,40.0,45.0,M,False,True,False,False,False,False,2.0,2.0,3.0
5344,534406,18.0,17.0,19.0,F,False,True,False,False,False,False,5.0,2.0,1.0
5344,534407,18.0,17.0,19.0,M,False,True,False,False,False,False,5.0,2.0,1.0
5344,534408,18.0,17.0,19.0,M,False,True,False,False,False,False,5.0,2.0,1.0
5344,534409,18.0,17.0,19.0,M,False,True,False,False,False,False,5.0,2.0,1.0
5344,534410,18.0,17.0,19.0,M,False,True,False,False,False,False,5.0,2.0,1.0
5344,534411,35.0,33.0,37.0,M,False,True,False,False,False,False,2.0,2.0,3.0
5344,534412,35.0,33.0,37.0,F,False,True,False,False,False,False,2.0,2.0,3.0
5344,534413,52.0,50.0,55.0,F,False,False,False,True,False,False,5.0,2.0,1.0
5344,534414,52.0,50.0,55.0,M,False,True,False,False,False,False,4.0,2.0,4.0
5344,534415,18.0,17.0,19.0,M,False,True,False,False,False,False,5.0,2.0,1.0
5344,534416,48.0,46.0,50.0,M,False,True,False,False,False,False,1.0,2.0,4.0
5344,534417,47.0,45.0,50.0,M,False,True,False,False,False,False,1.0,2.0,2.0
5344,534418,29.0,29.0,,M,True,False,False,False,False,False,1.0,1.0,4.0
5344,534419,31.0,31.0,,F,True,False,False,False,False,False,1.0,1.0,4.0
5344,534420,52.0,50.0,55.0,M,False,True,False,False,False,False,4.0,2.0,4.0
5344,534421,57.0,57.0,,M,True,False,False,False,False,False,1.0,1.0,4.0
5344,534422,54.0,52.0,57.0,F,False,True,False,False,False,False,1.0,2.0,4.0
5344,534423,51.0,49.0,53.0,F,False,True,False,False,False,False,1.0,2.0,1.0
5344,534424,57.0,55.0,59.0,M,False,True,False,False,False,False,1.0,2.0,1.0
5344,534425,32.0,30.0,35.0,F,False,True,False,False,False,False,2.0,2.0,2.0
5344,534426,52.0,50.0,55.0,M,False,True,False,False,False,False,2.0,2.0,2.0
5344,534427,32.0,30.0,35.0,F,False,True,False,False,False,False,4.0,2.0,4.0
5344,534428,42.0,40.0,45.0,M,False,True,False,False,False,False,4.0,2.0,4.0
5344,534429,55.0,55.0,,F,True,False,False,False,False,False,1.0,1.0,4.0
5345,534501,32.0,30.0,35.0,F,False,True,False,False,False,False,5.0,1.0,2.0
5345,534502,10.0,10.0,,M,False,True,False,False,False,False,5.0,2.0,1.0
5345,534503,37.0,35.0,40.0,F,False,True,False,False,False,False,5.0,2.0,1.0
5345,534504,52.0,50.0,55.0,F,False,False,False,False,False,True,5.0,2.0,1.0
5345,534505,42.0,40.0,45.0,F,False,True,False,False,False,False,1.0,2.0,5.0
5345,534506,61.0,61.0,,M,True,False,False,False,False,False,1.0,1.0,5.0
5345,534507,32.0,30.0,35.0,F,False,True,False,False,False,False,5.0,2.0,1.0
5345,534508,47.0,45.0,50.0,F,False,False,False,False,False,True,5.0,2.0,1.0
5346,534601,54.0,54.0,,F,False,False,False,False,False,True,1.0,2.0,2.0
5346,534602,24.0,24.0,,F,True,False,False,False,True,False,2.0,1.0,5.0
5346,534603,37.0,35.0,40.0,M,False,True,False,False,False,False,4.0,1.0,3.0
5346,534604,47.0,45.0,50.0,M,False,True,False,False,False,False,4.0,1.0,3.0
5346,534605,55.0,55.0,,M,False,False,False,False,False,True,1.0,2.0,2.0
5347,534701,42.0,42.0,,F,False,False,False,False,True,False,2.0,2.0,1.0
5347,534702,11.0,11.0,,M,True,False,False,False,False,False,1.0,1.0,4.0
5347,534703,31.0,31.0,,F,True,False,False,False,False,False,1.0,1.0,4.0
5347,534704,65.0,65.0,,M,True,False,False,False,False,False,2.0,2.0,5.0
5347,534705,62.0,62.0,,F,True,False,False,False,False,False,2.0,2.0,3.0
5348,534801,52.0,52.0,,M,True,False,False,False,False,False,2.0,1.0,4.0
5348,534802,58.0,58.0,,M,True,False,False,False,False,False,1.0,1.0,4.0
5348,534803,41.0,41.0,,F,False,False,False,False,False,True,5.0,2.0,1.0
5348,534804,75.0,75.0,,F,False,False,False,False,False,True,1.0,1.0,3.0
5348,534805,1.0,1.0,,M,True,False,False,False,False,False,2.0,1.0,4.0
5348,534806,20.0,20.0,,M,True,False,False,False,False,False,1.0,1.0,4.0
5348,534807,24.0,24.0,,F,True,False,False,False,False,False,1.0,1.0,4.0
5348,534808,45.0,45.0,,M,True,False,False,False,False,False,2.0,2.0,2.0
5348,534809,38.0,38.0,,M,False,False,False,False,False,True,5.0,1.0,3.0
5349,534901,21.0,21.0,,F,False,False,False,False,True,False,2.0,2.0,1.0
5349,534902,23.0,23.0,,M,False,False,False,False,True,False,2.0,2.0,1.0
5349,534903,29.0,29.0,,M,False,False,False,False,True,False,2.0,2.0,1.0
5349,534904,22.0,22.0,,M,False,False,False,False,True,False,2.0,2.0,2.0
5349,534905,28.0,28.0,,M,False,False,False,False,True,False,2.0,2.0,2.0
5349,534906,43.0,43.0,,M,False,False,False,False,True,False,1.0,1.0,3.0
5349,534907,19.0,19.0,,M,False,False,False,False,True,False,2.0,1.0,3.0
5349,534908,19.0,19.0,,M,False,False,False,False,True,False,2.0,1.0,3.0
5349,534909,28.0,28.0,,M,False,False,False,False,True,False,3.0,2.0,2.0
5349,534910,41.0,41.0,,F,False,False,False,False,True,False,1.0,2.0,2.0
5349,534911,13.0,13.0,,M,True,False,False,False,False,False,1.0,1.0,4.0
5349,534912,47.0,45.0,50.0,M,False,False,False,False,True,False,2.0,1.0,2.0
5349,534913,50.0,50.0,,F,True,False,False,False,False,False,1.0,2.0,2.0
5349,534914,67.0,67.0,,F,True,False,False,False,False,False,1.0,1.0,5.0
5349,534915,21.0,21.0,,M,True,False,False,False,False,False,1.0,2.0,2.0
5349,534916,76.0,76.0,,M,False,False,False,False,True,False,2.0,2.0,2.0
5349,534917,57.0,55.0,60.0,M,False,False,False,False,False,False,4.0,2.0,1.0
5349,534918,43.0,43.0,,M,False,False,False,False,True,False,4.0,2.0,1.0
5349,534919,32.0,32.0,,F,False,False,False,False,True,False,2.0,1.0,2.0
5349,534920,21.0,21.0,,M,False,False,False,False,False,True,2.0,2.0,2.0
5349,534921,78.0,76.0,80.0,M,False,False,False,False,True,False,4.0,2.0,1.0
5350,535001,61.0,61.0,,F,True,False,False,False,False,False,1.0,1.0,4.0
5350,535002,2.0,2.0,,F,True,False,False,False,False,False,2.0,1.0,3.0
5350,535003,32.0,30.0,35.0,F,False,False,False,False,True,False,4.0,2.0,4.0
5350,535004,22.0,20.0,24.0,F,False,False,False,False,True,False,3.0,2.0,2.0
5350,535005,55.0,50.0,60.0,F,False,False,False,False,True,False,2.0,1.0,2.0
5350,535006,6.0,6.0,,F,True,False,False,False,False,False,2.0,1.0,4.0
5350,535007,28.0,28.0,,F,True,False,False,False,False,False,2.0,2.0,3.0
5350,535008,10.0,10.0,,M,True,False,False,False,False,False,2.0,1.0,4.0
5350,535009,34.0,34.0,,F,True,False,False,False,False,False,2.0,1.0,4.0
5350,535010,15.0,15.0,,M,True,False,False,False,False,False,1.0,1.0,5.0
5350,535011,17.0,17.0,,M,True,False,False,False,False,False,1.0,1.0,5.0
5350,535012,19.0,19.0,,F,True,False,False,False,False,False,1.0,1.0,5.0
5350,535013,43.0,43.0,,M,True,False,False,False,False,False,1.0,1.0,5.0
5350,535014,37.0,37.0,,M,True,False,False,False,False,False,2.0,2.0,4.0
5351,535101,33.0,33.0,,F,True,False,False,False,False,False,2.0,2.0,3.0
5351,535102,32.0,32.0,,M,True,False,False,False,False,False,1.0,1.0,5.0
5351,535103,44.0,44.0,,M,False,False,False,False,True,False,2.0,2.0,3.0
5351,535104,62.0,62.0,,M,False,False,False,False,True,False,2.0,2.0,4.0
5351,535105,52.0,52.0,,M,False,False,False,False,True,False,2.0,2.0,4.0
5351,535106,63.0,63.0,,F,True,False,False,False,False,False,1.0,1.0,4.0
5351,535107,59.0,59.0,,F,True,False,False,False,False,False,1.0,1.0,5.0
5351,535108,37.0,37.0,,F,True,False,False,False,False,False,2.0,2.0,4.0
5351,535109,16.0,16.0,,F,True,False,False,False,False,False,3.0,1.0,4.0
5351,535110,10.0,10.0,,F,True,False,False,False,False,False,2.0,1.0,4.0
5351,535111,6.0,6.0,,M,True,False,False,False,False,False,2.0,1.0,4.0
5351,535112,2.0,2.0,,M,True,False,False,False,False,False,2.0,1.0,4.0
5351,535113,40.0,40.0,,M,True,False,False,False,False,False,3.0,2.0,4.0
5352,535201,39.0,39.0,,F,True,False,False,False,False,False,1.0,2.0,5.0
5352,535202,15.0,15.0,,F,True,False,False,False,False,False,1.0,2.0,5.0
5352,535203,20.0,20.0,,M,True,False,False,False,False,False,1.0,2.0,4.0
5352,535204,21.0,21.0,,F,True,False,False,False,False,False,4.0,2.0,5.0
5352,535205,36.0,36.0,,F,True,False,False,False,False,False,4.0,,5.0
5352,535206,9.0,9.0,,M,True,False,False,False,False,False,2.0,2.0,4.0
5352,535207,11.0,11.0,,F,True,False,False,False,False,False,3.0,2.0,4.0
5353,535301,66.0,66.0,,F,True,False,False,False,False,False,1.0,1.0,5.0
5353,535302,43.0,43.0,,F,True,False,False,False,False,False,1.0,1.0,5.0
5353,535303,26.0,26.0,,M,True,False,False,False,False,False,1.0,1.0,5.0
5353,535304,3.0,3.0,,F,True,False,False,False,False,False,1.0,1.0,5.0
5353,535305,62.0,62.0,,M,True,False,False,False,False,False,1.0,1.0,5.0
5353,535306,13.0,13.0,,F,True,False,False,False,False,False,1.0,1.0,5.0
5354,535401,79.0,79.0,,F,True,False,False,False,False,False,1.0,2.0,3.0
5354,535402,45.0,40.0,50.0,F,False,True,False,False,False,False,2.0,2.0,2.0
5354,535403,17.0,16.0,18.0,F,False,True,False,False,False,False,4.0,2.0,1.0
5354,535404,17.0,16.0,18.0,F,False,True,False,False,False,False,4.0,2.0,1.0
5354,535405,35.0,30.0,40.0,F,False,True,False,False,False,False,5.0,2.0,1.0
5354,535406,55.0,50.0,60.0,F,False,True,False,False,False,False,4.0,2.0,1.0
5354,535407,17.0,16.0,18.0,M,False,True,False,False,False,False,3.0,2.0,1.0
5354,535408,27.0,25.0,30.0,F,False,True,False,False,False,False,4.0,2.0,1.0
5354,535409,80.0,80.0,,M,True,False,False,False,False,False,1.0,2.0,3.0
5354,535410,47.0,45.0,50.0,M,False,False,False,False,False,True,2.0,2.0,3.0
5354,535411,37.0,35.0,40.0,F,False,False,False,False,False,True,5.0,2.0,2.0
5354,535412,32.0,30.0,35.0,F,False,False,False,False,False,True,5.0,2.0,1.0
5354,535413,17.0,16.0,18.0,M,False,True,False,False,False,False,4.0,2.0,1.0
5354,535414,36.0,36.0,,M,False,True,False,False,False,False,1.0,2.0,1.0
5354,535415,17.0,16.0,18.0,F,False,True,False,False,False,False,4.0,2.0,1.0
5354,535416,32.0,32.0,,F,False,True,False,False,False,False,2.0,2.0,2.0
5354,535417,24.0,24.0,,M,False,True,False,False,False,False,1.0,2.0,3.0
5354,535418,40.0,40.0,,F,False,True,False,False,False,False,1.0,2.0,5.0
5354,535419,45.0,40.0,50.0,M,False,True,False,False,False,False,1.0,2.0,2.0
5354,535420,37.0,37.0,,F,False,True,False,False,False,False,1.0,2.0,4.0
5354,535421,24.0,24.0,,F,False,True,False,False,False,False,2.0,2.0,3.0
5354,535422,48.0,48.0,,M,False,True,False,False,False,False,2.0,2.0,2.0
5354,535423,41.0,41.0,,F,False,True,False,False,False,False,1.0,2.0,3.0
5354,535424,17.0,16.0,18.0,F,False,True,False,False,False,False,3.0,2.0,1.0
5354,535425,17.0,16.0,18.0,M,False,True,False,False,False,False,4.0,2.0,1.0
5354,535426,17.0,16.0,18.0,M,False,True,False,False,False,False,4.0,2.0,1.0
5354,535427,10.0,10.0,,F,True,False,False,True,True,False,1.0,1.0,5.0
5354,535428,17.0,16.0,18.0,M,False,True,False,False,False,False,4.0,2.0,1.0
5354,535429,31.0,31.0,,M,False,True,False,False,False,False,1.0,2.0,3.0
5355,535501,28.0,28.0,,F,True,False,False,False,True,True,1.0,1.0,5.0
5355,535502,36.0,36.0,,M,False,True,False,False,False,False,1.0,2.0,3.0
5355,535503,57.0,55.0,60.0,F,False,False,False,False,False,True,5.0,2.0,1.0
5355,535504,37.0,35.0,40.0,M,False,False,False,False,False,True,5.0,2.0,1.0
5355,535505,60.0,60.0,,M,False,True,False,False,False,False,4.0,2.0,2.0
5355,535506,63.0,63.0,,M,False,True,False,False,False,False,1.0,2.0,4.0
5355,535507,52.0,50.0,55.0,M,False,True,False,False,False,False,1.0,2.0,4.0
5355,535508,32.0,30.0,35.0,M,False,True,False,False,False,False,4.0,2.0,3.0
5355,535509,36.0,36.0,,M,False,True,False,False,False,False,1.0,2.0,5.0
5355,535510,42.0,40.0,45.0,M,False,True,False,False,False,False,4.0,2.0,4.0
5356,535601,21.0,21.0,,F,True,False,False,False,False,False,1.0,2.0,5.0
5356,535602,21.0,21.0,,F,False,False,False,False,True,False,1.0,2.0,5.0
5356,535603,2.0,2.0,,M,False,False,False,False,True,False,2.0,1.0,5.0
5356,535604,3.0,3.0,,F,False,False,False,False,True,False,2.0,1.0,5.0
5356,535605,18.0,18.0,,M,False,False,False,False,True,False,2.0,2.0,5.0
5356,535606,20.0,20.0,,M,False,False,False,True,False,False,2.0,2.0,1.0
5356,535607,17.0,17.0,,F,False,True,False,False,False,False,2.0,1.0,1.0
5356,535608,16.0,16.0,,F,False,False,False,False,True,False,2.0,2.0,5.0
5356,535609,44.0,44.0,,M,True,False,False,False,False,False,1.0,1.0,3.0
5356,535610,39.0,39.0,,F,False,False,False,False,True,False,,1.0,3.0
5356,535611,18.0,18.0,,F,False,False,False,False,True,False,1.0,1.0,4.0
5356,535612,18.0,18.0,,M,False,False,False,False,True,False,1.0,2.0,5.0
5356,535613,17.0,17.0,,M,False,True,False,False,False,False,1.0,2.0,2.0
5357,535701,29.0,29.0,,M,False,True,False,False,False,False,2.0,1.0,5.0
5357,535702,21.0,21.0,,F,False,True,False,False,False,False,1.0,1.0,5.0
5357,535703,22.0,22.0,,M,False,False,False,False,True,False,2.0,1.0,4.0
5357,535704,17.0,17.0,,M,True,False,False,False,True,False,1.0,1.0,5.0
5357,535705,7.0,7.0,,M,True,False,False,False,False,False,1.0,1.0,5.0
5357,535706,16.0,16.0,,F,True,False,False,False,True,False,1.0,1.0,5.0
5357,535707,18.0,18.0,,F,False,False,False,False,True,False,2.0,2.0,4.0
5357,535708,18.0,18.0,,F,False,False,False,False,True,False,1.0,1.0,5.0
5357,535709,56.0,56.0,,M,False,True,False,False,False,False,1.0,2.0,5.0
5357,535710,60.0,60.0,,F,False,False,False,False,False,True,2.0,1.0,5.0
5357,535711,50.0,50.0,,M,False,True,False,False,False,False,2.0,1.0,4.0
5357,535712,46.0,46.0,,M,False,True,False,False,False,False,1.0,2.0,5.0
5357,535713,39.0,39.0,,F,True,True,False,False,False,False,1.0,1.0,5.0
5357,535714,32.0,32.0,,M,True,True,False,False,False,False,1.0,1.0,5.0
5358,535801,52.0,50.0,55.0,M,False,False,False,False,True,False,2.0,1.0,4.0
5358,535802,35.0,30.0,40.0,M,False,False,False,False,True,False,2.0,2.0,4.0
5358,535803,19.0,18.0,20.0,F,True,False,False,False,False,False,1.0,1.0,4.0
5358,535804,67.0,65.0,70.0,F,True,False,False,False,False,False,4.0,2.0,1.0
5358,535805,47.0,45.0,50.0,F,True,False,False,False,False,False,1.0,2.0,1.0
5358,535806,52.0,50.0,55.0,M,False,False,False,False,True,False,2.0,2.0,4.0
5358,535807,62.0,60.0,65.0,M,True,False,False,False,False,False,2.0,2.0,4.0
5359,535901,32.0,30.0,35.0,F,True,True,False,False,False,False,5.0,2.0,3.0
5359,535902,22.0,20.0,25.0,F,True,False,True,False,False,False,2.0,2.0,2.0
5359,535903,7.0,7.0,,M,True,False,True,False,False,False,2.0,2.0,4.0
5359,535904,62.0,60.0,65.0,M,False,False,False,False,False,True,3.0,2.0,1.0
5359,535905,22.0,20.0,25.0,F,False,False,False,False,False,True,4.0,2.0,1.0
5359,535906,62.0,60.0,65.0,F,False,False,False,False,False,True,5.0,2.0,1.0
5359,535907,47.0,45.0,50.0,F,False,False,False,False,False,True,5.0,2.0,1.0
5359,535908,27.0,25.0,30.0,F,True,True,False,False,False,False,5.0,2.0,3.0
5359,535909,2.0,2.0,,M,True,True,False,False,False,False,5.0,2.0,3.0
5359,535910,1.0,1.0,,M,True,True,False,False,False,False,5.0,2.0,3.0
5359,535911,37.0,35.0,40.0,F,True,True,False,False,False,False,2.0,2.0,2.0
5359,535912,52.0,50.0,55.0,F,False,False,True,False,False,False,2.0,2.0,1.0
5359,535913,37.0,35.0,40.0,F,False,False,False,False,False,True,4.0,2.0,1.0
5359,535914,22.0,20.0,25.0,F,False,False,False,False,False,True,4.0,2.0,1.0
5359,535915,6.0,6.0,,F,True,True,False,False,False,False,1.0,2.0,4.0
5359,535916,47.0,45.0,50.0,F,False,False,False,False,False,True,4.0,2.0,1.0
5359,535917,1.0,1.0,,M,True,True,True,False,False,False,1.0,1.0,5.0
5359,535918,6.0,6.0,,F,True,True,True,False,False,False,1.0,1.0,5.0
5359,535919,42.0,40.0,45.0,F,True,True,False,False,False,False,1.0,2.0,1.0
5359,535920,27.0,25.0,30.0,F,True,True,False,False,False,False,2.0,2.0,2.0
5359,535921,2.0,2.0,,F,True,True,False,False,False,False,2.0,1.0,5.0
5359,535922,11.0,11.0,,F,True,False,False,False,False,False,2.0,2.0,2.0
5359,535923,11.0,11.0,,M,True,True,True,True,True,False,1.0,1.0,5.0
5359,535924,3.0,3.0,,M,True,False,False,False,False,False,1.0,1.0,5.0
5359,535925,37.0,35.0,40.0,F,False,False,True,False,False,False,4.0,2.0,1.0
5359,535926,5.0,5.0,,M,True,True,False,False,False,False,2.0,2.0,4.0
5359,535927,3.0,3.0,,M,True,True,False,False,False,False,2.0,1.0,5.0
5359,535928,36.0,36.0,,F,True,True,True,False,False,False,1.0,1.0,5.0
5359,535929,37.0,35.0,40.0,F,True,True,False,False,False,False,2.0,2.0,1.0
5360,536001,55.0,55.0,,F,False,False,False,False,True,False,1.0,2.0,1.0
5360,536002,18.0,16.0,20.0,F,False,True,False,False,False,False,2.0,2.0,1.0
5360,536003,62.0,62.0,,M,False,False,False,False,True,False,1.0,2.0,3.0
5360,536004,32.0,30.0,35.0,M,False,False,False,False,True,False,2.0,2.0,1.0
5360,536005,40.0,35.0,45.0,F,False,False,False,False,True,False,2.0,2.0,1.0
5360,536006,30.0,25.0,35.0,F,False,False,False,False,False,True,4.0,2.0,1.0
5360,536007,32.0,30.0,35.0,F,False,False,False,False,False,True,4.0,2.0,1.0
5360,536008,54.0,54.0,,M,False,False,False,False,True,False,1.0,2.0,2.0
5360,536009,62.0,62.0,,F,False,False,False,True,False,False,1.0,2.0,2.0
5360,536010,57.0,57.0,,F,False,False,False,False,True,False,1.0,2.0,3.0
5360,536011,67.0,65.0,70.0,M,False,False,False,False,True,False,5.0,2.0,1.0
5360,536012,32.0,30.0,35.0,F,False,True,False,False,False,False,2.0,2.0,1.0
5360,536013,60.0,60.0,,F,True,False,False,False,False,False,1.0,1.0,5.0
5360,536014,62.0,62.0,,F,False,False,False,False,True,False,1.0,2.0,1.0
5360,536015,64.0,64.0,,M,False,False,False,False,True,False,1.0,2.0,4.0
5360,536016,68.0,68.0,,M,False,False,False,False,True,False,2.0,2.0,2.0
5361,536101,45.0,45.0,,F,False,True,False,False,False,False,2.0,,1.0
5361,536102,25.0,25.0,,F,False,True,False,False,False,False,2.0,,1.0
5361,536103,52.0,50.0,55.0,F,False,False,False,False,False,True,5.0,,1.0
5361,536104,70.0,70.0,,F,False,False,False,False,False,True,2.0,,1.0
5361,536105,42.0,40.0,45.0,F,False,False,False,False,False,True,2.0,,1.0
5361,536106,50.0,50.0,,F,False,True,False,False,False,False,2.0,,1.0
5361,536107,52.0,52.0,,F,False,True,False,False,False,False,2.0,,1.0
5361,536108,42.0,40.0,45.0,F,False,False,False,False,False,True,2.0,,1.0
5361,536109,32.0,32.0,,F,False,True,False,False,False,False,2.0,2.0,1.0
5361,536110,23.0,22.0,25.0,M,False,True,False,False,False,False,2.0,2.0,1.0
5361,536111,68.0,68.0,,M,False,False,False,True,False,False,1.0,2.0,2.0
5361,536112,47.0,45.0,50.0,M,False,True,False,False,False,False,2.0,2.0,3.0
5361,536113,38.0,38.0,,F,False,True,False,False,False,False,2.0,2.0,2.0
5361,536114,37.0,35.0,40.0,F,False,True,False,False,False,False,2.0,2.0,2.0
5361,536115,42.0,40.0,45.0,F,False,True,False,False,False,False,2.0,2.0,1.0
5361,536116,42.0,40.0,45.0,F,False,True,False,False,False,False,2.0,2.0,1.0
5361,536117,25.0,25.0,,F,False,True,False,False,False,False,2.0,,1.0
5362,536201,9.0,9.0,,F,True,False,False,False,False,False,1.0,,4.0
5362,536202,84.0,84.0,,M,False,True,False,False,False,False,1.0,,3.0
5362,536203,40.0,40.0,,F,True,False,False,False,False,False,1.0,,4.0
5362,536204,29.0,29.0,,F,True,False,False,False,False,False,1.0,,4.0
5362,536205,38.0,38.0,,M,True,False,False,False,False,False,1.0,,4.0
5362,536206,31.0,31.0,,M,True,False,False,False,False,False,1.0,,4.0
5362,536207,13.0,13.0,,M,True,False,False,False,False,False,1.0,,4.0
5362,536208,74.0,74.0,,F,False,True,False,False,False,False,1.0,,3.0
5362,536209,83.0,83.0,,F,False,True,False,False,False,False,1.0,1.0,3.0
5362,536210,77.0,77.0,,F,False,True,False,False,False,False,1.0,1.0,3.0
5362,536211,83.0,83.0,,F,False,True,False,False,False,False,1.0,1.0,3.0
5362,536212,36.0,36.0,,F,False,False,False,False,False,False,1.0,2.0,5.0
5362,536213,60.0,60.0,,M,True,False,False,False,False,False,1.0,2.0,5.0
5362,536214,17.0,17.0,,M,True,False,False,False,False,False,1.0,,4.0
5362,536215,85.0,85.0,,F,False,True,False,False,False,False,1.0,,3.0
5363,536301,42.0,42.0,,F,False,False,False,False,False,True,2.0,2.0,1.0
5363,536302,45.0,40.0,50.0,M,False,False,False,False,False,True,5.0,2.0,1.0
5363,536303,35.0,30.0,40.0,M,False,False,False,False,False,True,5.0,1.0,1.0
5363,536304,45.0,40.0,50.0,M,False,False,False,False,False,True,3.0,1.0,2.0
5364,536401,35.0,35.0,,M,False,True,False,False,False,False,1.0,2.0,2.0
5364,536402,17.0,17.0,,F,True,False,False,False,False,False,1.0,1.0,3.0
5364,536403,3.0,3.0,,F,True,False,False,False,False,False,1.0,1.0,5.0
5364,536404,47.0,47.0,,F,True,False,False,False,False,False,2.0,2.0,3.0
5364,536405,13.0,13.0,,F,True,False,False,False,False,False,1.0,1.0,3.0
5364,536406,49.0,49.0,,M,True,False,False,False,False,False,2.0,2.0,3.0
5364,536407,29.0,29.0,,M,False,True,False,False,False,False,1.0,2.0,2.0
5364,536408,32.0,30.0,35.0,F,False,True,False,False,False,False,2.0,1.0,2.0
5364,536409,26.0,26.0,,F,False,True,False,False,False,False,1.0,2.0,5.0
5364,536410,50.0,50.0,,M,False,True,False,False,False,False,1.0,2.0,5.0
5364,536411,18.0,18.0,,M,False,True,False,False,False,False,1.0,2.0,5.0
5364,536412,1.0,1.0,,F,True,False,False,False,False,False,1.0,1.0,5.0
5364,536413,38.0,38.0,,F,True,False,False,False,False,False,1.0,1.0,5.0
5364,536414,47.0,47.0,,M,False,True,False,False,False,False,1.0,2.0,5.0
5365,536501,42.0,42.0,,F,True,False,False,False,False,False,1.0,1.0,4.0
5365,536502,47.0,47.0,,M,True,False,False,False,False,False,2.0,1.0,3.0
5365,536503,71.0,71.0,,F,False,False,False,False,False,False,1.0,1.0,4.0
5365,536504,12.0,12.0,,F,True,False,False,False,False,False,2.0,1.0,4.0
5366,536601,42.0,42.0,,F,False,True,False,False,False,False,1.0,2.0,5.0
5366,536602,21.0,21.0,,F,False,True,False,False,False,False,1.0,2.0,5.0
5366,536603,43.0,43.0,,F,False,True,False,False,False,False,1.0,2.0,5.0
5366,536604,37.0,37.0,,F,False,True,False,False,False,False,1.0,2.0,5.0
5366,536605,35.0,35.0,,F,False,True,False,False,False,False,1.0,2.0,5.0
5366,536606,29.0,29.0,,F,False,True,False,False,False,False,1.0,2.0,5.0
5366,536607,31.0,31.0,,F,False,True,False,False,False,False,1.0,2.0,5.0
5366,536608,26.0,26.0,,F,False,True,False,False,False,False,1.0,2.0,5.0
5366,536609,24.0,24.0,,F,False,True,False,False,False,False,1.0,2.0,5.0
5366,536610,36.0,36.0,,F,False,True,False,False,False,False,1.0,2.0,5.0
5366,536611,55.0,55.0,,F,True,False,False,False,False,False,1.0,1.0,5.0
5366,536612,9.0,9.0,,F,True,False,False,False,False,False,1.0,1.0,5.0
5366,536613,31.0,31.0,,M,True,False,False,False,False,False,1.0,1.0,5.0
5366,536614,28.0,28.0,,F,False,True,False,False,False,False,1.0,2.0,5.0
5367,536701,40.0,40.0,,F,True,False,False,False,False,False,2.0,2.0,2.0
5367,536702,14.0,14.0,,M,True,False,False,False,False,False,1.0,1.0,4.0
5367,536703,40.0,40.0,,M,True,False,False,False,False,False,1.0,2.0,4.0
5367,536704,8.0,8.0,,F,True,False,False,False,False,False,2.0,1.0,2.0
5367,536705,30.0,30.0,,F,True,False,False,False,False,False,1.0,1.0,2.0
5367,536706,50.0,50.0,,M,True,False,False,False,False,False,1.0,2.0,5.0
5367,536707,13.0,13.0,,F,True,False,False,False,False,False,1.0,1.0,5.0
5367,536708,32.0,32.0,,F,True,False,False,False,False,False,1.0,1.0,5.0
5367,536709,48.0,48.0,,F,True,False,False,False,False,False,1.0,2.0,5.0
5368,536801,45.0,45.0,,M,False,False,False,False,False,True,1.0,1.0,1.0
5368,536802,32.0,32.0,,F,False,False,False,False,False,False,1.0,2.0,3.0
5368,536803,65.0,65.0,,M,False,False,False,False,False,True,2.0,2.0,3.0
5368,536804,40.0,40.0,,M,False,False,False,False,False,True,2.0,2.0,3.0
5368,536805,32.0,32.0,,F,True,False,False,False,False,False,1.0,1.0,5.0
5368,536806,50.0,50.0,,F,False,False,False,False,False,False,1.0,2.0,3.0
5369,536901,50.0,50.0,,M,False,True,False,False,False,False,1.0,,5.0
5369,536902,22.0,22.0,,F,True,False,False,False,False,False,1.0,2.0,3.0
5369,536903,30.0,30.0,,M,True,False,False,False,False,False,1.0,2.0,3.0
5369,536904,34.0,34.0,,F,False,True,False,False,False,False,1.0,,5.0
5369,536905,52.0,52.0,,F,False,True,False,False,False,False,1.0,,5.0
5369,536906,45.0,45.0,,M,True,False,False,False,False,False,1.0,,2.0
5369,536907,21.0,21.0,,F,False,True,False,False,False,False,1.0,,5.0
5369,536908,93.0,93.0,,F,False,False,False,False,False,True,2.0,1.0,4.0
5369,536909,38.0,38.0,,M,False,True,False,False,False,False,1.0,,5.0
5369,536910,45.0,45.0,,F,False,True,False,False,False,False,1.0,,5.0
5369,536911,56.0,56.0,,M,False,True,False,False,False,False,1.0,2.0,5.0
5369,536912,52.0,52.0,,M,False,True,False,False,False,False,1.0,2.0,5.0
5369,536913,62.0,62.0,,M,False,True,False,False,False,False,1.0,2.0,5.0
5369,536914,60.0,60.0,,F,True,False,False,False,False,False,1.0,1.0,5.0
5369,536915,47.0,47.0,,M,False,True,False,False,False,False,1.0,,5.0
5370,537001,40.0,40.0,,F,False,True,False,False,False,False,1.0,1.0,5.0
5370,537002,19.0,19.0,,F,False,True,False,False,False,False,1.0,2.0,5.0
5370,537003,23.0,23.0,,F,False,True,False,False,False,False,1.0,2.0,5.0
5370,537004,27.0,27.0,,F,False,True,False,False,False,False,1.0,2.0,5.0
5370,537005,41.0,41.0,,F,False,True,False,False,False,False,1.0,2.0,5.0
5370,537006,70.0,70.0,,F,True,False,False,False,False,False,1.0,1.0,4.0
5370,537007,40.0,40.0,,F,False,True,False,False,False,False,1.0,2.0,5.0
5370,537008,54.0,54.0,,F,False,True,False,False,False,False,1.0,2.0,5.0
5370,537009,54.0,54.0,,F,False,True,False,False,False,False,1.0,2.0,5.0
5370,537010,68.0,68.0,,F,False,True,False,False,False,False,1.0,1.0,5.0
5370,537011,18.0,18.0,,F,False,True,False,False,False,False,1.0,2.0,5.0
5370,537012,35.0,35.0,,F,False,True,False,False,False,False,1.0,2.0,5.0
5370,537013,8.0,8.0,,F,True,False,False,False,False,False,1.0,1.0,5.0
5370,537014,11.0,11.0,,M,True,False,False,False,False,False,1.0,1.0,5.0
5370,537015,39.0,39.0,,M,True,False,False,False,False,False,1.0,1.0,5.0
5370,537016,65.0,65.0,,F,False,True,False,False,False,False,1.0,2.0,5.0
5370,537017,32.0,32.0,,F,False,True,False,False,False,False,1.0,2.0,5.0
5371,537101,44.0,43.0,45.0,M,False,True,False,False,False,False,4.0,2.0,2.0
5371,537102,12.0,11.0,14.0,M,False,False,False,False,True,False,3.0,2.0,4.0
5371,537103,55.0,50.0,60.0,M,False,False,False,False,True,False,3.0,2.0,4.0
5371,537104,32.0,30.0,35.0,F,False,False,False,False,True,False,3.0,2.0,4.0
5371,537105,50.0,45.0,55.0,F,False,False,False,False,True,False,2.0,2.0,4.0
5371,537106,43.0,41.0,45.0,F,False,False,False,False,False,True,4.0,2.0,2.0
5371,537107,37.0,37.0,,F,True,False,False,False,False,False,1.0,1.0,5.0
5371,537108,13.0,13.0,,F,True,False,False,False,False,False,1.0,2.0,4.0
5371,537109,11.0,11.0,,M,True,False,False,False,True,False,1.0,1.0,5.0
5371,537110,9.0,9.0,,F,True,False,False,False,False,False,1.0,1.0,4.0
5371,537111,22.0,20.0,24.0,F,False,False,False,False,False,True,5.0,2.0,2.0
5372,537201,6.0,5.0,7.0,F,False,False,False,False,True,False,5.0,2.0,2.0
5372,537202,57.0,55.0,60.0,F,False,False,False,False,False,True,5.0,2.0,2.0
5372,537203,5.0,5.0,,F,True,False,False,False,False,False,2.0,1.0,5.0
5372,537204,70.0,65.0,75.0,F,False,False,False,False,False,True,5.0,2.0,2.0
5372,537205,45.0,40.0,50.0,M,False,False,False,False,False,True,5.0,2.0,2.0
5372,537206,10.0,9.0,11.0,M,False,False,False,False,True,False,5.0,2.0,1.0
5372,537207,30.0,25.0,35.0,F,False,False,False,False,True,False,5.0,2.0,2.0
5372,537208,1.0,1.0,2.0,M,False,False,False,False,True,False,5.0,2.0,2.0
5372,537209,64.0,60.0,68.0,M,False,False,False,False,True,False,5.0,2.0,1.0
5372,537210,67.0,65.0,70.0,M,False,False,False,False,True,False,5.0,2.0,2.0
5372,537211,62.0,60.0,65.0,M,False,False,False,False,True,False,5.0,2.0,3.0
5372,537212,21.0,18.0,25.0,F,False,False,False,False,True,False,5.0,1.0,1.0
5372,537213,1.0,1.0,,M,False,False,False,False,False,True,5.0,2.0,1.0
5372,537214,59.0,59.0,,M,True,False,False,False,False,False,1.0,1.0,5.0
5372,537215,35.0,30.0,40.0,M,False,False,False,False,True,False,5.0,2.0,1.0
5372,537216,26.0,23.0,30.0,F,False,False,False,False,False,True,5.0,2.0,1.0
5373,537301,24.0,24.0,,M,True,False,False,True,True,False,2.0,1.0,5.0
5373,537302,4.0,4.0,,M,True,False,False,True,True,True,1.0,1.0,5.0
5373,537303,3.0,3.0,,F,True,False,False,True,True,False,2.0,1.0,5.0
5373,537304,29.0,29.0,,F,True,False,False,True,False,False,2.0,1.0,4.0
5373,537305,7.0,7.0,,M,True,False,False,True,True,False,2.0,1.0,5.0
5374,537401,4.0,4.0,,M,False,False,False,False,False,True,2.0,1.0,4.0
5374,537402,23.0,23.0,,F,False,False,False,False,False,True,2.0,2.0,4.0
5374,537403,35.0,30.0,40.0,F,False,False,False,False,True,False,5.0,2.0,4.0
5374,537404,49.0,49.0,,M,True,False,False,False,False,False,1.0,2.0,5.0
5374,537405,50.0,50.0,,F,True,False,False,False,False,False,1.0,1.0,5.0
5374,537406,20.0,20.0,,F,True,False,False,False,False,False,1.0,1.0,5.0
5374,537407,30.0,30.0,,M,False,False,False,False,False,True,2.0,2.0,4.0
5374,537408,53.0,53.0,,M,False,False,False,False,False,True,1.0,2.0,4.0
5374,537409,50.0,50.0,,F,False,False,False,False,True,False,1.0,2.0,4.0
5374,537410,20.0,20.0,,F,False,False,False,False,True,False,2.0,2.0,4.0
5374,537411,21.0,21.0,,M,False,False,False,False,False,True,1.0,2.0,4.0
5375,537501,2.0,2.0,,M,True,False,False,False,False,False,1.0,1.0,5.0
5375,537502,45.0,40.0,50.0,F,False,False,False,False,True,False,2.0,2.0,4.0
5375,537503,24.0,24.0,,F,True,False,False,False,False,False,1.0,1.0,5.0
5375,537504,3.0,3.0,,M,True,False,False,False,False,False,1.0,1.0,5.0
5375,537505,49.0,49.0,,F,True,False,False,False,False,False,1.0,1.0,5.0
5375,537506,40.0,35.0,45.0,M,False,False,False,False,True,False,4.0,2.0,2.0
5375,537507,20.0,20.0,,F,True,False,False,False,False,False,1.0,1.0,5.0
5376,537601,69.0,69.0,,F,False,True,False,False,False,False,1.0,1.0,3.0
5376,537602,92.0,92.0,,M,False,True,False,False,False,False,1.0,1.0,4.0
5376,537603,90.0,90.0,,F,False,True,False,False,False,False,1.0,,3.0
5376,537604,78.0,78.0,,M,False,True,False,False,False,False,1.0,1.0,3.0
5376,537605,73.0,73.0,,M,False,True,False,False,False,False,1.0,1.0,3.0
5376,537606,82.0,82.0,,M,False,True,False,False,False,False,1.0,1.0,3.0
5376,537607,94.0,94.0,,F,False,True,False,False,False,False,1.0,1.0,3.0
5376,537608,30.0,30.0,,F,False,True,False,True,False,False,1.0,1.0,4.0
5376,537609,79.0,79.0,,M,False,True,False,False,False,False,1.0,1.0,3.0
5376,537610,71.0,71.0,,F,False,True,False,False,False,False,1.0,,3.0
5376,537611,86.0,86.0,,F,False,True,False,False,False,False,1.0,1.0,3.0
5377,537701,27.0,25.0,30.0,M,False,True,False,True,False,False,1.0,2.0,5.0
5377,537702,47.0,45.0,50.0,F,True,False,False,False,False,False,3.0,2.0,4.0
5377,537703,52.0,50.0,55.0,M,True,False,False,False,False,False,3.0,2.0,4.0
5377,537704,47.0,47.0,,F,True,False,False,True,True,True,1.0,1.0,5.0
5377,537705,74.0,74.0,,M,False,False,False,False,False,True,2.0,2.0,3.0
5377,537706,16.0,16.0,,F,True,False,False,False,False,False,1.0,1.0,5.0
5377,537707,73.0,73.0,,F,False,False,False,False,False,True,2.0,1.0,3.0
5378,537801,4.0,4.0,,M,True,False,False,False,False,False,3.0,1.0,4.0
5378,537802,63.0,63.0,,F,True,False,False,False,False,True,1.0,1.0,5.0
5378,537803,50.0,45.0,55.0,F,False,False,False,False,False,True,5.0,2.0,1.0
5378,537804,43.0,43.0,,M,True,False,False,False,False,False,3.0,1.0,4.0
5378,537805,46.0,46.0,,F,True,False,False,False,False,False,3.0,1.0,4.0
5379,537901,17.0,17.0,,F,True,False,False,False,False,False,1.0,1.0,5.0
5379,537902,18.0,18.0,,M,True,False,False,False,False,False,1.0,2.0,4.0
5379,537903,12.0,12.0,,F,True,False,False,False,False,False,2.0,2.0,3.0
5380,538001,65.0,60.0,70.0,F,False,True,False,False,False,False,3.0,1.0,4.0
5380,538002,32.0,32.0,,M,False,True,False,False,False,False,2.0,1.0,5.0
5380,538003,46.0,46.0,,F,True,False,False,False,False,False,1.0,1.0,5.0
5380,538004,60.0,60.0,,M,True,False,False,False,False,False,1.0,1.0,5.0
5380,538005,5.0,5.0,,F,False,True,False,False,False,False,3.0,1.0,4.0
5380,538006,22.0,22.0,,F,False,True,False,False,False,False,5.0,2.0,4.0
5380,538007,25.0,25.0,,F,False,True,False,False,False,False,5.0,1.0,4.0
5380,538008,25.0,20.0,30.0,F,False,True,False,False,False,False,5.0,2.0,3.0
5380,538009,25.0,20.0,30.0,M,False,True,False,False,False,False,5.0,2.0,2.0
5380,538010,25.0,20.0,30.0,M,False,True,False,False,False,False,5.0,2.0,2.0
5380,538011,35.0,30.0,40.0,M,False,True,False,False,False,False,5.0,1.0,2.0
5380,538012,30.0,30.0,,F,False,True,False,False,False,False,2.0,1.0,5.0
5380,538013,23.0,23.0,,F,False,True,False,False,False,False,1.0,2.0,5.0
5380,538014,31.0,31.0,,F,False,True,False,False,False,False,2.0,2.0,3.0
5380,538015,26.0,26.0,,F,False,True,False,False,False,False,2.0,1.0,5.0
5381,538101,60.0,60.0,,M,True,False,False,False,False,False,1.0,1.0,5.0
5381,538102,20.0,20.0,,F,True,False,False,False,False,False,1.0,1.0,5.0
5381,538103,25.0,25.0,,F,True,False,False,False,False,False,3.0,2.0,1.0
5381,538104,50.0,50.0,,F,True,False,False,False,False,False,3.0,2.0,1.0
5382,538201,45.0,40.0,50.0,F,False,True,False,False,False,False,2.0,,3.0
5382,538202,21.0,21.0,,M,False,True,False,False,False,False,1.0,,3.0
5382,538203,35.0,30.0,40.0,F,False,True,False,False,False,False,2.0,,4.0
5382,538204,37.0,35.0,40.0,M,False,False,False,False,True,False,2.0,1.0,1.0
5382,538205,35.0,30.0,40.0,F,False,True,False,False,False,False,2.0,,3.0
5382,538206,60.0,60.0,,M,False,True,False,False,False,False,1.0,2.0,4.0
5382,538207,47.0,47.0,,F,False,True,False,False,False,False,1.0,2.0,4.0
5382,538208,35.0,30.0,40.0,F,False,True,False,False,False,False,2.0,,4.0
5383,538301,64.0,64.0,,F,True,False,False,False,False,False,1.0,1.0,5.0
5383,538302,57.0,57.0,,F,True,False,False,False,False,False,1.0,2.0,4.0
5383,538303,61.0,61.0,,F,True,False,False,False,False,False,3.0,1.0,3.0
5384,538401,17.0,17.0,,F,False,True,False,False,False,False,1.0,1.0,5.0
5384,538402,40.0,40.0,,F,True,False,False,False,False,False,1.0,1.0,5.0
5385,538501,10.0,10.0,,F,False,False,False,False,False,False,2.0,2.0,
5385,538502,38.0,38.0,,F,False,False,False,False,False,False,2.0,2.0,
5385,538503,35.0,35.0,,M,False,False,False,False,False,False,2.0,1.0,
5385,538504,85.0,85.0,,F,False,False,False,False,False,False,1.0,2.0,
5385,538505,57.0,57.0,,F,False,False,False,False,False,False,1.0,2.0,
5386,538601,36.0,36.0,,F,False,False,False,False,False,True,3.0,1.0,5.0
5386,538602,21.0,21.0,,F,True,False,False,False,True,True,1.0,1.0,5.0
5386,538603,35.0,30.0,40.0,F,False,False,False,False,True,False,4.0,1.0,3.0
5386,538604,74.0,74.0,,F,True,False,False,True,True,True,1.0,1.0,5.0
5386,538605,10.0,10.0,,F,False,False,False,False,False,True,3.0,1.0,5.0
5386,538606,7.0,7.0,,M,True,False,False,False,False,False,1.0,1.0,5.0
5386,538607,8.0,8.0,,F,False,False,False,False,False,True,3.0,1.0,5.0
5386,538608,54.0,54.0,,M,False,False,False,False,True,True,3.0,1.0,5.0
5386,538609,42.0,40.0,45.0,M,False,False,False,False,False,True,3.0,2.0,5.0
5387,538701,38.0,38.0,,F,True,False,False,False,False,False,4.0,1.0,2.0
5387,538702,14.0,14.0,,M,True,False,False,False,True,False,2.0,,2.0
5387,538703,13.0,13.0,,F,True,False,False,False,True,False,2.0,,2.0
5387,538704,45.0,40.0,50.0,M,True,False,False,False,True,False,2.0,,2.0
5387,538705,45.0,40.0,50.0,F,True,False,False,False,True,False,2.0,,2.0
5387,538706,49.0,49.0,,F,True,False,False,False,True,False,3.0,1.0,5.0
5387,538707,29.0,29.0,,M,True,False,False,False,False,False,4.0,1.0,2.0
5387,538708,22.0,22.0,,M,False,False,False,False,True,False,3.0,1.0,3.0
5387,538709,22.0,22.0,,F,False,False,False,False,True,False,3.0,1.0,3.0
5387,538710,36.0,36.0,,M,True,False,False,False,True,False,1.0,1.0,5.0
5387,538711,5.0,5.0,,F,True,False,False,False,True,False,1.0,1.0,5.0
5387,538712,7.0,7.0,,M,True,False,False,False,True,False,1.0,1.0,5.0
5387,538713,35.0,30.0,40.0,F,False,False,False,False,False,True,5.0,,1.0
5388,538801,71.0,71.0,,F,True,False,False,False,False,False,2.0,1.0,4.0
5388,538802,40.0,40.0,,F,True,False,False,False,False,False,1.0,1.0,5.0
5388,538803,12.0,12.0,,M,True,False,False,False,False,False,2.0,2.0,1.0
5388,538804,16.0,16.0,,F,True,False,False,False,False,False,2.0,2.0,1.0
5388,538805,11.0,11.0,,M,True,False,False,False,False,False,1.0,1.0,5.0
5388,538806,13.0,13.0,,M,True,False,False,False,False,False,1.0,1.0,5.0
5388,538807,16.0,16.0,,M,True,False,False,False,False,False,1.0,1.0,5.0
5389,538901,40.0,40.0,,F,True,False,False,False,False,False,1.0,1.0,5.0
5389,538902,3.0,3.0,,F,True,False,False,False,False,False,1.0,1.0,5.0
5389,538903,45.0,40.0,50.0,F,False,False,False,False,False,True,4.0,1.0,1.0
5389,538904,35.0,30.0,40.0,F,False,False,False,False,False,True,4.0,2.0,1.0
5389,538905,35.0,30.0,40.0,F,False,False,False,False,False,True,4.0,2.0,1.0
5390,539001,67.0,65.0,70.0,M,False,False,False,False,False,True,5.0,2.0,1.0
5390,539002,22.0,20.0,25.0,F,False,False,False,False,False,True,5.0,2.0,1.0
5390,539003,40.0,38.0,42.0,M,False,False,False,False,False,True,5.0,2.0,2.0
5390,539004,67.0,65.0,70.0,F,False,False,False,False,False,True,5.0,2.0,1.0
5390,539005,62.0,62.0,,F,True,False,False,False,False,True,1.0,1.0,5.0
5390,539006,60.0,60.0,,M,True,False,False,False,False,True,1.0,1.0,5.0
5390,539007,23.0,21.0,26.0,M,False,False,False,False,False,True,5.0,2.0,1.0
5391,539101,28.0,27.0,30.0,M,False,False,False,False,True,False,2.0,2.0,4.0
5391,539102,19.0,19.0,,M,True,False,False,False,False,False,1.0,1.0,5.0
5391,539103,36.0,32.0,40.0,M,False,False,False,False,True,False,3.0,2.0,2.0
5391,539104,22.0,22.0,,F,False,False,False,False,True,False,4.0,1.0,2.0
5391,539105,42.0,40.0,45.0,M,False,False,False,False,False,True,1.0,,2.0
5391,539106,38.0,37.0,40.0,M,False,False,False,False,False,True,2.0,,1.0
5391,539107,25.0,25.0,,M,False,False,False,False,False,True,3.0,,1.0
5391,539108,46.0,45.0,47.0,M,False,False,False,False,False,True,3.0,2.0,1.0
5391,539109,43.0,41.0,45.0,M,False,False,False,False,True,False,2.0,,4.0
5391,539110,39.0,38.0,40.0,M,False,False,False,False,True,False,1.0,1.0,4.0
5391,539111,65.0,65.0,,M,False,False,False,False,True,False,2.0,2.0,2.0
5391,539112,46.0,44.0,48.0,F,False,False,False,False,True,False,3.0,2.0,1.0
5391,539113,19.0,19.0,,F,True,False,False,False,True,False,1.0,,4.0
5391,539114,16.0,16.0,,M,True,False,False,False,False,False,1.0,,5.0
5391,539115,49.0,49.0,,M,True,False,False,False,True,False,1.0,1.0,5.0
5391,539116,21.0,21.0,,M,True,False,False,False,True,False,1.0,1.0,4.0
5392,539201,30.0,30.0,,M,True,False,False,True,True,False,3.0,1.0,4.0
5392,539202,84.0,84.0,,F,False,False,False,False,False,True,1.0,2.0,2.0
5392,539203,42.0,40.0,45.0,F,False,False,False,False,False,True,1.0,2.0,1.0
5392,539204,29.0,28.0,30.0,M,True,False,False,False,False,False,5.0,2.0,2.0
5392,539205,32.0,32.0,,M,True,False,False,True,True,False,2.0,1.0,4.0
5392,539206,71.0,71.0,,F,True,False,False,False,False,False,1.0,,3.0
5392,539207,61.0,61.0,,F,True,False,False,False,False,False,2.0,,3.0
5394,539401,8.0,8.0,,F,False,False,False,False,False,True,2.0,2.0,4.0
5394,539402,14.0,14.0,,F,False,False,False,False,False,True,2.0,2.0,4.0
5394,539403,16.0,16.0,,F,False,False,False,False,False,True,2.0,2.0,4.0
5394,539404,9.0,9.0,,F,False,False,False,False,False,True,2.0,2.0,4.0
5394,539405,7.0,7.0,,F,False,False,False,False,False,True,2.0,1.0,4.0
5394,539406,7.0,7.0,,F,False,False,False,False,False,True,2.0,2.0,4.0
5394,539407,7.0,7.0,,F,False,False,False,False,False,True,2.0,2.0,4.0
5394,539408,7.0,7.0,,F,False,False,False,False,False,True,2.0,2.0,4.0
5394,539409,8.0,8.0,,F,False,False,False,False,False,True,2.0,1.0,4.0
5394,539410,20.0,20.0,,F,False,False,False,False,False,True,2.0,2.0,4.0
5394,539411,8.0,8.0,,F,False,False,False,False,False,True,2.0,2.0,4.0
5394,539412,7.0,7.0,,F,False,False,False,False,False,True,2.0,1.0,4.0
5394,539413,8.0,8.0,,F,False,False,False,False,False,True,2.0,2.0,4.0
5394,539414,8.0,8.0,,F,False,False,False,False,False,True,2.0,1.0,4.0
5394,539415,14.0,14.0,,F,True,False,False,False,False,False,1.0,1.0,5.0
5394,539416,7.0,7.0,,F,False,False,False,False,False,True,2.0,2.0,4.0
5394,539417,45.0,45.0,,M,True,False,False,False,False,False,1.0,1.0,5.0
5394,539418,38.0,38.0,,F,False,False,False,False,False,True,2.0,2.0,4.0
5394,539419,19.0,19.0,,F,True,False,False,False,False,False,1.0,2.0,5.0
5394,539420,23.0,23.0,,F,True,False,False,False,False,False,1.0,2.0,5.0
5394,539421,47.0,45.0,50.0,M,False,False,False,True,False,False,4.0,2.0,1.0
5394,539422,47.0,45.0,50.0,F,False,True,False,False,False,False,1.0,2.0,4.0
5394,539423,45.0,45.0,,M,False,True,False,False,False,False,1.0,2.0,4.0
5394,539424,39.0,39.0,,F,False,True,False,False,False,False,1.0,2.0,4.0
5394,539425,43.0,43.0,,F,False,True,False,False,False,False,1.0,2.0,4.0
5394,539426,42.0,42.0,,M,False,True,False,False,False,False,1.0,2.0,4.0
5394,539427,44.0,44.0,,F,False,True,False,False,False,False,1.0,2.0,4.0
5394,539428,22.0,22.0,,F,False,True,False,False,False,False,1.0,2.0,4.0
5394,539429,47.0,45.0,50.0,F,False,True,False,False,False,False,1.0,2.0,4.0
5395,539501,7.0,7.0,8.0,F,False,False,True,False,False,False,2.0,2.0,5.0
5395,539502,15.0,10.0,20.0,F,False,True,False,False,False,False,4.0,1.0,1.0
5395,539503,25.0,20.0,30.0,F,False,True,False,False,False,False,4.0,1.0,1.0
5395,539504,27.0,25.0,30.0,M,False,True,False,False,False,False,4.0,1.0,1.0
5395,539505,17.0,16.0,18.0,M,False,True,False,False,False,False,4.0,2.0,4.0
5395,539506,17.0,16.0,18.0,M,False,True,False,False,False,False,4.0,2.0,4.0
5395,539507,17.0,16.0,18.0,M,False,True,False,False,False,False,4.0,2.0,4.0
5395,539508,7.0,7.0,8.0,F,False,False,True,False,False,False,2.0,1.0,5.0
5395,539509,7.0,7.0,8.0,F,False,False,True,False,False,False,2.0,2.0,5.0
5395,539510,19.0,18.0,20.0,F,False,False,False,False,True,False,1.0,1.0,5.0
5395,539511,7.0,7.0,8.0,M,False,False,True,False,False,False,2.0,2.0,5.0
5395,539512,7.0,7.0,8.0,F,False,False,True,False,False,False,2.0,2.0,5.0
5395,539513,55.0,50.0,60.0,M,False,True,False,False,False,False,4.0,1.0,1.0
5395,539514,7.0,7.0,8.0,M,False,False,True,False,False,False,2.0,2.0,5.0
5395,539515,45.0,40.0,50.0,F,False,True,False,False,False,False,1.0,1.0,5.0
5395,539516,7.0,7.0,8.0,F,False,False,True,False,False,False,2.0,1.0,5.0
5395,539517,7.0,7.0,8.0,M,False,False,True,False,False,False,2.0,1.0,5.0
5395,539518,25.0,20.0,30.0,F,False,False,True,False,False,False,2.0,2.0,5.0
5395,539519,35.0,30.0,40.0,F,False,True,False,False,False,False,4.0,1.0,1.0
5395,539520,22.0,20.0,25.0,F,False,False,False,False,True,False,2.0,1.0,4.0
5395,539521,18.0,16.0,20.0,F,False,True,False,False,False,False,2.0,1.0,5.0
5395,539522,35.0,30.0,40.0,M,False,True,False,False,False,False,4.0,1.0,1.0
5395,539523,55.0,50.0,60.0,M,False,True,False,False,False,False,1.0,2.0,5.0
5395,539524,18.0,16.0,20.0,F,False,False,False,False,True,False,5.0,1.0,4.0
5395,539525,55.0,50.0,60.0,M,True,False,False,False,False,False,1.0,2.0,4.0
5395,539526,22.0,20.0,25.0,M,True,False,False,False,False,False,1.0,2.0,4.0
5395,539527,62.0,60.0,65.0,F,False,True,False,False,False,False,5.0,1.0,1.0
5395,539528,25.0,20.0,30.0,F,False,True,False,False,False,False,1.0,1.0,5.0
5395,539529,50.0,50.0,,F,True,False,False,False,False,False,1.0,1.0,5.0
5396,539601,19.0,19.0,,M,True,False,False,False,False,False,2.0,,4.0
5396,539602,38.0,38.0,,F,False,True,False,False,False,False,1.0,2.0,3.0
5396,539603,60.0,60.0,,M,False,True,False,False,False,False,2.0,2.0,2.0
5396,539604,62.0,60.0,65.0,F,False,True,False,False,False,False,4.0,1.0,4.0
5396,539605,52.0,50.0,55.0,F,False,True,False,False,False,False,5.0,1.0,4.0
5396,539606,18.0,18.0,,M,True,False,False,False,False,False,1.0,1.0,5.0
5396,539607,62.0,60.0,65.0,F,False,True,False,False,False,False,4.0,2.0,3.0
5396,539608,62.0,60.0,65.0,F,False,True,False,False,False,False,4.0,1.0,3.0
5396,539609,15.0,15.0,,M,True,False,False,False,False,False,1.0,1.0,5.0
5396,539610,59.0,59.0,,F,False,True,False,False,False,False,1.0,2.0,4.0
5396,539611,39.0,39.0,,F,True,False,False,False,False,False,1.0,1.0,5.0
5396,539612,40.0,40.0,,M,True,False,False,False,False,False,1.0,1.0,5.0
5396,539613,31.0,31.0,,F,False,True,False,False,False,False,1.0,2.0,4.0
5396,539614,22.0,22.0,,F,False,True,False,False,False,False,1.0,2.0,4.0
5396,539615,31.0,31.0,,M,False,True,False,False,False,False,1.0,2.0,3.0
5396,539616,48.0,48.0,,M,False,True,False,False,False,False,1.0,2.0,3.0
5396,539617,32.0,30.0,35.0,F,False,True,False,False,False,False,4.0,1.0,4.0
5397,539701,44.0,44.0,,F,False,True,False,False,False,False,2.0,1.0,5.0
5397,539702,23.0,23.0,,M,False,True,False,False,False,False,2.0,2.0,3.0
5397,539703,22.0,22.0,,F,True,False,False,False,False,False,1.0,1.0,2.0
5397,539704,37.0,35.0,40.0,F,False,True,False,False,False,False,5.0,2.0,1.0
5397,539705,23.0,23.0,,M,True,False,False,False,False,False,1.0,1.0,3.0
5397,539706,40.0,40.0,,F,True,False,False,False,False,False,2.0,2.0,2.0
5397,539707,17.0,17.0,,F,False,True,False,False,False,False,2.0,1.0,3.0
5397,539708,42.0,40.0,45.0,M,False,True,False,False,False,False,2.0,1.0,3.0
5397,539709,50.0,50.0,,M,True,False,False,False,False,False,1.0,1.0,3.0
5397,539710,42.0,40.0,45.0,M,False,True,False,False,False,False,2.0,2.0,2.0
5397,539711,42.0,40.0,45.0,F,False,True,False,False,False,False,2.0,2.0,2.0
5397,539712,47.0,45.0,50.0,F,False,True,False,False,False,False,2.0,1.0,4.0
5397,539713,42.0,40.0,45.0,F,False,True,False,False,False,False,2.0,1.0,3.0
5397,539714,20.0,20.0,,F,False,True,False,False,False,False,2.0,2.0,1.0
5397,539715,27.0,25.0,30.0,F,False,False,False,False,False,True,2.0,2.0,1.0
5397,539716,47.0,47.0,,F,True,False,False,False,False,False,1.0,1.0,3.0
5397,539717,17.0,17.0,,M,False,True,False,False,False,False,2.0,1.0,3.0
5398,539801,32.0,30.0,35.0,F,False,True,False,False,False,False,2.0,2.0,1.0
5398,539802,61.0,61.0,,M,False,False,False,False,False,True,1.0,2.0,3.0
5398,539803,34.0,34.0,,F,False,False,False,False,False,True,2.0,2.0,3.0
5398,539804,5.0,5.0,,M,False,False,False,False,False,True,2.0,2.0,3.0
5398,539805,2.0,2.0,,F,False,False,False,False,False,True,2.0,2.0,3.0
5398,539806,37.0,35.0,40.0,M,False,False,False,False,False,True,2.0,1.0,1.0
5398,539807,37.0,35.0,40.0,M,False,True,False,False,False,False,2.0,2.0,1.0
5398,539808,60.0,60.0,,F,False,False,False,False,False,True,1.0,1.0,4.0
5398,539809,50.0,50.0,,F,False,True,False,False,False,False,1.0,2.0,4.0
5398,539810,27.0,25.0,30.0,F,False,False,False,False,False,True,2.0,1.0,2.0
5398,539811,52.0,52.0,,F,False,True,False,False,False,False,1.0,2.0,5.0
5398,539812,36.0,36.0,,M,False,False,False,False,False,True,2.0,2.0,3.0
5398,539813,52.0,50.0,55.0,F,False,False,False,False,False,True,3.0,1.0,3.0
5398,539814,35.0,35.0,,M,True,False,False,False,False,False,1.0,1.0,4.0
5398,539815,12.0,12.0,,M,True,False,True,False,False,False,1.0,1.0,5.0
5398,539816,45.0,45.0,,F,False,True,False,False,False,False,1.0,1.0,5.0
5398,539817,42.0,42.0,,F,False,True,False,False,False,False,1.0,2.0,5.0
5398,539818,36.0,36.0,,F,False,True,False,False,False,False,1.0,2.0,5.0
5398,539819,38.0,38.0,,F,False,True,False,False,False,False,1.0,2.0,5.0
5398,539820,37.0,37.0,,F,False,True,False,False,False,False,1.0,2.0,5.0
5398,539821,50.0,50.0,,F,False,True,False,False,False,False,1.0,2.0,5.0
5398,539822,9.0,9.0,,F,True,False,True,False,False,False,1.0,1.0,5.0
5399,539901,85.0,85.0,,F,True,False,False,False,False,False,1.0,2.0,2.0
5399,539902,35.0,30.0,40.0,M,False,False,True,False,False,False,4.0,2.0,2.0
5399,539903,35.0,30.0,40.0,F,False,False,True,False,False,False,4.0,2.0,1.0
5399,539904,40.0,35.0,45.0,F,False,False,True,False,False,False,4.0,2.0,1.0
5399,539905,37.0,35.0,40.0,M,True,False,False,False,False,False,5.0,2.0,2.0
5399,539906,47.0,45.0,50.0,F,False,False,False,False,True,False,3.0,2.0,2.0
5399,539907,47.0,45.0,50.0,M,False,False,False,False,True,False,3.0,2.0,2.0
5399,539908,61.0,61.0,,M,True,False,False,False,False,False,1.0,2.0,2.0
5399,539909,52.0,50.0,55.0,F,True,False,False,False,False,False,2.0,2.0,2.0
5399,539910,35.0,30.0,40.0,M,False,False,True,False,False,False,4.0,2.0,4.0
5399,539911,59.0,59.0,,,True,False,False,False,False,False,1.0,,2.0
5399,539912,16.0,16.0,,F,True,False,False,False,False,False,1.0,,3.0
5399,539913,35.0,30.0,40.0,M,False,False,True,False,False,False,4.0,2.0,4.0
5399,539914,37.0,35.0,40.0,F,False,False,True,False,False,False,4.0,2.0,3.0
5399,539915,35.0,30.0,40.0,F,False,False,True,False,False,False,4.0,2.0,4.0
5399,539916,35.0,30.0,40.0,F,False,False,True,False,False,False,4.0,2.0,4.0
5399,539917,59.0,59.0,,,True,False,False,False,False,False,1.0,1.0,5.0
5399,539918,35.0,30.0,40.0,F,False,False,True,False,False,False,,2.0,3.0
5399,539919,59.0,59.0,,F,False,False,True,False,False,False,4.0,2.0,1.0
5399,539920,35.0,30.0,40.0,M,False,False,True,False,False,False,4.0,2.0,2.0
5399,539921,45.0,40.0,50.0,M,False,False,True,False,False,False,4.0,2.0,2.0
5400,540001,50.0,50.0,,F,False,True,False,False,False,False,2.0,2.0,5.0
5400,540002,55.0,50.0,60.0,F,False,False,False,True,False,False,5.0,2.0,1.0
5400,540003,42.0,40.0,45.0,M,False,True,False,False,False,False,2.0,2.0,3.0
5400,540004,41.0,41.0,,M,False,True,False,False,False,False,1.0,2.0,4.0
5400,540005,32.0,30.0,35.0,F,False,True,False,False,False,False,5.0,2.0,3.0
5400,540006,50.0,50.0,,M,False,True,False,False,False,False,2.0,2.0,5.0
5400,540007,32.0,30.0,35.0,M,False,True,False,False,False,False,5.0,2.0,3.0
5400,540008,37.0,37.0,,F,True,False,False,False,False,False,1.0,1.0,5.0
5400,540009,42.0,40.0,45.0,F,False,False,False,False,True,False,2.0,1.0,1.0
5400,540010,29.0,29.0,,M,False,True,False,False,False,False,2.0,2.0,2.0
5400,540011,34.0,34.0,,F,False,True,False,False,False,False,2.0,1.0,2.0
5400,540012,20.0,20.0,,M,False,True,False,True,False,False,1.0,2.0,5.0
5400,540013,36.0,36.0,,M,False,True,False,True,False,False,1.0,1.0,5.0
5400,540014,9.0,9.0,,M,True,False,False,False,False,False,1.0,1.0,4.0
5400,540015,5.0,5.0,,M,True,False,False,False,False,False,1.0,1.0,4.0
5400,540016,7.0,7.0,,M,True,False,False,False,False,False,1.0,1.0,4.0
5400,540017,21.0,21.0,,M,False,True,False,False,False,False,5.0,2.0,1.0
5401,540101,40.0,40.0,,M,True,False,False,False,False,True,2.0,1.0,5.0
5401,540102,47.0,45.0,50.0,F,False,False,False,False,False,True,5.0,1.0,1.0
5401,540103,27.0,25.0,30.0,F,False,False,False,False,False,True,5.0,1.0,1.0
5401,540104,57.0,55.0,60.0,M,False,False,False,False,False,True,5.0,2.0,2.0
5401,540105,57.0,55.0,60.0,F,False,False,False,False,False,True,5.0,2.0,2.0
5401,540106,0.0,0.0,,M,True,False,False,False,False,True,5.0,1.0,3.0
5401,540107,65.0,65.0,,M,True,False,False,False,False,True,1.0,1.0,4.0
5401,540108,35.0,35.0,,F,False,False,False,False,False,True,2.0,1.0,5.0
5401,540109,2.0,2.0,,M,True,False,False,False,False,True,2.0,1.0,5.0
5402,540201,37.0,35.0,40.0,F,False,True,False,False,False,False,4.0,2.0,4.0
5402,540202,45.0,45.0,,F,True,False,False,False,False,False,1.0,1.0,5.0
5402,540203,42.0,40.0,45.0,M,False,True,False,False,False,False,4.0,2.0,1.0
5402,540204,45.0,40.0,50.0,F,False,False,False,False,False,True,5.0,2.0,1.0
5402,540205,55.0,55.0,,M,False,False,False,False,False,True,2.0,2.0,2.0
5402,540206,47.0,45.0,50.0,F,False,True,False,False,False,False,2.0,2.0,5.0
5402,540207,52.0,50.0,55.0,M,False,True,False,False,False,False,2.0,2.0,5.0
5402,540208,37.0,35.0,40.0,M,True,False,False,False,False,False,2.0,2.0,2.0
5402,540209,44.0,44.0,,M,False,True,False,False,False,False,4.0,2.0,5.0
5403,540301,55.0,55.0,,M,False,False,False,False,True,False,2.0,2.0,4.0
5403,540302,57.0,57.0,,M,False,False,False,False,False,False,2.0,2.0,4.0
5404,540401,14.0,14.0,,M,False,False,False,False,True,False,3.0,2.0,5.0
5404,540402,23.0,23.0,,M,False,True,False,False,False,False,1.0,1.0,5.0
5404,540403,23.0,23.0,,M,False,True,False,False,False,False,1.0,1.0,5.0
5404,540404,23.0,23.0,,F,False,True,False,False,False,False,1.0,2.0,5.0
5404,540405,24.0,24.0,,M,False,True,False,False,True,True,1.0,1.0,5.0
5404,540406,17.0,17.0,,M,False,True,False,False,True,True,2.0,1.0,5.0
5404,540407,14.0,14.0,,M,False,False,False,False,True,False,3.0,2.0,5.0
5404,540408,17.0,17.0,,M,False,True,False,False,False,False,2.0,1.0,5.0
5404,540409,17.0,17.0,,M,False,True,False,False,False,False,2.0,1.0,5.0
5404,540410,22.0,22.0,,F,False,True,False,False,False,False,1.0,2.0,5.0
5404,540411,13.0,13.0,,F,True,False,False,True,False,False,1.0,2.0,4.0
5404,540412,17.0,17.0,,M,False,True,False,False,False,False,2.0,1.0,5.0
5404,540413,42.0,42.0,,F,True,False,False,True,False,False,1.0,1.0,4.0
5404,540414,27.0,27.0,,F,True,False,False,True,True,True,1.0,1.0,4.0
5404,540415,27.0,27.0,,M,True,False,True,True,True,True,1.0,1.0,5.0
5404,540416,18.0,18.0,,M,False,False,False,False,True,False,3.0,2.0,4.0
5404,540417,33.0,33.0,,F,False,False,False,False,True,True,2.0,2.0,3.0
5404,540418,14.0,14.0,,M,False,False,False,False,True,True,2.0,2.0,5.0
5404,540419,24.0,24.0,,M,False,True,False,False,True,False,1.0,1.0,5.0
5404,540420,58.0,58.0,,M,True,False,False,True,False,False,1.0,1.0,4.0
5405,540501,57.0,57.0,,M,False,False,False,False,True,False,2.0,1.0,5.0
5405,540502,53.0,53.0,,M,True,False,False,False,False,False,2.0,2.0,2.0
5405,540503,57.0,57.0,,F,False,False,False,True,False,False,3.0,1.0,2.0
5405,540504,42.0,40.0,45.0,F,True,False,False,False,False,False,4.0,1.0,4.0
5405,540505,47.0,45.0,50.0,F,True,False,False,False,False,False,4.0,2.0,2.0
5405,540506,32.0,30.0,35.0,M,False,False,False,False,False,True,5.0,1.0,1.0
5405,540507,27.0,25.0,30.0,M,False,False,False,False,False,True,5.0,2.0,1.0
5405,540508,62.0,62.0,,F,False,False,False,False,False,True,5.0,1.0,2.0
5405,540509,67.0,65.0,70.0,F,False,False,False,False,False,True,5.0,2.0,1.0
5406,540601,35.0,30.0,40.0,M,False,False,False,False,True,False,1.0,2.0,4.0
5406,540602,39.0,38.0,40.0,M,False,False,False,False,True,False,1.0,2.0,4.0
5407,540701,45.0,45.0,,F,True,False,False,False,False,False,1.0,2.0,4.0
5407,540702,13.0,13.0,,M,True,False,False,False,False,False,1.0,2.0,4.0
5407,540703,48.0,48.0,,M,False,False,False,False,True,False,1.0,2.0,5.0
5407,540704,38.0,38.0,,M,False,False,False,False,True,False,1.0,2.0,5.0
5407,540705,46.0,46.0,,M,False,False,False,False,True,False,1.0,2.0,5.0
5407,540706,48.0,48.0,,M,False,False,False,False,True,False,1.0,2.0,5.0
5408,540801,28.0,28.0,,F,False,False,False,False,True,False,1.0,2.0,5.0
5408,540802,29.0,28.0,30.0,M,False,False,False,False,False,False,3.0,2.0,5.0
5408,540803,32.0,29.0,35.0,M,False,False,False,False,True,False,2.0,1.0,5.0
5409,540901,42.0,42.0,,M,True,False,False,False,True,False,1.0,1.0,4.0
5409,540902,71.0,71.0,,F,False,True,False,False,False,False,2.0,1.0,4.0
5409,540903,68.0,68.0,,F,False,True,False,False,False,False,2.0,1.0,4.0
5409,540904,14.0,14.0,,M,True,False,False,False,True,False,1.0,1.0,4.0
5410,541001,21.0,20.0,22.0,M,False,False,False,False,True,False,1.0,2.0,1.0
5410,541002,9.0,9.0,,M,False,False,False,False,True,False,2.0,1.0,3.0
5410,541003,66.0,65.0,68.0,M,False,False,False,False,False,True,2.0,2.0,1.0
5410,541004,42.0,40.0,45.0,F,False,False,False,False,False,True,2.0,2.0,2.0
5410,541005,50.0,50.0,,M,False,False,False,False,False,True,2.0,2.0,3.0
5410,541006,55.0,55.0,,F,False,False,False,False,True,False,1.0,2.0,3.0
5410,541007,54.0,54.0,,M,False,False,False,False,True,False,2.0,2.0,3.0
5410,541008,36.0,36.0,,F,True,False,False,False,False,False,2.0,2.0,3.0
5410,541009,53.0,53.0,,F,False,False,False,False,False,True,2.0,1.0,2.0
5410,541010,42.0,42.0,,M,True,False,False,False,False,False,1.0,1.0,4.0
5411,541101,16.0,16.0,,F,True,False,False,False,True,False,1.0,1.0,5.0
5411,541102,18.0,18.0,,M,True,False,False,False,True,False,1.0,1.0,5.0
5411,541103,48.0,48.0,,M,True,False,False,False,True,False,1.0,1.0,5.0
5412,541201,56.0,56.0,,F,False,False,False,False,False,True,2.0,1.0,3.0
5412,541202,16.0,15.0,17.0,M,False,False,False,True,False,False,5.0,2.0,1.0
5412,541203,27.0,25.0,30.0,F,False,False,False,False,False,True,4.0,1.0,3.0
5412,541204,33.0,33.0,,F,True,False,False,False,False,False,1.0,1.0,4.0
5412,541205,62.0,60.0,65.0,M,False,False,False,True,False,False,5.0,2.0,2.0
5412,541206,52.0,52.0,,M,True,False,False,False,False,False,1.0,1.0,5.0
5412,541207,12.0,12.0,,M,True,False,False,False,False,False,2.0,1.0,4.0
5413,541301,55.0,30.0,80.0,F,False,False,False,False,True,False,2.0,1.0,2.0
5413,541302,1.0,1.0,,M,True,False,False,False,False,False,2.0,1.0,4.0
5413,541303,25.0,25.0,,M,True,False,False,False,False,False,2.0,1.0,4.0
5413,541304,63.0,63.0,,M,True,False,False,False,False,False,1.0,1.0,5.0
5413,541305,55.0,30.0,80.0,F,False,False,False,False,True,False,2.0,1.0,2.0
5413,541306,55.0,30.0,80.0,F,False,False,False,False,True,False,2.0,1.0,2.0
5413,541307,55.0,30.0,80.0,F,False,False,False,False,True,False,2.0,1.0,2.0
5413,541308,55.0,30.0,80.0,F,False,False,False,False,True,False,2.0,1.0,2.0
5413,541309,55.0,30.0,80.0,F,False,False,False,False,True,False,2.0,1.0,2.0
5413,541310,55.0,30.0,80.0,F,False,False,False,False,True,False,2.0,1.0,2.0
5414,541401,17.0,17.0,,F,True,False,False,False,False,False,1.0,2.0,4.0
5414,541402,25.0,25.0,,M,False,True,False,False,False,False,1.0,2.0,5.0
5414,541403,55.0,55.0,,M,False,True,False,False,False,False,1.0,2.0,5.0
5414,541404,30.0,25.0,35.0,M,False,True,False,False,False,False,2.0,2.0,2.0
5414,541405,45.0,45.0,,M,False,True,False,False,False,False,1.0,2.0,5.0
5414,541406,32.0,32.0,,M,False,True,False,False,False,False,1.0,2.0,5.0
5414,541407,17.0,17.0,,M,True,False,False,False,False,False,2.0,2.0,4.0
5414,541408,16.0,16.0,,M,True,False,False,False,False,False,1.0,2.0,4.0
5414,541409,16.0,16.0,,M,True,False,False,False,False,False,1.0,2.0,4.0
5414,541410,17.0,17.0,,F,True,False,False,False,False,False,1.0,1.0,5.0
5414,541411,42.0,42.0,,F,True,False,False,False,False,False,1.0,1.0,5.0
5414,541412,47.0,47.0,,F,False,True,False,False,False,False,1.0,2.0,5.0
5414,541413,17.0,17.0,,F,True,False,False,False,False,False,1.0,2.0,4.0
5415,541501,57.0,55.0,60.0,F,False,False,False,False,False,True,5.0,2.0,1.0
5415,541502,57.0,55.0,60.0,F,False,False,False,False,False,True,5.0,2.0,1.0
5415,541503,52.0,50.0,55.0,M,False,True,False,False,False,False,1.0,2.0,2.0
5415,541504,42.0,40.0,45.0,M,False,True,False,False,False,False,1.0,2.0,5.0
5415,541505,37.0,35.0,40.0,M,False,True,False,False,False,False,1.0,2.0,5.0
5415,541506,57.0,55.0,60.0,M,False,True,False,False,False,False,1.0,2.0,5.0
5415,541507,57.0,55.0,60.0,M,False,True,False,False,False,False,1.0,2.0,5.0
5415,541508,22.0,20.0,25.0,F,False,True,False,False,False,False,1.0,2.0,5.0
5415,541509,37.0,35.0,40.0,M,False,True,False,False,False,False,1.0,2.0,5.0
5415,541510,17.0,17.0,,F,True,False,False,False,False,False,1.0,2.0,5.0
5415,541511,19.0,19.0,,M,True,False,False,False,False,False,1.0,2.0,5.0
5415,541512,56.0,56.0,,F,True,False,False,False,False,False,1.0,1.0,5.0
5415,541513,27.0,25.0,30.0,M,False,True,False,False,False,False,1.0,2.0,5.0
5416,541601,45.0,45.0,,F,False,False,False,False,True,False,4.0,2.0,4.0
5416,541602,22.0,20.0,25.0,F,False,False,False,False,True,False,5.0,2.0,1.0
5416,541603,62.0,60.0,65.0,F,False,False,False,False,True,False,2.0,1.0,5.0
5416,541604,62.0,60.0,65.0,M,False,False,False,False,True,False,2.0,2.0,5.0
5416,541605,77.0,75.0,80.0,F,False,False,False,False,True,False,4.0,2.0,4.0
5416,541606,62.0,60.0,65.0,F,False,False,False,False,True,False,4.0,1.0,4.0
5416,541607,72.0,70.0,75.0,M,False,False,False,False,True,False,4.0,1.0,4.0
5416,541608,62.0,60.0,65.0,M,False,False,False,False,False,True,2.0,2.0,3.0
5416,541609,27.0,25.0,30.0,F,False,False,False,False,True,False,4.0,1.0,4.0
5416,541610,41.0,41.0,,M,False,False,False,False,True,False,4.0,2.0,4.0
5416,541611,5.0,5.0,,M,True,False,False,False,False,False,1.0,1.0,5.0
5416,541612,37.0,35.0,40.0,F,True,False,False,False,False,False,1.0,1.0,5.0
5416,541613,62.0,60.0,65.0,F,False,False,False,False,False,True,2.0,1.0,3.0
5416,541614,32.0,30.0,35.0,M,False,False,False,False,True,False,4.0,1.0,4.0
5417,541701,37.0,35.0,40.0,M,False,False,False,False,True,False,5.0,2.0,1.0
5417,541702,62.0,60.0,65.0,F,False,False,False,False,False,True,5.0,2.0,1.0
5417,541703,9.0,8.0,10.0,F,False,False,False,False,False,True,5.0,1.0,1.0
5417,541704,62.0,60.0,65.0,M,False,False,False,False,False,True,5.0,1.0,1.0
5417,541705,45.0,40.0,50.0,F,False,False,False,False,False,True,5.0,2.0,1.0
5417,541706,27.0,25.0,30.0,F,False,False,False,False,False,True,5.0,2.0,1.0
5417,541707,0.0,0.0,,F,True,False,False,False,False,True,1.0,1.0,5.0
5417,541708,23.0,23.0,,F,False,False,False,False,False,True,2.0,1.0,5.0
5417,541709,45.0,45.0,,F,False,False,False,False,False,True,1.0,2.0,5.0
5417,541710,2.0,2.0,,,False,False,False,False,False,True,2.0,2.0,5.0
5417,541711,3.0,3.0,,M,False,False,False,False,False,True,2.0,1.0,4.0
5418,541801,45.0,45.0,,F,False,False,False,False,False,True,4.0,2.0,2.0
5418,541802,46.0,46.0,,M,False,False,False,False,False,True,4.0,2.0,2.0
5418,541803,47.0,47.0,,F,False,False,False,False,True,False,2.0,2.0,3.0
5418,541804,60.0,60.0,,F,False,False,False,False,False,True,1.0,1.0,5.0
5418,541805,14.0,14.0,,M,True,False,False,False,False,False,1.0,1.0,5.0
5418,541806,72.0,72.0,,M,True,False,False,False,False,False,3.0,,2.0
5419,541901,52.0,50.0,55.0,F,False,False,False,False,True,False,2.0,2.0,5.0
5419,541902,67.0,65.0,70.0,M,False,False,False,False,True,False,3.0,2.0,4.0
5419,541903,72.0,70.0,75.0,M,False,False,False,False,True,False,5.0,2.0,2.0
5419,541904,72.0,70.0,75.0,M,False,False,False,False,True,False,5.0,2.0,2.0
5419,541905,57.0,55.0,60.0,F,False,False,False,False,True,False,3.0,2.0,2.0
5419,541906,57.0,55.0,60.0,M,False,False,False,False,True,False,3.0,2.0,2.0
5419,541907,27.0,25.0,30.0,F,False,False,False,False,True,False,2.0,2.0,2.0
5419,541908,67.0,65.0,70.0,M,False,False,False,False,True,False,2.0,2.0,3.0
5419,541909,67.0,65.0,70.0,M,False,False,False,False,True,False,2.0,2.0,3.0
5419,541910,72.0,70.0,75.0,F,False,False,False,False,True,False,2.0,2.0,2.0
5419,541911,77.0,75.0,80.0,M,False,False,False,False,True,False,3.0,2.0,4.0
5419,541912,37.0,35.0,40.0,F,False,True,False,False,False,False,5.0,,1.0
5419,541913,52.0,50.0,55.0,M,False,False,False,False,True,False,3.0,2.0,4.0
5419,541914,57.0,55.0,60.0,F,True,False,False,False,False,False,1.0,1.0,5.0
5419,541915,25.0,20.0,30.0,M,False,True,False,False,False,False,5.0,2.0,2.0
5419,541916,25.0,20.0,30.0,M,False,True,False,False,False,False,5.0,2.0,2.0
5419,541917,25.0,20.0,30.0,M,False,True,False,False,False,False,5.0,2.0,2.0
5419,541918,30.0,25.0,35.0,F,False,True,False,False,False,False,5.0,2.0,1.0
5419,541919,2.0,2.0,3.0,F,False,True,False,False,False,False,5.0,2.0,1.0
5419,541920,65.0,60.0,70.0,F,False,False,False,False,True,False,3.0,2.0,3.0
5419,541921,52.0,50.0,55.0,M,False,False,False,False,True,False,2.0,1.0,5.0
5419,541922,42.0,40.0,45.0,M,False,True,False,False,False,False,1.0,2.0,5.0
5420,542001,30.0,30.0,,M,False,False,False,False,True,False,2.0,2.0,4.0
5420,542002,25.0,25.0,,M,False,False,False,False,True,False,2.0,2.0,5.0
5420,542003,20.0,20.0,,M,False,False,False,False,True,False,3.0,2.0,
5420,542004,20.0,20.0,,F,False,False,False,False,True,False,3.0,2.0,4.0
5420,542005,20.0,20.0,,F,False,False,False,False,True,False,3.0,2.0,4.0
5420,542006,20.0,20.0,,F,False,False,False,False,True,False,3.0,2.0,4.0
5420,542007,20.0,20.0,,F,False,False,False,False,True,False,3.0,2.0,4.0
5420,542008,20.0,20.0,,M,False,False,False,False,True,False,3.0,2.0,4.0
5420,542009,20.0,20.0,,M,False,False,False,False,True,False,3.0,2.0,4.0
5420,542010,30.0,30.0,,M,False,False,False,False,True,False,2.0,2.0,4.0
5420,542011,20.0,20.0,,F,False,False,False,False,True,False,3.0,2.0,4.0
5420,542012,23.0,23.0,,M,False,False,False,False,True,False,2.0,2.0,5.0
5420,542013,23.0,23.0,,F,False,False,False,False,True,False,2.0,2.0,5.0
5420,542014,24.0,24.0,,M,False,False,False,False,True,False,2.0,2.0,5.0
5420,542015,60.0,60.0,,F,True,False,False,False,False,False,1.0,2.0,5.0
5420,542016,25.0,25.0,,M,False,False,False,False,True,False,2.0,2.0,5.0
5420,542017,25.0,25.0,,M,False,False,False,False,True,False,2.0,2.0,5.0
5420,542018,63.0,63.0,,,True,False,False,False,True,False,1.0,2.0,5.0
5420,542019,30.0,30.0,,F,False,False,False,False,True,False,2.0,2.0,4.0
5421,542101,37.0,35.0,40.0,F,True,False,False,False,False,False,2.0,2.0,
5421,542102,13.0,13.0,,F,True,False,False,True,False,False,3.0,1.0,4.0
5421,542103,45.0,45.0,,M,False,False,False,False,False,True,2.0,2.0,1.0
5421,542104,72.0,70.0,75.0,M,True,False,False,False,False,False,2.0,2.0,2.0
5421,542105,35.0,35.0,,F,False,False,False,False,False,True,1.0,2.0,2.0
5421,542106,13.0,13.0,,F,True,False,False,True,False,False,3.0,1.0,4.0
5421,542107,60.0,60.0,,,True,False,False,False,False,False,1.0,2.0,2.0
5422,542201,40.0,40.0,,F,True,False,False,False,False,False,2.0,2.0,4.0
5422,542202,74.0,74.0,,F,False,False,False,False,True,False,3.0,,2.0
5422,542203,65.0,65.0,,F,False,False,False,False,True,False,2.0,1.0,2.0
5422,542204,33.0,33.0,,F,True,False,False,False,False,False,1.0,1.0,5.0
5422,542205,13.0,13.0,,F,True,False,False,False,False,False,3.0,,4.0
5422,542206,9.0,9.0,,M,True,False,False,False,False,False,1.0,1.0,5.0
5422,542207,11.0,11.0,,M,True,False,False,False,False,False,1.0,1.0,5.0
5422,542208,33.0,33.0,,M,True,False,False,False,False,False,1.0,,5.0
5422,542209,61.0,61.0,,F,False,False,False,False,True,False,2.0,,2.0
5423,542301,30.0,30.0,,M,False,False,False,False,True,True,5.0,2.0,1.0
5423,542302,60.0,60.0,,F,False,False,False,False,True,True,2.0,2.0,2.0
5423,542303,60.0,60.0,,F,False,False,False,False,True,True,2.0,2.0,2.0
5423,542304,35.0,35.0,,F,False,False,False,False,True,True,5.0,2.0,1.0
5423,542305,78.0,78.0,,F,True,False,False,False,False,False,1.0,1.0,5.0
5423,542306,50.0,50.0,,F,False,False,False,False,False,True,2.0,2.0,1.0
5423,542307,40.0,40.0,,M,False,False,False,False,False,True,2.0,2.0,2.0
5423,542308,50.0,50.0,,M,False,False,False,False,False,True,2.0,2.0,2.0
5423,542309,60.0,60.0,,M,False,False,False,False,False,True,1.0,2.0,1.0
5423,542310,70.0,70.0,,M,True,False,False,False,False,False,3.0,2.0,1.0
5423,542311,25.0,25.0,,F,False,False,False,False,False,True,2.0,2.0,1.0
5423,542312,30.0,30.0,,F,False,False,False,False,True,True,5.0,2.0,2.0
5424,542401,15.0,15.0,,F,True,False,False,False,False,False,1.0,2.0,5.0
5424,542402,61.0,58.0,65.0,M,True,False,False,False,False,False,2.0,2.0,2.0
5424,542403,61.0,58.0,65.0,F,True,False,False,False,False,False,2.0,2.0,2.0
5424,542404,46.0,45.0,48.0,M,True,False,False,False,False,False,3.0,2.0,1.0
5424,542405,48.0,47.0,49.0,F,True,False,False,False,False,False,3.0,2.0,1.0
5424,542406,27.0,27.0,,F,True,False,False,False,False,False,1.0,1.0,4.0
5424,542407,47.0,47.0,,M,True,False,False,False,False,False,1.0,1.0,5.0
5424,542408,24.0,24.0,,M,True,False,False,False,False,False,1.0,2.0,4.0
5425,542501,70.0,65.0,75.0,M,False,False,False,False,True,False,2.0,2.0,3.0
5425,542502,70.0,65.0,75.0,M,False,False,False,False,True,False,2.0,2.0,3.0
5425,542503,32.0,30.0,35.0,M,False,False,False,False,True,False,5.0,2.0,1.0
5425,542504,22.0,20.0,25.0,F,False,False,False,False,True,False,5.0,2.0,1.0
5425,542505,22.0,20.0,25.0,F,False,False,False,False,True,False,5.0,2.0,1.0
5425,542506,40.0,35.0,45.0,M,False,False,False,False,True,False,2.0,2.0,3.0
5425,542507,27.0,27.0,,M,True,False,False,False,False,False,2.0,2.0,4.0
5425,542508,22.0,20.0,25.0,F,True,False,False,False,False,False,5.0,2.0,1.0
5425,542509,58.0,58.0,,F,True,False,False,False,True,False,1.0,1.0,5.0
5425,542510,40.0,35.0,45.0,M,False,False,False,False,True,False,2.0,2.0,3.0
5426,542601,23.0,20.0,26.0,F,False,False,False,False,False,True,4.0,2.0,1.0
5426,542602,74.0,74.0,,F,True,False,False,False,False,False,1.0,1.0,3.0
5426,542603,25.0,20.0,30.0,F,False,False,False,False,False,True,2.0,2.0,1.0
5426,542604,32.0,30.0,35.0,F,False,False,False,False,False,True,3.0,2.0,2.0
5426,542605,17.0,17.0,,F,True,False,False,False,False,False,2.0,2.0,2.0
5426,542606,23.0,23.0,,M,True,True,False,False,False,False,1.0,2.0,2.0
5427,542701,32.0,30.0,35.0,F,False,False,False,False,False,True,4.0,2.0,1.0
5427,542702,32.0,30.0,35.0,M,False,False,False,False,False,True,5.0,2.0,1.0
5427,542703,32.0,30.0,35.0,M,False,False,False,False,False,True,5.0,2.0,1.0
5427,542704,35.0,30.0,40.0,F,False,False,False,False,False,True,1.0,2.0,5.0
5427,542705,8.0,8.0,,M,False,False,False,False,False,True,1.0,2.0,5.0
5427,542706,10.0,10.0,,F,False,False,False,False,False,True,1.0,2.0,5.0
5427,542707,65.0,65.0,,F,False,False,False,False,False,True,2.0,1.0,5.0
5427,542708,85.0,85.0,,F,False,False,False,False,False,True,2.0,1.0,5.0
5427,542709,13.0,13.0,,F,True,False,False,False,False,False,2.0,2.0,1.0
5427,542710,22.0,20.0,25.0,M,False,False,False,False,False,True,5.0,2.0,1.0
5427,542711,32.0,30.0,35.0,M,False,False,False,False,False,True,5.0,2.0,1.0
5427,542712,22.0,20.0,25.0,F,False,False,False,False,False,True,,2.0,1.0
5427,542713,75.0,70.0,80.0,M,False,False,False,False,False,True,5.0,2.0,1.0
5427,542714,32.0,30.0,35.0,F,False,False,False,False,False,True,2.0,2.0,1.0
5427,542715,32.0,30.0,35.0,M,False,False,False,False,False,True,,2.0,1.0
5427,542716,32.0,30.0,35.0,F,False,False,False,False,False,True,5.0,2.0,1.0
5427,542717,42.0,40.0,45.0,F,False,False,False,False,False,True,5.0,2.0,1.0
5427,542718,32.0,30.0,35.0,F,False,False,False,False,False,True,5.0,2.0,1.0
5427,542719,20.0,20.0,,F,False,False,False,False,False,True,5.0,2.0,1.0
5427,542720,70.0,70.0,,F,False,False,False,False,False,True,2.0,2.0,1.0
5427,542721,52.0,50.0,55.0,M,False,False,False,False,False,True,5.0,2.0,1.0
5427,542722,57.0,57.0,,M,False,False,False,False,False,True,1.0,2.0,1.0
5428,542801,24.0,24.0,,M,False,False,True,False,False,False,2.0,1.0,5.0
5428,542802,19.0,19.0,,M,True,False,False,False,False,False,1.0,,5.0
5428,542803,16.0,16.0,,M,True,False,False,False,False,False,1.0,1.0,5.0
5428,542804,15.0,15.0,,F,True,False,False,False,False,False,1.0,1.0,5.0
5428,542805,15.0,15.0,,F,True,False,False,False,False,False,1.0,1.0,5.0
5428,542806,49.0,49.0,,F,False,False,True,False,False,False,2.0,1.0,5.0
5428,542807,17.0,17.0,,M,False,False,True,False,False,False,2.0,1.0,5.0
5428,542808,19.0,19.0,,M,True,False,False,False,False,False,1.0,1.0,3.0
5428,542809,23.0,23.0,,F,True,False,False,False,False,False,1.0,1.0,3.0
5428,542810,15.0,15.0,,F,True,False,False,False,False,False,1.0,1.0,3.0
5428,542811,15.0,15.0,,F,True,False,False,False,False,False,1.0,1.0,3.0
5428,542812,22.0,22.0,,F,True,False,False,False,False,False,1.0,1.0,3.0
5428,542813,22.0,22.0,,M,False,False,True,False,False,False,2.0,1.0,5.0
5428,542814,22.0,22.0,,F,True,False,False,False,False,False,1.0,1.0,5.0
5429,542901,57.0,55.0,60.0,F,False,False,False,False,False,True,1.0,2.0,2.0
5429,542902,35.0,35.0,,F,False,True,False,False,False,False,1.0,2.0,1.0
5429,542903,57.0,55.0,60.0,F,False,True,False,False,False,False,1.0,2.0,1.0
5429,542904,36.0,36.0,,M,False,True,False,False,False,False,1.0,2.0,1.0
5429,542905,72.0,72.0,,M,False,False,False,False,False,True,1.0,2.0,2.0
5429,542906,62.0,60.0,65.0,M,False,False,False,False,False,True,1.0,2.0,1.0
5429,542907,62.0,62.0,,M,False,False,False,False,False,True,1.0,1.0,3.0
5429,542908,50.0,50.0,,F,False,False,False,False,False,True,1.0,2.0,1.0
5429,542909,40.0,40.0,,F,False,False,False,False,False,True,1.0,2.0,1.0
5429,542910,85.0,85.0,,M,False,False,False,False,False,True,1.0,1.0,2.0
5429,542911,15.0,15.0,,M,False,False,False,False,False,True,3.0,1.0,1.0
5429,542912,57.0,55.0,60.0,M,False,False,False,False,False,True,1.0,2.0,1.0
5429,542913,57.0,55.0,60.0,M,False,True,False,False,False,False,1.0,2.0,1.0
5429,542914,70.0,70.0,,M,False,False,False,False,False,True,1.0,2.0,1.0
5429,542915,35.0,30.0,40.0,M,False,True,False,False,False,False,1.0,2.0,1.0
5429,542916,70.0,70.0,,F,False,False,False,False,False,True,1.0,1.0,1.0
5429,542917,50.0,50.0,,M,False,True,False,False,False,False,2.0,2.0,1.0
5429,542918,45.0,40.0,50.0,M,False,False,False,False,False,True,4.0,2.0,1.0
5429,542919,42.0,40.0,45.0,M,False,True,False,False,False,False,1.0,2.0,1.0
5429,542920,50.0,50.0,,M,False,True,False,False,False,False,1.0,2.0,1.0
5429,542921,37.0,35.0,40.0,M,False,True,False,False,False,False,1.0,2.0,1.0
5429,542922,42.0,40.0,45.0,M,False,True,False,False,False,False,1.0,2.0,1.0
5429,542923,57.0,55.0,60.0,M,False,True,False,False,False,False,1.0,2.0,4.0
5429,542924,30.0,30.0,,M,False,True,False,False,False,False,1.0,1.0,1.0
5429,542925,37.0,35.0,40.0,M,False,True,False,False,False,False,1.0,2.0,4.0
5429,542926,45.0,45.0,,M,False,True,False,False,False,False,1.0,2.0,1.0
5429,542927,42.0,40.0,45.0,M,False,True,False,False,False,False,1.0,2.0,4.0
5429,542928,37.0,35.0,40.0,F,False,True,False,False,False,False,1.0,2.0,1.0
5429,542929,32.0,30.0,35.0,M,False,True,False,False,False,False,1.0,2.0,1.0
5430,543001,30.0,30.0,,M,True,False,False,False,False,False,2.0,2.0,1.0
5430,543002,35.0,35.0,,M,True,False,False,False,False,False,1.0,2.0,1.0
5431,543101,29.0,29.0,,F,True,False,False,False,False,False,1.0,2.0,1.0
5431,543102,53.0,53.0,,F,True,False,False,False,False,False,1.0,2.0,3.0
5431,543103,27.0,25.0,30.0,M,False,False,False,False,False,True,2.0,2.0,1.0
5433,543301,16.0,16.0,,M,True,False,False,False,False,False,1.0,2.0,4.0
5433,543302,46.0,46.0,,M,True,False,False,False,False,False,1.0,2.0,4.0
5433,543303,37.0,35.0,40.0,F,False,False,False,False,False,True,2.0,1.0,2.0
5433,543304,27.0,27.0,,F,True,False,False,False,False,False,2.0,2.0,3.0
5433,543305,8.0,8.0,,M,True,False,False,False,False,False,1.0,1.0,3.0
5433,543306,27.0,27.0,,F,False,False,False,False,False,True,1.0,2.0,3.0
5433,543307,39.0,39.0,,F,True,False,False,False,False,False,1.0,2.0,5.0
5434,543401,7.0,7.0,,M,True,False,False,False,False,False,1.0,1.0,4.0
5434,543402,29.0,29.0,,M,False,True,False,False,False,False,2.0,2.0,3.0
5434,543403,52.0,50.0,55.0,F,False,False,False,False,False,True,3.0,2.0,1.0
5434,543404,47.0,45.0,50.0,M,False,True,False,False,False,False,2.0,2.0,4.0
5434,543405,50.0,50.0,,M,True,False,False,False,False,False,2.0,2.0,4.0
5434,543406,27.0,27.0,,F,True,False,False,False,False,False,1.0,1.0,5.0
5434,543407,28.0,27.0,30.0,M,False,True,False,False,False,False,1.0,2.0,4.0
5435,543501,18.0,18.0,,M,True,False,False,False,False,False,1.0,2.0,5.0
5435,543502,20.0,20.0,,M,True,False,False,False,False,False,1.0,2.0,5.0
5435,543503,44.0,44.0,,M,True,False,False,False,False,False,1.0,1.0,5.0
5435,543504,35.0,35.0,,F,True,False,False,False,False,False,2.0,2.0,4.0
5436,543601,48.0,48.0,,M,False,True,False,False,False,False,1.0,2.0,5.0
5436,543602,37.0,37.0,,F,False,True,False,False,False,False,1.0,2.0,5.0
5436,543603,25.0,25.0,,F,False,True,False,False,False,False,1.0,2.0,5.0
5436,543604,31.0,31.0,,M,True,False,False,False,False,False,1.0,1.0,5.0
5436,543605,21.0,21.0,,F,False,True,False,False,False,False,1.0,2.0,5.0
5437,543701,6.0,6.0,,F,False,True,False,True,False,False,1.0,2.0,3.0
5437,543702,45.0,45.0,,M,True,False,False,False,False,False,1.0,1.0,5.0
5437,543703,6.0,6.0,,F,False,True,False,True,False,False,1.0,2.0,3.0
5437,543704,8.0,8.0,,F,False,True,False,True,False,False,1.0,2.0,3.0
5437,543705,8.0,8.0,,M,False,True,False,True,False,False,1.0,2.0,3.0
5437,543706,9.0,9.0,,F,False,True,False,True,False,False,1.0,2.0,3.0
5437,543707,7.0,7.0,,M,False,True,False,True,False,False,1.0,2.0,3.0
5438,543801,18.0,18.0,,M,False,False,True,False,False,False,2.0,2.0,3.0
5438,543802,22.0,22.0,,M,False,False,True,False,False,False,1.0,2.0,4.0
5438,543803,52.0,50.0,55.0,M,False,False,True,False,False,False,1.0,2.0,4.0
5438,543804,37.0,35.0,40.0,M,False,False,True,False,False,False,1.0,2.0,5.0
5438,543805,19.0,19.0,,M,False,False,True,False,False,False,1.0,2.0,5.0
5438,543806,18.0,18.0,,F,False,False,False,False,False,True,1.0,1.0,5.0
5438,543807,59.0,59.0,,M,True,False,False,False,False,False,1.0,2.0,4.0
5438,543808,21.0,21.0,,F,True,False,False,False,False,False,1.0,2.0,3.0
5438,543809,56.0,56.0,,F,True,False,False,False,False,False,1.0,2.0,4.0
5439,543901,8.0,8.0,,M,False,False,False,False,False,True,2.0,1.0,4.0
5439,543902,37.0,35.0,40.0,M,False,False,False,False,False,True,5.0,2.0,2.0
5439,543903,27.0,27.0,,F,False,False,False,False,False,True,2.0,2.0,4.0
5439,543904,34.0,34.0,,M,False,False,False,False,False,True,1.0,2.0,4.0
5439,543905,42.0,40.0,45.0,M,False,False,False,False,False,True,2.0,1.0,2.0
5440,544001,52.0,52.0,,F,True,False,False,False,False,False,2.0,1.0,4.0
5441,544101,67.0,67.0,,F,True,False,False,False,False,False,2.0,2.0,3.0
5441,544102,38.0,36.0,40.0,M,True,False,False,False,False,False,2.0,2.0,2.0
5445,544501,63.0,63.0,,M,True,False,False,False,False,False,1.0,1.0,3.0
5445,544502,32.0,30.0,35.0,F,False,False,False,False,False,True,4.0,2.0,1.0
5445,544503,55.0,50.0,60.0,M,False,False,False,False,True,False,,2.0,1.0
5445,544504,45.0,40.0,50.0,M,False,False,False,False,True,False,3.0,1.0,1.0
5445,544505,19.0,18.0,20.0,F,True,False,False,False,False,False,2.0,1.0,1.0
5445,544506,48.0,48.0,,M,True,False,False,False,False,False,1.0,1.0,1.0
5445,544507,45.0,45.0,,F,True,False,False,False,False,False,1.0,1.0,1.0
5445,544508,22.0,20.0,25.0,M,True,False,False,False,False,False,2.0,1.0,1.0
5446,544601,50.0,50.0,,F,True,False,False,False,False,False,1.0,1.0,3.0
5446,544602,40.0,40.0,,F,True,False,False,False,False,False,1.0,1.0,2.0
5446,544603,30.0,30.0,,M,False,False,False,False,True,False,2.0,2.0,1.0
5446,544604,27.0,25.0,30.0,F,False,False,False,False,False,False,4.0,1.0,2.0
5446,544605,42.0,40.0,45.0,M,False,False,False,True,False,False,3.0,2.0,1.0
5446,544606,55.0,50.0,60.0,F,False,False,False,False,True,False,4.0,1.0,1.0
5450,545001,13.0,13.0,,F,True,False,False,False,False,False,3.0,1.0,2.0
5450,545002,32.0,32.0,,M,True,False,False,False,False,False,3.0,,2.0
5450,545003,20.0,20.0,,F,True,False,False,False,False,False,1.0,1.0,1.0
5450,545004,43.0,43.0,,M,False,True,False,False,False,False,2.0,2.0,1.0
5450,545005,30.0,30.0,,M,False,False,True,False,False,False,3.0,1.0,2.0
5450,545006,33.0,33.0,,M,True,False,False,False,False,False,2.0,2.0,1.0
5450,545007,15.0,15.0,,F,True,False,False,False,False,False,1.0,1.0,1.0
5450,545008,49.0,49.0,,M,False,False,False,False,False,False,5.0,2.0,1.0
5450,545009,20.0,20.0,,F,True,False,False,False,False,False,2.0,1.0,3.0
5450,545010,35.0,35.0,,M,False,False,False,False,False,False,5.0,2.0,1.0
5450,545011,62.0,62.0,,M,False,False,False,False,False,True,5.0,2.0,1.0
5450,545012,65.0,65.0,,M,True,False,False,False,False,False,3.0,1.0,1.0
5450,545013,35.0,35.0,,F,False,False,False,False,False,False,,1.0,
5450,545014,16.0,16.0,,F,True,False,False,False,False,False,2.0,1.0,1.0
5450,545015,70.0,70.0,,F,True,False,False,False,False,False,3.0,1.0,2.0
5450,545016,30.0,30.0,,F,False,False,False,False,True,False,5.0,2.0,1.0
5450,545017,40.0,40.0,,M,False,False,False,False,False,True,4.0,2.0,1.0
5450,545018,19.0,19.0,,F,True,False,False,False,False,False,2.0,2.0,1.0
5450,545019,25.0,25.0,,F,False,False,False,True,False,False,5.0,1.0,2.0
5450,545020,23.0,23.0,,F,False,True,False,False,False,False,4.0,2.0,2.0
5450,545021,30.0,30.0,,M,False,False,False,True,False,False,5.0,1.0,1.0
5450,545022,40.0,40.0,,F,True,False,False,True,False,False,,1.0,1.0
5450,545023,36.0,36.0,,M,True,False,False,False,False,False,1.0,1.0,2.0
5450,545024,40.0,40.0,,F,False,True,False,False,False,False,3.0,1.0,2.0
5450,545025,17.0,17.0,,F,True,False,False,False,False,False,1.0,,1.0
5450,545026,28.0,28.0,,,False,True,False,False,False,False,3.0,2.0,2.0
5450,545027,21.0,21.0,,M,True,False,False,False,False,False,1.0,1.0,3.0
5450,545028,50.0,50.0,,M,False,False,False,True,False,False,4.0,2.0,2.0
5450,545029,45.0,45.0,,F,False,True,False,False,False,False,2.0,2.0,1.0
5452,545201,33.0,33.0,,F,True,False,False,False,False,False,2.0,2.0,4.0
5452,545202,70.0,70.0,,F,False,False,False,True,False,False,1.0,2.0,2.0
5452,545203,4.0,4.0,,M,True,False,False,False,False,False,1.0,1.0,4.0
5452,545204,7.0,7.0,,,True,False,False,False,False,False,1.0,2.0,3.0
5452,545205,74.0,74.0,,M,True,False,False,False,False,False,1.0,2.0,5.0
5452,545206,,,,F,False,False,False,True,False,False,2.0,2.0,2.0
5452,545207,,,,F,False,True,False,False,False,False,1.0,2.0,3.0
5452,545208,,,,,False,False,False,False,False,True,2.0,1.0,2.0
5455,545501,25.0,20.0,30.0,M,True,False,False,False,False,False,5.0,2.0,1.0
5455,545502,65.0,60.0,70.0,M,True,False,False,False,False,False,3.0,2.0,2.0
5455,545503,35.0,30.0,40.0,F,False,False,False,False,False,True,2.0,,2.0
5455,545504,55.0,50.0,60.0,F,True,False,False,False,False,False,2.0,,1.0
5456,545601,35.0,30.0,40.0,F,False,False,True,False,False,False,1.0,1.0,4.0
5456,545602,45.0,45.0,,M,False,False,True,False,False,False,2.0,2.0,4.0
5456,545603,35.0,30.0,40.0,M,False,False,False,False,False,True,4.0,2.0,2.0
5456,545604,30.0,30.0,,F,False,False,True,False,False,False,2.0,1.0,
5456,545605,55.0,50.0,60.0,M,False,False,False,False,False,True,2.0,2.0,2.0
5456,545606,37.0,37.0,,F,True,False,False,False,False,False,1.0,1.0,5.0
5456,545607,55.0,50.0,60.0,M,False,False,True,False,False,False,4.0,2.0,4.0
5458,545801,35.0,30.0,40.0,M,False,True,False,False,False,False,1.0,2.0,4.0
5458,545802,39.0,39.0,,M,True,False,False,False,False,False,1.0,1.0,5.0
5458,545803,5.0,4.0,7.0,F,False,False,False,False,False,True,,2.0,1.0
5458,545804,32.0,30.0,35.0,F,False,True,False,False,False,False,2.0,2.0,2.0
5458,545805,29.0,28.0,30.0,F,False,False,False,True,False,False,2.0,2.0,4.0
5458,545806,39.0,39.0,,M,True,False,False,False,False,False,1.0,1.0,5.0
5458,545807,25.0,20.0,30.0,F,False,True,False,False,False,False,1.0,1.0,3.0
5460,546001,38.0,38.0,,F,True,False,False,False,False,False,1.0,1.0,4.0
5460,546002,11.0,11.0,,M,True,False,False,False,False,False,1.0,1.0,2.0
5460,546003,57.0,57.0,,M,False,True,False,False,False,False,1.0,2.0,5.0
5461,546101,22.0,22.0,,F,True,False,False,False,False,False,1.0,1.0,5.0
5461,546102,37.0,35.0,40.0,M,False,False,False,False,False,True,5.0,2.0,1.0
5461,546103,37.0,35.0,40.0,F,False,False,False,False,False,True,5.0,2.0,1.0
5461,546104,37.0,35.0,40.0,F,False,False,False,False,False,True,5.0,2.0,1.0
5461,546105,22.0,22.0,,F,True,False,False,False,False,False,3.0,2.0,3.0
5461,546106,32.0,30.0,35.0,F,True,False,False,False,False,False,5.0,2.0,2.0
5462,546201,22.0,20.0,25.0,F,True,False,False,False,False,False,2.0,2.0,4.0
5462,546202,30.0,20.0,40.0,F,False,False,False,False,False,True,5.0,2.0,3.0
5462,546203,25.0,20.0,30.0,F,False,False,False,False,False,True,4.0,2.0,2.0
5462,546204,30.0,20.0,40.0,M,False,False,False,False,False,True,5.0,1.0,3.0
5462,546205,42.0,40.0,45.0,F,True,False,False,False,False,False,1.0,1.0,5.0
5462,546206,17.0,15.0,20.0,M,True,False,False,False,False,False,2.0,2.0,4.0
5462,546207,22.0,20.0,25.0,F,True,False,False,False,False,False,1.0,2.0,4.0
5462,546208,22.0,20.0,25.0,M,True,False,False,False,False,False,1.0,2.0,4.0
5462,546209,10.0,1.0,20.0,F,True,False,False,False,False,False,1.0,1.0,5.0
5462,546210,10.0,1.0,20.0,F,True,False,False,False,False,False,1.0,1.0,5.0
5462,546211,5.0,1.0,9.0,F,True,False,False,False,False,False,1.0,1.0,5.0
5462,546212,10.0,1.0,20.0,F,True,False,False,False,False,False,1.0,1.0,5.0
5463,546301,20.0,19.0,22.0,M,True,False,False,False,True,False,2.0,2.0,3.0
5463,546302,30.0,30.0,,F,True,False,False,True,False,True,1.0,1.0,4.0
5463,546303,47.0,47.0,,M,False,False,False,False,True,True,2.0,1.0,4.0
5463,546304,76.0,76.0,,F,True,False,False,False,True,False,2.0,1.0,3.0
5464,546401,45.0,45.0,,F,False,False,False,False,False,True,4.0,,
5464,546402,38.0,38.0,,F,True,False,False,False,False,False,1.0,1.0,4.0
5464,546403,12.0,12.0,,M,True,False,False,False,False,False,1.0,1.0,4.0
5464,546404,25.0,25.0,,M,False,False,False,True,False,False,5.0,2.0,1.0
5464,546405,39.0,39.0,,M,True,False,False,False,False,False,1.0,1.0,4.0
5464,546406,42.0,42.0,,M,True,False,False,False,False,False,1.0,1.0,4.0
5464,546407,60.0,60.0,,F,False,False,False,False,False,True,3.0,2.0,2.0
5464,546408,36.0,36.0,,F,False,True,False,False,False,False,4.0,2.0,1.0
5464,546409,66.0,66.0,,M,True,False,False,False,False,False,1.0,1.0,5.0
5464,546410,40.0,40.0,,M,False,False,False,False,False,True,5.0,1.0,1.0
5465,546501,37.0,35.0,40.0,F,False,False,True,False,False,False,1.0,2.0,2.0
5465,546502,42.0,40.0,45.0,F,False,False,True,False,False,False,1.0,2.0,2.0
5465,546503,2.0,2.0,,F,False,False,False,False,False,True,2.0,1.0,3.0
5465,546504,31.0,30.0,33.0,F,False,False,False,False,False,True,5.0,2.0,3.0
5465,546505,31.0,30.0,33.0,F,False,False,False,False,False,True,5.0,2.0,3.0
5465,546506,5.0,5.0,,F,True,False,False,False,False,False,1.0,1.0,4.0
5465,546507,5.0,5.0,,F,True,False,False,False,False,False,1.0,1.0,4.0
5465,546508,7.0,7.0,,M,True,False,False,False,False,False,1.0,2.0,4.0
5465,546509,7.0,7.0,,M,True,False,False,False,False,False,1.0,1.0,5.0
5465,546510,31.0,31.0,,F,False,False,False,False,False,True,2.0,2.0,3.0
5465,546511,33.0,33.0,,M,False,False,False,False,False,True,4.0,1.0,3.0
5466,546601,5.0,4.0,7.0,M,False,True,False,False,False,False,1.0,1.0,4.0
5466,546602,5.0,4.0,7.0,F,False,True,False,False,False,False,1.0,1.0,4.0
5466,546603,5.0,4.0,7.0,M,False,True,False,False,False,False,1.0,1.0,4.0
5466,546604,5.0,4.0,7.0,F,False,True,False,False,False,False,1.0,1.0,4.0
5466,546605,5.0,4.0,7.0,M,False,True,False,False,False,False,1.0,1.0,4.0
5466,546606,5.0,4.0,7.0,F,False,True,False,False,False,False,1.0,1.0,4.0
5466,546607,5.0,4.0,7.0,M,False,True,False,False,False,False,1.0,1.0,4.0
5466,546608,5.0,4.0,7.0,F,False,True,False,False,False,False,1.0,1.0,4.0
5466,546609,5.0,4.0,7.0,F,False,True,False,False,False,False,1.0,1.0,4.0
5466,546610,5.0,4.0,7.0,M,False,True,False,False,False,False,1.0,1.0,4.0
5466,546611,5.0,4.0,7.0,M,False,True,False,False,False,False,1.0,1.0,4.0
5466,546612,5.0,4.0,7.0,M,False,True,False,False,False,False,1.0,1.0,4.0
5466,546613,5.0,4.0,7.0,F,False,True,False,False,False,False,1.0,1.0,4.0
5466,546614,5.0,4.0,7.0,M,False,True,False,False,False,False,1.0,1.0,4.0
5466,546615,39.0,19.0,60.0,F,False,True,False,False,False,False,1.0,2.0,4.0
5466,546616,5.0,4.0,7.0,F,False,True,False,False,False,False,1.0,1.0,4.0
5466,546617,5.0,4.0,7.0,F,False,True,False,False,False,False,1.0,1.0,4.0
5466,546618,34.0,34.0,,M,False,False,False,False,False,True,1.0,2.0,4.0
5466,546619,19.0,19.0,,F,True,False,False,False,False,False,1.0,1.0,5.0
5466,546620,26.0,19.0,34.0,M,False,True,False,False,False,False,5.0,2.0,4.0
5466,546621,39.0,19.0,60.0,,False,True,False,False,False,False,1.0,1.0,4.0
5466,546622,5.0,4.0,7.0,F,False,True,False,False,False,False,1.0,2.0,4.0
5466,546623,5.0,4.0,7.0,M,False,True,False,False,False,False,1.0,2.0,4.0
5466,546624,5.0,4.0,7.0,M,False,True,False,False,False,False,1.0,2.0,4.0
5466,546625,5.0,4.0,7.0,F,False,True,False,False,False,False,1.0,2.0,4.0
5466,546626,5.0,4.0,7.0,M,False,True,False,False,False,False,1.0,2.0,4.0
5466,546627,5.0,4.0,7.0,F,False,True,False,False,False,False,1.0,2.0,4.0
5466,546628,5.0,4.0,7.0,M,False,True,False,False,False,False,1.0,2.0,4.0
5466,546629,17.0,17.0,,M,True,False,False,False,False,False,1.0,1.0,5.0
5468,546801,37.0,35.0,40.0,F,False,False,False,False,False,True,2.0,2.0,3.0
5468,546802,4.0,4.0,,F,True,False,False,False,False,False,2.0,1.0,5.0
5468,546803,52.0,50.0,55.0,F,False,False,False,False,False,True,5.0,1.0,1.0
5468,546804,47.0,45.0,50.0,M,False,False,False,False,False,True,5.0,2.0,1.0
5468,546805,37.0,35.0,40.0,M,False,False,False,False,True,False,5.0,2.0,1.0
5468,546806,66.0,66.0,,M,True,False,False,False,False,False,1.0,1.0,5.0
5468,546807,14.0,14.0,,M,True,False,False,False,False,False,2.0,1.0,3.0
5468,546808,57.0,57.0,,M,True,False,False,False,False,False,2.0,2.0,3.0
5468,546809,38.0,38.0,,F,True,False,False,False,False,False,2.0,1.0,3.0
5468,546810,27.0,25.0,30.0,F,False,False,False,False,True,False,5.0,1.0,1.0
5468,546811,36.0,36.0,,F,False,False,False,False,True,False,4.0,1.0,5.0
5469,546901,79.0,79.0,,M,False,False,False,False,True,False,3.0,2.0,2.0
5469,546902,75.0,70.0,80.0,M,True,False,False,False,False,False,1.0,1.0,3.0
5469,546903,38.0,38.0,,F,False,False,False,False,False,True,1.0,2.0,3.0
5469,546904,40.0,40.0,,M,False,True,False,False,False,False,2.0,1.0,2.0
5469,546905,20.0,20.0,,M,False,False,False,False,False,True,1.0,1.0,5.0
5469,546906,3.0,3.0,,F,False,True,False,False,False,False,5.0,1.0,
5469,546907,17.0,17.0,,F,False,True,False,False,False,False,3.0,2.0,2.0
5469,546908,34.0,34.0,,M,False,False,False,True,False,False,3.0,2.0,3.0
5469,546909,56.0,56.0,,M,False,True,False,False,False,False,5.0,1.0,5.0
5469,546910,90.0,90.0,,F,False,True,False,False,False,False,2.0,1.0,3.0
5469,546911,34.0,34.0,,F,False,False,False,True,False,False,2.0,1.0,3.0
5469,546912,75.0,75.0,,F,False,True,False,False,False,False,2.0,1.0,3.0
5469,546913,86.0,86.0,,M,False,False,False,False,False,True,4.0,1.0,5.0
5469,546914,3.0,3.0,,,True,False,False,False,False,False,4.0,1.0,2.0
5469,546915,70.0,70.0,,F,False,True,False,False,False,False,5.0,2.0,2.0
5469,546916,14.0,12.0,17.0,F,False,True,False,False,False,False,5.0,2.0,2.0
5469,546917,20.0,20.0,,F,False,True,False,False,False,False,2.0,1.0,2.0
5469,546918,6.0,6.0,,F,False,True,False,False,False,False,3.0,1.0,2.0
5469,546919,16.0,15.0,17.0,F,False,True,False,False,False,False,4.0,1.0,3.0
5469,546920,40.0,40.0,,M,True,False,False,False,False,False,3.0,1.0,2.0
5469,546921,50.0,50.0,,M,True,False,False,False,False,False,1.0,1.0,5.0
5469,546922,50.0,50.0,,F,True,False,False,False,False,False,1.0,1.0,5.0
5469,546923,23.0,23.0,,M,True,False,False,False,False,False,2.0,1.0,3.0
5469,546924,25.0,25.0,,F,False,True,False,False,False,False,2.0,1.0,5.0
5469,546925,45.0,45.0,,M,False,True,False,False,False,False,2.0,2.0,5.0
5469,546926,47.0,47.0,,M,False,True,False,False,False,False,2.0,2.0,4.0
5469,546927,32.0,30.0,35.0,F,False,True,False,False,False,False,5.0,2.0,4.0
5469,546928,55.0,50.0,60.0,F,False,True,False,False,False,False,2.0,2.0,3.0
5469,546929,52.0,52.0,,M,False,False,False,False,False,False,1.0,1.0,4.0
5470,547001,21.0,20.0,23.0,F,False,True,False,False,False,False,4.0,2.0,1.0
5470,547002,30.0,30.0,,F,True,False,False,False,False,False,2.0,2.0,5.0
5470,547003,46.0,45.0,47.0,F,False,True,False,False,False,False,4.0,1.0,3.0
5470,547004,24.0,23.0,25.0,F,False,True,False,False,False,False,4.0,1.0,3.0
5470,547005,33.0,31.0,35.0,M,False,True,False,False,False,False,5.0,2.0,1.0
5470,547006,88.0,87.0,90.0,F,False,True,False,False,False,False,3.0,2.0,1.0
5470,547007,1.0,1.0,,M,True,False,False,False,False,False,2.0,2.0,5.0
5470,547008,56.0,56.0,,F,True,False,False,False,False,False,1.0,2.0,5.0
5470,547009,54.0,54.0,,M,True,False,False,False,False,False,1.0,2.0,5.0
5470,547010,38.0,36.0,40.0,F,True,False,False,False,False,False,2.0,2.0,1.0
5470,547011,32.0,30.0,35.0,F,False,True,False,False,False,False,4.0,2.0,1.0
5470,547012,16.0,15.0,18.0,M,False,True,False,False,False,False,5.0,2.0,1.0
5470,547013,18.0,17.0,19.0,F,False,True,False,False,False,False,5.0,2.0,1.0
5470,547014,25.0,24.0,27.0,F,False,True,False,False,False,False,4.0,2.0,1.0
5470,547015,5.0,5.0,,F,True,False,False,False,False,False,1.0,1.0,5.0
5470,547016,1.0,1.0,,F,True,False,False,False,False,False,2.0,1.0,5.0
5470,547017,72.0,70.0,75.0,F,False,True,False,False,False,False,5.0,2.0,1.0
5470,547018,29.0,28.0,30.0,F,False,True,False,False,False,False,5.0,1.0,4.0
5470,547019,30.0,30.0,,M,True,False,False,False,False,False,1.0,1.0,5.0
5470,547020,26.0,26.0,,F,True,False,False,False,False,False,2.0,2.0,5.0
5470,547021,4.0,4.0,,M,True,False,False,False,False,False,2.0,1.0,5.0
5470,547022,27.0,27.0,,F,False,True,False,False,False,False,2.0,1.0,5.0
5470,547023,20.0,20.0,,F,False,True,False,False,False,False,2.0,1.0,5.0
5470,547024,5.0,5.0,,F,False,True,False,False,False,False,5.0,1.0,3.0
5470,547025,47.0,47.0,,M,False,True,False,False,False,False,2.0,2.0,5.0
5470,547026,18.0,17.0,20.0,F,False,True,False,False,False,False,5.0,1.0,3.0
5470,547027,32.0,30.0,35.0,F,False,True,False,False,False,False,5.0,2.0,4.0
5470,547028,55.0,53.0,57.0,M,False,True,False,False,False,False,2.0,2.0,5.0
5470,547029,42.0,40.0,45.0,F,False,True,False,False,False,False,5.0,2.0,1.0
5471,547101,17.0,17.0,,F,False,False,True,False,False,False,4.0,2.0,
5471,547102,15.0,15.0,,M,False,False,True,False,False,False,3.0,2.0,
5471,547103,47.0,45.0,50.0,M,False,False,True,False,False,False,5.0,2.0,
5471,547104,19.0,19.0,,M,False,False,True,False,False,False,3.0,2.0,
5471,547105,17.0,17.0,,M,False,False,True,False,False,False,4.0,2.0,
5471,547106,18.0,18.0,,M,False,False,True,False,False,False,3.0,2.0,
5471,547107,52.0,50.0,55.0,F,False,False,True,False,False,False,5.0,2.0,
5471,547108,43.0,43.0,,F,False,False,False,False,True,False,3.0,2.0,3.0
5471,547109,19.0,19.0,,F,False,False,True,False,False,False,4.0,2.0,
5471,547110,52.0,50.0,55.0,F,False,False,False,False,True,False,5.0,2.0,1.0
5471,547111,47.0,47.0,,F,False,False,False,False,True,False,2.0,2.0,3.0
5471,547112,40.0,40.0,,F,False,False,False,False,True,False,3.0,2.0,3.0
5471,547113,37.0,37.0,,F,False,False,False,False,True,False,3.0,2.0,3.0
5471,547114,17.0,17.0,,M,True,False,False,True,True,False,1.0,1.0,4.0
5471,547115,51.0,51.0,,M,True,False,False,False,True,False,1.0,1.0,5.0
5471,547116,52.0,50.0,55.0,M,False,False,True,False,False,False,4.0,2.0,
5471,547117,51.0,51.0,,F,False,False,False,False,True,False,2.0,2.0,3.0
5472,547201,6.0,6.0,,M,False,False,False,False,False,True,4.0,1.0,3.0
5472,547202,4.0,4.0,,M,False,False,False,False,False,True,5.0,2.0,3.0
5472,547203,22.0,20.0,25.0,F,False,False,False,False,False,True,2.0,1.0,2.0
5472,547204,21.0,21.0,,M,False,False,False,False,False,True,2.0,1.0,2.0
5472,547205,32.0,29.0,35.0,F,False,False,False,False,False,True,3.0,2.0,2.0
5472,547206,62.0,60.0,65.0,M,False,False,False,False,True,False,5.0,1.0,3.0
5472,547207,42.0,40.0,45.0,F,False,False,False,False,False,True,5.0,1.0,1.0
5472,547208,30.0,30.0,,M,False,False,False,False,False,True,5.0,2.0,1.0
5472,547209,19.0,19.0,,F,True,False,False,False,False,False,3.0,1.0,4.0
5472,547210,24.0,24.0,,F,True,False,False,False,False,False,2.0,1.0,4.0
5472,547211,46.0,46.0,,F,False,False,False,False,False,True,2.0,1.0,3.0
5472,547212,13.0,13.0,,F,False,False,False,False,False,True,3.0,2.0,3.0
5472,547213,9.0,9.0,,F,False,False,False,False,False,True,3.0,1.0,4.0
5472,547214,1.0,1.0,2.0,M,False,False,False,False,False,True,1.0,1.0,5.0
5472,547215,45.0,45.0,,M,False,False,False,False,False,True,1.0,1.0,5.0
5472,547216,43.0,43.0,,F,False,False,False,False,False,True,1.0,1.0,5.0
5472,547217,31.0,31.0,,M,False,False,False,False,False,True,2.0,1.0,2.0
5473,547301,34.0,34.0,,M,False,False,False,False,False,True,2.0,2.0,2.0
5473,547302,4.0,4.0,,F,False,True,False,False,False,False,2.0,1.0,2.0
5473,547303,4.0,4.0,,F,False,True,False,False,False,False,2.0,1.0,2.0
5473,547304,4.0,4.0,,M,False,True,False,False,False,False,2.0,2.0,2.0
5473,547305,3.0,3.0,,M,False,True,False,False,False,False,2.0,1.0,2.0
5473,547306,3.0,3.0,,M,False,True,False,False,False,False,2.0,1.0,2.0
5473,547307,4.0,4.0,,F,False,True,False,False,False,False,2.0,1.0,1.0
5473,547308,4.0,4.0,,F,False,True,False,False,False,False,2.0,1.0,1.0
5473,547309,3.0,3.0,,F,False,True,False,False,False,False,2.0,1.0,1.0
5473,547310,4.0,4.0,,M,False,True,False,False,False,False,2.0,2.0,2.0
5473,547311,35.0,35.0,,M,False,False,False,False,False,True,2.0,2.0,2.0
5473,547312,4.0,4.0,,F,False,True,False,False,False,False,2.0,1.0,2.0
5473,547313,11.0,11.0,,M,True,False,False,False,False,False,1.0,1.0,4.0
5473,547314,89.0,89.0,,M,False,False,False,False,False,True,3.0,2.0,2.0
5473,547315,45.0,45.0,,F,False,True,False,False,False,False,1.0,2.0,4.0
5473,547316,13.0,13.0,,M,True,False,False,False,False,False,1.0,1.0,5.0
5473,547317,3.0,3.0,,M,False,True,False,False,False,False,2.0,1.0,2.0
5473,547318,48.0,48.0,,F,False,True,False,False,False,False,1.0,2.0,4.0
5473,547319,3.0,3.0,,F,False,True,False,False,False,False,2.0,1.0,2.0
5473,547320,21.0,21.0,,,False,True,False,False,False,False,1.0,2.0,4.0
5473,547321,67.0,67.0,,F,False,False,False,False,True,False,2.0,2.0,4.0
5473,547322,69.0,69.0,,M,False,False,False,False,True,False,2.0,2.0,4.0
5473,547323,3.0,3.0,,F,False,True,False,False,False,False,2.0,1.0,2.0
5473,547324,2.0,2.0,,M,False,True,False,False,False,False,2.0,1.0,2.0
5473,547325,3.0,3.0,,M,False,True,False,False,False,False,2.0,2.0,2.0
5473,547326,35.0,35.0,,M,True,False,False,False,False,False,1.0,,5.0
5474,547401,41.0,41.0,,M,False,False,False,False,True,False,2.0,2.0,4.0
5474,547402,35.0,30.0,40.0,M,False,False,False,False,True,False,3.0,,4.0
5474,547403,47.0,45.0,50.0,F,False,False,False,False,True,False,5.0,2.0,3.0
5474,547404,52.0,50.0,55.0,M,False,False,False,False,True,False,2.0,2.0,4.0
5474,547405,35.0,30.0,40.0,M,False,False,False,False,True,False,3.0,,4.0
5474,547406,37.0,37.0,,M,False,False,False,False,True,False,2.0,2.0,4.0
5474,547407,80.0,80.0,,F,False,False,False,False,False,True,5.0,2.0,1.0
5474,547408,42.0,40.0,45.0,M,False,False,False,False,False,True,2.0,2.0,1.0
5474,547409,60.0,60.0,,M,False,False,False,False,False,True,2.0,2.0,5.0
5474,547410,74.0,74.0,,F,True,False,False,False,False,False,1.0,2.0,4.0
5474,547411,79.0,79.0,,M,True,False,False,False,False,False,1.0,2.0,4.0
5474,547412,40.0,40.0,,M,False,False,False,False,True,False,2.0,2.0,4.0
5474,547413,37.0,35.0,40.0,F,False,False,False,False,True,False,2.0,2.0,4.0
5475,547501,72.0,72.0,,M,False,False,False,False,False,True,4.0,2.0,3.0
5475,547502,38.0,38.0,,M,False,False,False,False,True,False,3.0,1.0,4.0
5475,547503,38.0,38.0,,F,False,False,False,False,True,False,3.0,1.0,4.0
5475,547504,45.0,45.0,,M,False,False,False,False,True,False,3.0,1.0,4.0
5475,547505,39.0,39.0,,F,False,False,False,False,True,False,3.0,1.0,4.0
5475,547506,39.0,39.0,,M,False,False,False,False,True,False,3.0,1.0,4.0
5475,547507,38.0,38.0,,F,False,False,False,False,True,False,3.0,1.0,4.0
5475,547508,60.0,60.0,,M,True,False,False,False,False,False,2.0,2.0,4.0
5475,547509,37.0,35.0,40.0,F,False,False,False,False,False,True,5.0,2.0,1.0
5475,547510,71.0,71.0,,F,False,False,False,False,False,True,2.0,2.0,4.0
5475,547511,70.0,70.0,,M,False,False,False,False,False,True,2.0,2.0,4.0
5475,547512,55.0,55.0,,F,True,False,False,False,False,False,2.0,1.0,4.0
5476,547601,42.0,40.0,45.0,M,False,False,False,False,False,True,4.0,2.0,1.0
5476,547602,49.0,49.0,,F,False,False,True,False,False,False,2.0,2.0,1.0
5476,547603,52.0,52.0,,F,False,False,True,False,False,False,2.0,2.0,1.0
5476,547604,27.0,25.0,30.0,F,False,False,True,False,False,False,3.0,2.0,2.0
5476,547605,62.0,60.0,65.0,F,False,False,False,False,False,True,5.0,2.0,1.0
5476,547606,61.0,61.0,,M,True,False,False,False,False,False,1.0,1.0,5.0
5476,547607,37.0,35.0,40.0,F,False,False,False,True,False,False,5.0,2.0,1.0
5476,547608,54.0,54.0,,F,False,False,False,False,True,False,2.0,2.0,4.0
5477,547701,76.0,76.0,77.0,M,False,False,False,False,True,False,1.0,2.0,5.0
5477,547702,71.0,70.0,72.0,F,False,False,False,False,True,False,2.0,2.0,3.0
5478,547801,30.0,30.0,,F,False,False,False,False,False,True,5.0,2.0,5.0
5478,547802,50.0,50.0,,M,False,False,False,False,True,False,4.0,1.0,
5478,547803,50.0,50.0,,F,False,False,False,False,True,False,4.0,1.0,5.0
5478,547804,20.0,18.0,22.0,M,False,False,False,False,True,False,5.0,1.0,5.0
5478,547805,20.0,18.0,22.0,M,False,False,False,False,True,False,5.0,1.0,5.0
5478,547806,20.0,18.0,22.0,F,False,False,False,False,True,False,5.0,1.0,5.0
5478,547807,21.0,21.0,,F,True,False,False,False,False,False,2.0,1.0,4.0
5478,547808,22.0,22.0,,M,True,False,False,False,False,False,2.0,2.0,4.0
5478,547809,50.0,50.0,,F,True,False,False,False,False,False,1.0,1.0,4.0
5478,547810,20.0,18.0,22.0,F,False,False,False,False,True,False,5.0,1.0,5.0
5479,547901,16.0,16.0,,F,True,False,False,False,False,False,2.0,1.0,4.0
5479,547902,6.0,6.0,,M,True,False,False,False,False,False,2.0,1.0,3.0
5479,547903,9.0,9.0,,F,True,False,False,False,False,False,2.0,1.0,3.0
5479,547904,31.0,31.0,,F,True,False,False,False,False,False,2.0,1.0,3.0
5479,547905,17.0,17.0,,M,True,False,False,False,False,False,2.0,1.0,4.0
5479,547906,12.0,12.0,,F,True,False,False,False,False,False,2.0,1.0,4.0
5479,547907,42.0,42.0,,M,True,False,False,False,False,False,1.0,1.0,3.0
5479,547908,54.0,54.0,,M,True,False,False,False,False,False,2.0,1.0,3.0
5479,547909,56.0,56.0,,F,True,False,False,False,False,False,1.0,1.0,4.0
5479,547910,39.0,39.0,,F,True,False,False,False,False,False,1.0,1.0,4.0
5480,548001,22.0,22.0,,M,False,True,False,False,False,False,2.0,2.0,4.0
5480,548002,28.0,28.0,,F,False,True,False,False,False,False,2.0,2.0,5.0
5480,548003,19.0,19.0,,M,False,True,False,False,False,False,2.0,2.0,5.0
5480,548004,17.0,17.0,,M,False,True,False,False,False,False,1.0,2.0,5.0
5480,548005,46.0,46.0,,M,False,True,False,False,False,False,2.0,2.0,5.0
5480,548006,44.0,44.0,,M,False,True,False,False,False,False,2.0,2.0,5.0
5480,548007,61.0,61.0,,F,True,False,False,False,False,False,2.0,2.0,1.0
5481,548101,8.0,8.0,,F,True,False,True,False,False,False,1.0,1.0,5.0
5481,548102,32.0,30.0,35.0,M,False,False,False,False,False,True,2.0,1.0,2.0
5481,548103,22.0,20.0,24.0,F,True,False,False,False,False,False,1.0,1.0,3.0
5481,548104,57.0,55.0,60.0,F,False,False,False,False,False,True,1.0,1.0,4.0
5481,548105,30.0,30.0,,F,True,False,False,False,False,False,1.0,1.0,5.0
5481,548106,32.0,30.0,35.0,M,True,False,False,False,False,False,1.0,1.0,5.0
5482,548201,54.0,54.0,,M,True,False,False,False,False,False,1.0,1.0,5.0
5482,548202,12.0,12.0,,F,True,False,False,False,False,False,1.0,2.0,5.0
5482,548203,14.0,14.0,,F,True,False,False,False,False,False,1.0,2.0,5.0
5483,548301,22.0,20.0,24.0,F,False,False,True,False,False,False,1.0,1.0,4.0
5483,548302,27.0,25.0,30.0,M,True,False,False,False,False,False,5.0,2.0,4.0
5483,548303,22.0,20.0,24.0,F,False,False,True,False,False,False,2.0,,3.0
5483,548304,31.0,30.0,32.0,F,False,False,True,False,False,False,2.0,,4.0
5483,548305,22.0,20.0,24.0,F,False,False,True,False,False,False,1.0,1.0,4.0
5483,548306,22.0,20.0,24.0,F,False,False,True,False,False,False,1.0,2.0,4.0
5483,548307,22.0,20.0,24.0,F,False,False,True,False,False,False,1.0,,5.0
5483,548308,9.0,9.0,10.0,M,True,False,False,False,False,False,2.0,1.0,4.0
5483,548309,31.0,30.0,33.0,F,True,False,False,False,False,False,2.0,1.0,2.0
5483,548310,51.0,51.0,,F,True,False,False,False,False,False,2.0,1.0,3.0
5483,548311,22.0,20.0,24.0,M,False,False,True,False,False,False,1.0,1.0,4.0
5483,548312,22.0,20.0,24.0,M,True,False,False,False,False,False,1.0,2.0,3.0
5484,548401,25.0,22.0,28.0,F,False,True,False,False,False,False,1.0,2.0,4.0
5484,548402,10.0,10.0,,F,False,True,False,False,False,False,1.0,2.0,3.0
5484,548403,27.0,26.0,28.0,F,False,True,False,False,False,False,1.0,2.0,3.0
5484,548404,6.0,6.0,7.0,F,False,True,False,False,False,False,1.0,1.0,4.0
5484,548405,6.0,6.0,7.0,M,False,True,False,False,False,False,1.0,1.0,4.0
5484,548406,6.0,6.0,7.0,M,False,True,False,False,False,False,1.0,1.0,4.0
5484,548407,6.0,6.0,7.0,M,False,True,False,False,False,False,1.0,2.0,4.0
5484,548408,6.0,6.0,7.0,M,False,True,False,False,False,False,1.0,2.0,4.0
5484,548409,6.0,6.0,7.0,M,False,True,False,False,False,False,1.0,2.0,4.0
5484,548410,20.0,20.0,,M,False,True,False,False,False,False,1.0,2.0,4.0
5484,548411,52.0,50.0,55.0,M,False,True,False,False,False,False,2.0,2.0,2.0
5484,548412,63.0,59.0,67.0,M,False,False,False,True,False,False,3.0,2.0,2.0
5484,548413,67.0,67.0,,M,True,False,False,False,False,False,1.0,2.0,4.0
5484,548414,9.0,9.0,,F,False,True,False,False,False,False,1.0,2.0,3.0
5484,548415,6.0,6.0,7.0,M,False,True,False,False,False,False,1.0,2.0,4.0
5484,548416,4.0,3.0,5.0,M,False,True,False,False,False,False,1.0,1.0,4.0
5484,548417,59.0,59.0,,F,True,False,False,False,False,False,1.0,1.0,4.0
5484,548418,24.0,20.0,28.0,F,False,True,False,False,False,False,1.0,2.0,4.0
5484,548419,4.0,3.0,5.0,M,False,True,False,False,False,False,1.0,1.0,4.0
5484,548420,9.0,9.0,,F,False,True,False,False,False,False,1.0,2.0,3.0
5484,548421,4.0,3.0,5.0,M,False,True,False,False,False,False,1.0,1.0,4.0
5484,548422,4.0,3.0,5.0,M,False,True,False,False,False,False,1.0,1.0,4.0
5484,548423,4.0,3.0,5.0,M,False,True,False,False,False,False,1.0,1.0,4.0
5484,548424,4.0,3.0,5.0,F,False,True,False,False,False,False,1.0,1.0,4.0
5484,548425,8.0,8.0,,F,False,True,False,False,False,False,1.0,2.0,3.0
5484,548426,8.0,8.0,,F,False,True,False,False,False,False,1.0,2.0,3.0
5484,548427,9.0,9.0,,F,False,True,False,False,False,False,1.0,2.0,3.0
5484,548428,9.0,9.0,,F,False,True,False,False,False,False,1.0,2.0,3.0
5484,548429,26.0,26.0,,F,False,True,False,False,False,False,1.0,2.0,4.0
5485,548501,6.0,6.0,,M,True,False,False,False,False,False,1.0,1.0,4.0
5485,548502,52.0,50.0,55.0,F,False,False,False,False,False,False,,2.0,
5485,548503,55.0,50.0,60.0,M,False,False,False,False,False,True,2.0,2.0,1.0
5485,548504,52.0,50.0,55.0,M,True,False,False,False,False,False,4.0,2.0,3.0
5485,548505,31.0,31.0,,F,True,False,False,False,False,False,1.0,2.0,4.0
5485,548506,50.0,45.0,55.0,F,False,False,False,False,False,False,,2.0,
5485,548507,7.0,7.0,,M,True,False,False,False,False,False,1.0,1.0,4.0
5485,548508,14.0,14.0,,,True,False,False,False,False,False,1.0,1.0,4.0
5485,548509,4.0,4.0,,M,True,False,False,False,False,False,1.0,1.0,4.0
5485,548510,51.0,48.0,55.0,F,False,True,False,False,False,False,1.0,2.0,5.0
5485,548511,57.0,55.0,60.0,F,False,True,False,False,False,False,1.0,2.0,3.0
5485,548512,37.0,37.0,,F,False,True,False,False,False,False,1.0,2.0,5.0
5485,548513,21.0,20.0,22.0,F,False,True,False,False,False,False,2.0,,3.0
5485,548514,57.0,55.0,60.0,F,False,True,False,False,False,False,2.0,,3.0
5485,548515,52.0,50.0,55.0,F,False,True,False,False,False,False,4.0,,2.0
5485,548516,52.0,50.0,55.0,F,False,True,False,False,False,False,4.0,,2.0
5486,548601,32.0,30.0,35.0,F,False,False,True,False,False,False,4.0,2.0,1.0
5486,548602,47.0,45.0,50.0,M,False,False,False,False,False,True,2.0,1.0,1.0
5486,548603,60.0,60.0,,M,False,False,False,False,False,True,3.0,1.0,3.0
5486,548604,32.0,30.0,35.0,M,False,False,False,False,False,True,3.0,2.0,3.0
5486,548605,80.0,80.0,,F,False,False,False,False,False,True,2.0,1.0,3.0
5486,548606,42.0,40.0,45.0,F,False,False,False,False,False,True,1.0,2.0,3.0
5486,548607,62.0,60.0,65.0,F,False,False,False,False,True,False,5.0,2.0,2.0
5486,548608,34.0,34.0,,M,True,False,False,False,False,False,2.0,1.0,3.0
5486,548609,29.0,29.0,,F,True,False,False,False,False,False,2.0,1.0,4.0
5486,548610,56.0,56.0,,M,False,False,False,False,False,True,2.0,2.0,3.0
5486,548611,32.0,32.0,,F,False,False,True,False,False,False,2.0,2.0,3.0
5486,548612,61.0,61.0,,M,True,False,False,False,False,False,1.0,2.0,5.0
5486,548613,52.0,50.0,55.0,F,False,False,False,False,False,True,2.0,2.0,1.0
5486,548614,27.0,27.0,,M,True,False,False,False,False,False,1.0,2.0,4.0
5486,548615,6.0,5.0,7.0,M,False,False,True,False,False,False,2.0,1.0,3.0
5486,548616,31.0,31.0,,F,False,False,True,False,False,False,3.0,2.0,2.0
5486,548617,6.0,5.0,7.0,M,False,False,True,False,False,False,2.0,1.0,3.0
5486,548618,6.0,5.0,7.0,F,False,False,True,False,False,False,2.0,1.0,3.0
5486,548619,6.0,5.0,7.0,F,False,False,True,False,False,False,2.0,1.0,3.0
5486,548620,6.0,5.0,7.0,F,False,False,True,False,False,False,2.0,1.0,3.0
5486,548621,6.0,5.0,7.0,F,False,False,True,False,False,False,2.0,1.0,3.0
5486,548622,6.0,5.0,7.0,M,False,False,True,False,False,False,2.0,1.0,3.0
5487,548701,58.0,58.0,,F,False,False,False,False,True,False,3.0,2.0,1.0
5487,548702,64.0,64.0,,F,True,False,False,False,False,False,1.0,1.0,5.0
5488,548801,67.0,65.0,70.0,F,False,False,False,False,False,False,2.0,2.0,2.0
5488,548802,72.0,70.0,75.0,M,False,True,False,False,False,False,2.0,2.0,3.0
5488,548803,62.0,60.0,65.0,M,False,False,False,False,True,False,2.0,2.0,4.0
5488,548804,52.0,50.0,55.0,F,False,False,False,False,False,False,4.0,2.0,2.0
5488,548805,32.0,30.0,35.0,M,False,False,False,False,True,False,2.0,2.0,4.0
5488,548806,22.0,20.0,25.0,M,False,True,False,False,False,False,2.0,2.0,4.0
5488,548807,62.0,60.0,65.0,F,False,False,False,False,True,False,1.0,2.0,4.0
5488,548808,72.0,70.0,75.0,F,False,True,False,False,False,False,2.0,2.0,3.0
5488,548809,57.0,55.0,60.0,M,False,False,False,False,True,False,2.0,2.0,4.0
5488,548810,47.0,45.0,50.0,F,False,True,False,False,False,False,2.0,2.0,4.0
5488,548811,57.0,55.0,60.0,F,False,True,False,False,False,False,2.0,2.0,4.0
5488,548812,32.0,30.0,35.0,M,False,True,False,False,False,False,2.0,2.0,4.0
5488,548813,52.0,50.0,55.0,M,False,True,False,False,False,False,2.0,2.0,4.0
5488,548814,42.0,40.0,45.0,M,True,True,False,False,False,False,1.0,1.0,5.0
5488,548815,32.0,30.0,35.0,F,False,True,False,False,False,False,2.0,2.0,1.0
5488,548816,32.0,30.0,35.0,F,False,True,False,False,False,False,2.0,2.0,4.0
5488,548817,82.0,80.0,85.0,F,False,True,False,False,False,False,2.0,2.0,4.0
5489,548901,50.0,50.0,,M,False,False,False,False,False,True,4.0,2.0,1.0
5489,548902,40.0,40.0,,M,True,False,False,False,False,False,4.0,2.0,1.0
5489,548903,40.0,40.0,,F,False,False,False,False,True,False,4.0,2.0,1.0
5489,548904,40.0,40.0,,M,False,False,False,False,True,False,5.0,2.0,1.0
5489,548905,25.0,25.0,,M,False,False,False,False,True,False,4.0,2.0,2.0
5489,548906,30.0,30.0,,F,False,False,False,True,False,False,5.0,2.0,1.0
5489,548907,40.0,40.0,,M,False,True,False,False,False,False,2.0,2.0,1.0
5489,548908,40.0,40.0,,M,False,False,False,False,False,True,2.0,2.0,1.0
5489,548909,40.0,40.0,,M,False,True,False,False,False,False,2.0,2.0,1.0
5489,548910,20.0,20.0,,M,True,False,False,False,False,False,5.0,2.0,1.0
5489,548911,23.0,23.0,,F,True,False,False,False,False,False,1.0,2.0,4.0
5489,548912,40.0,40.0,,F,True,False,False,False,False,False,1.0,1.0,5.0
5489,548913,30.0,30.0,,M,False,False,False,False,False,True,4.0,2.0,2.0
5489,548914,50.0,50.0,,M,True,False,False,False,False,False,4.0,2.0,4.0
5490,549001,31.0,31.0,,F,False,True,False,False,False,False,2.0,2.0,4.0
5490,549002,31.0,31.0,,F,True,False,False,False,False,False,2.0,2.0,4.0
5490,549003,14.0,14.0,,F,False,True,False,False,False,False,2.0,2.0,4.0
5490,549004,14.0,14.0,,F,False,True,False,False,False,False,2.0,2.0,4.0
5490,549005,15.0,15.0,,M,False,True,False,False,False,False,2.0,2.0,4.0
5490,549006,26.0,26.0,,F,True,False,False,False,False,False,1.0,2.0,4.0
5490,549007,46.0,43.0,50.0,F,False,True,False,False,False,False,2.0,2.0,4.0
5490,549008,22.0,22.0,,F,False,True,False,False,False,False,2.0,2.0,4.0
5490,549009,29.0,29.0,,F,True,False,False,False,False,False,1.0,2.0,4.0
5490,549010,28.0,26.0,30.0,F,False,True,False,False,False,False,3.0,2.0,4.0
5490,549011,35.0,34.0,36.0,M,False,True,False,False,False,False,2.0,2.0,4.0
5490,549012,10.0,9.0,11.0,,False,False,False,False,False,False,,2.0,
5490,549013,40.0,38.0,42.0,M,False,True,False,False,False,False,2.0,2.0,4.0
5490,549014,42.0,40.0,45.0,F,False,True,False,False,False,False,1.0,2.0,4.0
5490,549015,21.0,21.0,,M,False,True,False,False,False,False,2.0,2.0,4.0
5490,549016,60.0,60.0,,F,False,False,True,False,False,False,2.0,2.0,3.0
5490,549017,6.0,5.0,7.0,,False,False,True,False,False,False,,2.0,3.0
5490,549018,61.0,61.0,,M,False,True,False,False,False,False,2.0,2.0,1.0
5490,549019,70.0,65.0,75.0,M,False,True,False,False,False,False,2.0,2.0,1.0
5490,549020,55.0,50.0,60.0,,False,False,False,False,False,False,,2.0,
5490,549021,52.0,50.0,55.0,M,False,True,False,False,False,False,2.0,2.0,4.0
5491,549101,19.0,19.0,,F,False,False,False,False,True,False,1.0,1.0,5.0
5491,549102,24.0,24.0,,M,False,False,False,False,True,False,2.0,2.0,5.0
5491,549103,32.0,30.0,35.0,M,False,False,False,False,False,True,1.0,1.0,1.0
5491,549104,19.0,19.0,,F,True,False,False,False,False,False,1.0,1.0,5.0
5491,549105,18.0,18.0,,F,False,False,False,False,True,False,1.0,1.0,5.0
5491,549106,21.0,21.0,,M,False,False,False,False,True,False,2.0,2.0,5.0
5491,549107,22.0,22.0,,F,False,False,True,False,False,False,1.0,1.0,3.0
5491,549108,19.0,19.0,,F,False,False,False,False,False,True,5.0,1.0,5.0
5491,549109,27.0,27.0,,M,True,False,False,False,False,False,2.0,2.0,2.0
5491,549110,20.0,20.0,,M,False,True,False,False,False,False,2.0,1.0,5.0
5491,549111,20.0,20.0,,M,True,False,False,False,False,False,1.0,1.0,
5491,549112,23.0,23.0,,M,False,False,False,False,True,False,2.0,1.0,5.0
5491,549113,24.0,24.0,,M,False,False,False,False,False,False,2.0,1.0,
5492,549201,26.0,26.0,,F,False,False,False,False,False,True,2.0,1.0,3.0
5492,549202,29.0,29.0,,F,False,False,False,False,False,True,2.0,1.0,3.0
5493,549301,19.0,19.0,,M,True,False,False,False,False,False,1.0,2.0,2.0
5493,549302,30.0,30.0,,F,False,False,False,False,False,True,2.0,1.0,1.0
5493,549303,27.0,25.0,30.0,M,False,False,False,False,False,True,1.0,2.0,1.0
5493,549304,3.0,3.0,,M,False,False,False,False,False,True,2.0,1.0,2.0
5493,549305,40.0,40.0,,F,False,False,False,False,False,True,2.0,2.0,3.0
5493,549306,19.0,19.0,,F,True,False,False,False,False,False,1.0,1.0,5.0
5493,549307,45.0,45.0,,M,False,False,False,False,False,True,2.0,2.0,3.0
5494,549401,10.0,10.0,,M,False,False,False,False,False,True,1.0,1.0,2.0
5494,549402,46.0,46.0,,F,True,False,False,False,False,True,1.0,1.0,5.0
5494,549403,23.0,23.0,,F,False,False,False,False,True,False,2.0,2.0,1.0
5494,549404,42.0,40.0,45.0,F,False,False,False,False,True,False,2.0,2.0,1.0
5494,549405,32.0,30.0,35.0,F,False,False,False,False,True,False,2.0,2.0,1.0
5494,549406,45.0,45.0,,M,False,False,False,False,False,True,1.0,1.0,1.0
5494,549407,12.0,12.0,,M,False,False,False,False,False,True,1.0,1.0,2.0
5494,549408,62.0,60.0,65.0,F,False,False,False,False,False,True,1.0,2.0,1.0
5494,549409,32.0,30.0,35.0,F,False,False,False,False,False,True,1.0,2.0,1.0
5494,549410,30.0,30.0,,F,True,False,False,False,False,False,1.0,2.0,2.0
5494,549411,19.0,19.0,,M,True,False,False,False,False,True,1.0,2.0,5.0
5494,549412,48.0,48.0,,M,True,False,False,False,False,False,1.0,1.0,5.0
5494,549413,23.0,23.0,,M,False,False,False,False,True,True,1.0,1.0,5.0
5494,549414,23.0,23.0,,F,False,False,False,False,False,True,1.0,,1.0
5495,549501,33.0,33.0,,F,True,False,False,False,False,False,2.0,2.0,2.0
5495,549502,2.0,2.0,,F,True,False,False,False,False,False,2.0,1.0,2.0
5495,549503,26.0,26.0,,M,True,False,False,False,False,False,2.0,1.0,2.0
5495,549504,32.0,30.0,35.0,F,False,False,False,False,True,False,4.0,2.0,1.0
5495,549505,63.0,63.0,,F,False,False,False,False,True,False,2.0,2.0,4.0
5495,549506,50.0,50.0,,F,False,True,False,False,False,False,1.0,2.0,4.0
5495,549507,36.0,36.0,,F,False,True,False,False,False,False,1.0,2.0,4.0
5495,549508,54.0,54.0,,M,True,False,False,False,False,True,1.0,1.0,5.0
5495,549509,23.0,23.0,,F,False,False,False,False,True,False,2.0,2.0,4.0
5495,549510,4.0,4.0,,M,True,False,False,False,False,False,2.0,1.0,2.0
5496,549601,71.0,70.0,73.0,M,False,True,False,False,False,False,5.0,2.0,3.0
5496,549602,29.0,28.0,30.0,F,False,True,False,False,False,False,5.0,1.0,2.0
5496,549603,32.0,30.0,35.0,F,False,True,False,False,False,False,5.0,2.0,2.0
5496,549604,62.0,60.0,65.0,F,False,True,False,False,False,False,5.0,1.0,2.0
5496,549605,65.0,60.0,70.0,M,False,True,False,False,False,False,5.0,2.0,2.0
5496,549606,1.0,1.0,,M,False,True,False,False,False,False,5.0,1.0,2.0
5496,549607,55.0,50.0,60.0,F,False,True,False,False,False,False,5.0,2.0,2.0
5496,549608,22.0,20.0,25.0,M,False,True,False,False,False,False,5.0,2.0,2.0
5496,549609,62.0,60.0,65.0,M,False,True,False,False,False,False,5.0,1.0,3.0
5496,549610,22.0,19.0,25.0,F,False,True,False,False,False,False,5.0,1.0,2.0
5496,549611,27.0,25.0,30.0,F,False,True,False,False,False,False,5.0,2.0,2.0
5496,549612,32.0,30.0,35.0,F,False,True,False,False,False,False,5.0,2.0,2.0
5496,549613,62.0,60.0,65.0,M,False,True,False,False,False,False,5.0,2.0,2.0
5496,549614,32.0,30.0,35.0,M,False,True,False,False,False,False,5.0,1.0,3.0
5496,549615,42.0,40.0,45.0,M,False,True,False,False,False,False,5.0,1.0,3.0
5496,549616,6.0,6.0,,M,False,True,False,False,False,False,5.0,1.0,2.0
5496,549617,52.0,52.0,,F,True,False,False,True,True,False,1.0,1.0,5.0
5496,549618,27.0,25.0,30.0,M,False,True,False,False,False,False,5.0,2.0,2.0
5496,549619,62.0,60.0,65.0,F,False,True,False,False,False,False,5.0,1.0,2.0
5496,549620,82.0,80.0,85.0,F,False,True,False,False,False,False,5.0,2.0,2.0
5496,549621,15.0,15.0,,M,False,True,False,True,False,False,5.0,1.0,2.0
5496,549622,52.0,50.0,55.0,M,False,True,False,False,False,False,5.0,1.0,2.0
5496,549623,19.0,18.0,20.0,M,False,True,False,False,False,False,5.0,2.0,2.0
5496,549624,32.0,30.0,35.0,M,False,True,False,False,False,False,5.0,2.0,2.0
5496,549625,42.0,40.0,45.0,F,False,True,False,False,False,False,5.0,1.0,2.0
5496,549626,62.0,60.0,65.0,M,False,True,False,False,False,False,5.0,1.0,2.0
5496,549627,28.0,26.0,30.0,M,False,True,False,False,False,False,5.0,2.0,2.0
5496,549628,5.0,5.0,,M,False,True,False,False,False,False,5.0,1.0,2.0
5496,549629,28.0,26.0,30.0,F,False,True,False,False,False,False,5.0,2.0,2.0
5497,549701,23.0,23.0,,F,True,False,False,False,False,False,2.0,1.0,2.0
5497,549702,53.0,53.0,,M,False,True,False,False,False,False,1.0,2.0,5.0
5497,549703,8.0,8.0,,F,True,False,False,False,False,False,2.0,1.0,2.0
5497,549704,30.0,30.0,,M,True,False,False,False,False,False,2.0,2.0,2.0
5497,549705,58.0,58.0,,M,False,True,False,False,False,False,1.0,2.0,5.0
5497,549706,58.0,58.0,,F,True,False,False,False,False,False,1.0,1.0,5.0
5497,549707,46.0,46.0,,M,False,True,False,False,False,False,1.0,2.0,5.0
5497,549708,40.0,40.0,,M,False,True,False,False,False,False,1.0,2.0,5.0
5497,549709,38.0,38.0,,M,False,True,False,False,False,False,1.0,2.0,5.0
5497,549710,6.0,6.0,,M,True,False,False,False,False,False,2.0,1.0,2.0
5498,549801,30.0,30.0,,F,True,False,False,False,False,False,1.0,1.0,5.0
5498,549802,60.0,60.0,,F,False,False,False,False,False,True,1.0,1.0,2.0
5498,549803,65.0,65.0,,M,False,False,False,False,False,True,1.0,2.0,2.0
5499,549901,45.0,40.0,50.0,M,False,False,False,False,False,True,1.0,2.0,1.0
5499,549902,6.0,6.0,7.0,M,True,False,False,False,False,False,2.0,1.0,1.0
5499,549903,25.0,20.0,30.0,F,False,False,False,False,False,True,2.0,2.0,1.0
5499,549904,25.0,20.0,30.0,F,False,False,False,False,False,True,5.0,2.0,2.0
5499,549905,25.0,20.0,30.0,F,False,False,False,False,False,True,5.0,2.0,2.0
5499,549906,35.0,30.0,40.0,F,False,False,False,False,False,True,2.0,2.0,2.0
5499,549907,48.0,46.0,50.0,M,False,False,False,False,False,True,1.0,2.0,1.0
5499,549908,19.0,19.0,,M,True,False,False,False,False,False,1.0,1.0,5.0
5499,549909,35.0,35.0,,M,True,False,False,False,False,False,1.0,1.0,5.0
5499,549910,47.0,47.0,,M,True,False,False,False,False,False,1.0,1.0,5.0
5499,549911,37.0,35.0,40.0,M,True,False,False,False,False,False,3.0,2.0,1.0
5500,550001,14.0,14.0,,F,True,False,False,False,False,True,1.0,1.0,4.0
5500,550002,30.0,30.0,,M,False,False,False,False,False,True,1.0,1.0,2.0
5500,550003,26.0,26.0,,M,True,False,False,False,False,False,1.0,1.0,5.0
5500,550004,30.0,30.0,,F,False,False,False,False,False,True,1.0,1.0,1.0
5500,550005,14.0,14.0,,F,False,False,False,False,False,True,1.0,2.0,2.0
5500,550006,20.0,20.0,,F,False,False,False,False,False,True,1.0,2.0,2.0
5500,550007,60.0,60.0,,F,False,False,False,False,True,False,2.0,2.0,2.0
5500,550008,35.0,35.0,,F,False,False,False,False,False,True,1.0,2.0,1.0
5500,550009,47.0,47.0,,M,False,False,False,False,False,True,1.0,2.0,2.0
5500,550010,3.0,3.0,,F,True,False,False,False,True,False,1.0,1.0,5.0
5500,550011,30.0,30.0,,F,False,False,False,False,False,True,2.0,2.0,1.0
5500,550012,23.0,23.0,,F,False,False,False,False,False,True,1.0,1.0,1.0
5501,550101,27.0,25.0,30.0,M,False,True,False,False,False,False,5.0,2.0,2.0
5501,550102,60.0,60.0,,M,False,True,False,False,False,False,4.0,2.0,1.0
5501,550103,47.0,45.0,50.0,F,False,True,False,False,False,False,5.0,2.0,1.0
5501,550104,27.0,25.0,30.0,M,False,True,False,False,False,False,5.0,2.0,1.0
5501,550105,18.0,18.0,,F,True,False,False,False,False,False,1.0,,2.0
5501,550106,14.0,14.0,,M,True,False,False,False,False,False,1.0,2.0,2.0
5501,550107,45.0,45.0,,F,False,False,False,False,False,True,2.0,2.0,2.0
5501,550108,30.0,30.0,,M,False,False,False,False,False,True,2.0,2.0,2.0
5501,550109,63.0,63.0,,F,True,False,False,False,False,False,1.0,2.0,5.0
5501,550110,38.0,38.0,,M,True,False,False,False,False,False,1.0,2.0,5.0
5501,550111,28.0,28.0,,M,False,True,False,False,False,False,5.0,2.0,1.0
5502,550201,6.0,6.0,,F,True,False,False,False,False,True,1.0,1.0,5.0
5502,550202,8.0,8.0,,F,False,True,False,False,False,False,1.0,2.0,4.0
5502,550203,7.0,7.0,,F,False,True,False,False,False,False,1.0,2.0,4.0
5502,550204,8.0,8.0,,F,False,True,False,False,False,False,1.0,2.0,4.0
5502,550205,7.0,7.0,,F,False,True,False,False,False,False,1.0,2.0,4.0
5502,550206,10.0,10.0,,F,False,True,False,False,False,False,1.0,2.0,4.0
5502,550207,9.0,9.0,,F,False,True,False,False,False,False,1.0,2.0,4.0
5502,550208,7.0,7.0,,F,False,True,False,False,False,False,1.0,2.0,4.0
5502,550209,8.0,8.0,,M,False,True,False,False,False,False,1.0,2.0,4.0
5502,550210,7.0,7.0,,M,False,True,False,False,False,False,1.0,2.0,4.0
5502,550211,8.0,8.0,,F,False,True,False,False,False,False,1.0,2.0,4.0
5502,550212,8.0,8.0,,M,False,True,False,False,False,False,1.0,2.0,4.0
5502,550213,7.0,7.0,,F,False,True,False,False,False,False,1.0,2.0,4.0
5502,550214,7.0,7.0,,F,False,True,False,False,False,False,1.0,2.0,4.0
5502,550215,8.0,8.0,,F,False,True,False,False,False,False,1.0,2.0,4.0
5502,550216,8.0,8.0,,F,False,True,False,False,False,False,1.0,2.0,4.0
5502,550217,7.0,7.0,,F,True,False,False,False,False,True,1.0,1.0,5.0
5502,550218,50.0,50.0,,F,False,False,False,False,False,True,1.0,2.0,4.0
5503,550301,27.0,25.0,30.0,F,False,False,False,False,False,True,2.0,2.0,1.0
5503,550302,45.0,45.0,,M,False,False,False,False,False,True,2.0,2.0,1.0
5503,550303,60.0,60.0,,M,True,False,False,False,False,False,1.0,1.0,4.0
5503,550304,27.0,25.0,30.0,F,False,False,False,False,False,True,2.0,2.0,1.0
5504,550401,46.0,46.0,,M,True,False,False,False,False,False,1.0,1.0,5.0
5504,550402,83.0,83.0,,F,True,False,False,False,False,False,1.0,2.0,5.0
5504,550403,30.0,30.0,,F,False,True,False,False,False,False,1.0,2.0,4.0
5504,550404,31.0,31.0,,F,False,True,False,False,False,False,1.0,2.0,4.0
5504,550405,28.0,28.0,,F,False,True,False,False,False,False,1.0,2.0,4.0
5504,550406,26.0,26.0,,F,False,False,False,False,False,True,2.0,2.0,1.0
5504,550407,42.0,40.0,45.0,F,False,False,False,False,False,True,2.0,2.0,1.0
5504,550408,21.0,21.0,,M,True,False,False,False,False,False,1.0,2.0,4.0
5505,550501,58.0,58.0,,M,True,False,False,False,False,False,1.0,1.0,5.0
5505,550502,60.0,60.0,,M,False,False,False,False,False,True,1.0,2.0,1.0
5505,550503,40.0,40.0,,F,False,False,False,False,False,True,1.0,2.0,1.0
5505,550504,18.0,18.0,,M,True,False,False,False,False,False,1.0,1.0,5.0
5505,550505,45.0,45.0,,F,False,False,False,False,False,True,1.0,2.0,1.0
5506,550601,65.0,65.0,,M,True,False,False,False,False,False,1.0,1.0,3.0
5506,550602,40.0,40.0,,M,False,False,False,False,False,True,2.0,2.0,2.0
5506,550603,45.0,45.0,,F,False,False,False,False,False,True,2.0,2.0,2.0
5507,550701,34.0,32.0,36.0,F,False,False,False,True,False,False,5.0,2.0,1.0
5507,550702,3.0,3.0,,F,True,False,True,False,False,False,1.0,1.0,5.0
5507,550703,16.0,16.0,,F,True,False,False,False,False,False,1.0,1.0,5.0
5507,550704,22.0,20.0,25.0,F,True,False,False,False,False,False,2.0,2.0,2.0
5507,550705,20.0,18.0,22.0,M,False,False,False,False,False,True,4.0,2.0,1.0
5507,550706,40.0,38.0,42.0,F,False,False,False,False,False,True,4.0,2.0,1.0
5507,550707,37.0,35.0,40.0,M,True,False,False,False,False,False,5.0,2.0,2.0
5507,550708,25.0,20.0,30.0,M,False,False,False,False,False,True,2.0,2.0,1.0
5507,550709,30.0,30.0,,F,False,False,True,False,False,True,1.0,2.0,4.0
5507,550710,20.0,20.0,,M,True,False,False,False,False,False,1.0,2.0,3.0
5507,550711,18.0,18.0,,M,True,False,False,False,False,False,1.0,2.0,3.0
5507,550712,9.0,9.0,,M,True,False,True,False,False,False,1.0,1.0,5.0
5507,550713,47.0,47.0,,M,True,False,False,False,False,False,1.0,1.0,5.0
5508,550801,42.0,42.0,,M,False,False,False,False,True,False,3.0,1.0,3.0
5508,550802,23.0,23.0,,M,False,False,False,False,True,False,3.0,1.0,4.0
5508,550803,25.0,25.0,,M,False,False,False,False,True,False,3.0,1.0,4.0
5508,550804,26.0,26.0,,M,False,False,False,False,True,False,3.0,1.0,3.0
5508,550805,26.0,26.0,,M,False,False,False,False,True,False,3.0,1.0,3.0
5508,550806,34.0,34.0,,F,False,False,False,False,True,False,2.0,1.0,3.0
5508,550807,52.0,52.0,,M,False,False,False,False,True,False,3.0,1.0,3.0
5508,550808,20.0,20.0,,M,False,False,False,False,True,False,2.0,1.0,2.0
5508,550809,38.0,38.0,,F,True,False,False,False,False,False,2.0,2.0,3.0
5508,550810,42.0,42.0,,M,True,False,False,False,False,False,2.0,1.0,3.0
5508,550811,11.0,11.0,,M,False,False,False,False,False,True,2.0,2.0,3.0
5508,550812,14.0,14.0,,M,False,False,False,False,False,True,2.0,2.0,3.0
5508,550813,35.0,35.0,,F,False,False,False,False,False,True,2.0,2.0,5.0
5508,550814,35.0,30.0,40.0,M,False,False,False,False,False,True,2.0,2.0,4.0
5508,550815,23.0,23.0,,F,True,False,False,False,False,False,1.0,1.0,5.0
5508,550816,47.0,47.0,,F,False,False,False,False,True,False,3.0,1.0,3.0
5509,550901,42.0,40.0,45.0,M,False,True,False,False,False,False,3.0,2.0,2.0
5509,550902,36.0,35.0,37.0,M,False,True,False,False,False,False,3.0,2.0,1.0
5509,550903,33.0,30.0,36.0,F,False,True,False,False,False,False,2.0,2.0,1.0
5509,550904,72.0,70.0,75.0,M,False,True,False,False,False,False,5.0,2.0,1.0
5509,550905,18.0,18.0,,F,True,False,False,False,False,False,2.0,2.0,4.0
5509,550906,17.0,17.0,,M,True,False,False,False,False,False,1.0,1.0,5.0
5509,550907,22.0,20.0,25.0,M,False,True,False,False,False,False,2.0,2.0,4.0
5509,550908,16.0,16.0,17.0,M,False,True,False,False,False,False,2.0,2.0,4.0
5509,550909,36.0,35.0,37.0,M,False,True,False,False,False,False,2.0,2.0,4.0
5509,550910,41.0,40.0,43.0,F,False,True,False,False,False,False,2.0,2.0,4.0
5509,550911,41.0,40.0,42.0,M,False,True,False,False,False,False,2.0,2.0,4.0
5509,550912,42.0,42.0,,M,True,False,False,False,False,False,1.0,1.0,5.0
5509,550913,42.0,40.0,45.0,F,False,True,False,False,False,False,2.0,2.0,1.0
5509,550914,15.0,15.0,,F,True,False,False,False,False,False,1.0,1.0,5.0
5510,551001,15.0,15.0,,F,False,False,False,False,True,False,5.0,1.0,1.0
5510,551002,12.0,12.0,,F,False,False,False,False,True,False,5.0,,
5510,551003,6.0,6.0,,M,False,False,False,False,True,False,5.0,1.0,1.0
5510,551004,42.0,42.0,,M,False,False,False,False,True,False,5.0,1.0,1.0
5510,551005,16.0,16.0,,M,False,False,False,False,True,False,5.0,1.0,1.0
5510,551006,32.0,32.0,,M,False,False,False,False,True,False,5.0,1.0,1.0
5510,551007,40.0,40.0,,M,False,False,False,False,True,False,5.0,1.0,1.0
5510,551008,25.0,25.0,,F,False,False,False,False,True,False,5.0,1.0,1.0
5510,551009,40.0,40.0,,M,False,False,False,False,False,True,5.0,1.0,1.0
5510,551010,30.0,30.0,,F,False,False,False,False,False,True,5.0,1.0,1.0
5510,551011,21.0,21.0,,F,False,False,False,False,True,False,5.0,1.0,1.0
5511,551101,68.0,68.0,,F,True,False,False,False,False,False,1.0,1.0,5.0
5511,551102,24.0,21.0,28.0,M,False,False,False,False,False,True,5.0,2.0,1.0
5511,551103,21.0,18.0,24.0,F,False,False,False,False,False,True,5.0,2.0,1.0
5511,551104,22.0,20.0,25.0,M,False,False,False,False,False,True,5.0,2.0,1.0
5512,551201,7.0,7.0,,M,True,False,False,False,False,False,2.0,1.0,5.0
5512,551202,50.0,50.0,,F,False,False,False,False,True,False,3.0,2.0,4.0
5512,551203,3.0,3.0,,M,True,False,False,False,False,False,1.0,1.0,4.0
5512,551204,30.0,30.0,,F,True,False,False,False,False,False,1.0,2.0,5.0
5512,551205,36.0,36.0,,F,True,False,False,False,False,False,1.0,2.0,4.0
5512,551206,30.0,30.0,,F,True,False,False,False,False,False,2.0,,5.0
5513,551301,7.0,7.0,8.0,F,False,False,False,False,False,True,4.0,1.0,4.0
5513,551302,7.0,7.0,,F,False,False,False,False,False,True,4.0,,2.0
5513,551303,7.0,7.0,8.0,F,False,False,True,False,False,False,3.0,1.0,5.0
5513,551304,7.0,7.0,8.0,M,False,False,False,False,False,True,2.0,2.0,
5513,551305,7.0,7.0,8.0,F,True,False,False,False,False,False,3.0,1.0,4.0
5513,551306,7.0,7.0,8.0,M,False,False,True,False,False,False,2.0,2.0,1.0
5513,551307,17.0,17.0,,F,True,False,False,False,False,False,2.0,2.0,3.0
5513,551308,7.0,7.0,8.0,M,False,False,True,False,False,False,3.0,2.0,3.0
5513,551309,25.0,25.0,,M,False,False,True,False,False,False,3.0,,4.0
5513,551310,7.0,7.0,8.0,M,True,False,False,False,False,False,3.0,2.0,2.0
5513,551311,7.0,7.0,8.0,F,False,False,True,False,False,False,5.0,1.0,3.0
5513,551312,7.0,7.0,8.0,M,False,False,False,False,False,True,3.0,2.0,4.0
5513,551313,7.0,7.0,8.0,F,True,False,False,False,False,False,2.0,1.0,2.0
5513,551314,7.0,7.0,8.0,F,True,False,False,False,False,False,4.0,1.0,2.0
5513,551315,20.0,20.0,,M,False,False,False,False,True,False,2.0,1.0,2.0
5513,551316,9.0,9.0,,F,False,False,True,False,False,False,2.0,2.0,
5513,551317,11.0,11.0,,M,False,False,True,False,False,False,3.0,1.0,3.0
5513,551318,12.0,12.0,,F,False,False,False,False,False,True,4.0,2.0,4.0
5513,551319,7.0,7.0,8.0,M,True,False,False,False,False,False,2.0,2.0,3.0
5513,551320,15.0,15.0,,F,True,False,False,False,False,False,1.0,2.0,4.0
5513,551321,2.0,2.0,,M,False,False,False,False,False,True,1.0,1.0,1.0
5513,551322,34.0,34.0,,F,True,False,False,False,False,False,3.0,2.0,5.0
5513,551323,25.0,25.0,,M,False,False,True,False,False,False,4.0,1.0,1.0
5513,551324,10.0,10.0,,F,False,False,False,False,False,True,5.0,2.0,3.0
5513,551325,30.0,30.0,,M,False,False,True,False,False,False,1.0,1.0,5.0
5513,551326,5.0,5.0,,F,True,False,False,False,False,False,2.0,2.0,1.0
5513,551327,4.0,4.0,,M,False,False,True,False,False,True,3.0,1.0,3.0
5513,551328,9.0,9.0,,F,True,False,False,False,False,False,4.0,2.0,5.0
5513,551329,10.0,10.0,,M,False,False,False,True,False,False,5.0,1.0,5.0
5514,551401,70.0,70.0,,F,False,False,False,False,False,True,2.0,2.0,2.0
5514,551402,82.0,80.0,85.0,F,True,False,False,False,False,False,1.0,2.0,2.0
5514,551403,62.0,60.0,65.0,F,True,False,False,False,False,False,1.0,2.0,2.0
5514,551404,65.0,65.0,,M,True,False,False,False,False,False,1.0,2.0,2.0
5515,551501,42.0,40.0,45.0,F,False,False,False,False,False,True,4.0,2.0,2.0
5515,551502,22.0,20.0,25.0,M,False,False,False,True,False,False,5.0,2.0,1.0
5515,551503,37.0,35.0,40.0,F,False,False,False,False,False,True,1.0,1.0,1.0
5515,551504,35.0,30.0,40.0,F,True,False,False,False,False,False,1.0,2.0,1.0
5521,552101,60.0,60.0,,F,True,False,False,False,False,False,2.0,1.0,5.0
5521,552102,11.0,11.0,,M,True,False,False,False,False,False,2.0,1.0,4.0
5521,552103,75.0,75.0,,M,True,False,False,False,False,False,2.0,2.0,2.0
5521,552104,70.0,70.0,,F,True,False,False,False,False,False,2.0,1.0,4.0
5521,552105,45.0,45.0,,F,False,False,True,False,False,False,4.0,2.0,1.0
5521,552106,40.0,40.0,,M,True,False,False,False,False,False,1.0,1.0,5.0
5521,552107,3.0,3.0,,M,True,False,False,False,False,False,1.0,2.0,5.0
5521,552108,0.0,0.0,,F,True,False,False,False,False,False,1.0,1.0,5.0
5521,552109,40.0,40.0,,F,False,False,True,False,False,False,2.0,2.0,1.0
