var,cat,mse,mae,mape,interval_score,coverage
subgroup,0,0.002105501804721586,0.029630079863379972,12.60546511927897,0.8573138054463183,96.20484682213078
subgroup,1,0.004301767747454162,0.034666081220793454,12.951876862192698,0.9281608923931595,95.6866331351928
subgroup,all,0.0033361230736309953,0.03214808054208671,12.778670990735835,0.8927373489197388,95.94573997866179
all,all,0.0033361230736309953,0.03214808054208671,12.778670990735835,0.8927373489197388,95.94573997866179
