var,cat,mse,mae,mape,interval_score,coverage
subgroup,0,1.9120196555359572,1.0391715351210553,5.652810479881456,574.4754709914273,92.5925925925926
subgroup,1,4.547693687255677,1.2861207119808606,5.98533968046915,499.5633419327313,95.06172839506173
subgroup,all,1.7201011661408008,1.162646123550958,5.819075080175302,537.0194064620794,93.82716049382715
all,all,1.7201011661408008,1.162646123550958,5.819075080175302,537.0194064620794,93.82716049382715
